tipo;situacao;data;hora;bairro;endereco;numero;complemento;natureza;descricao;auto;moto;ciclom;ciclista;pedestre;onibus;caminhao;viatura;outros;vitimas;natureza_acidente;detalhe_endereco_acidente;endereco_cruzamento;numero_cruzamento;referencia_cruzamento;bairro_cruzamento;vitimasfatais;DATA;num_semaforo;sentido_via;acidente_verificado;tempo_clima;situacao_semaforo;sinalizacao;condicao_via;conservacao_via;ponto_controle;situacao_placa;velocidade_max_via;mao_direcao;divisao_via1;divisao_via2;divisao_via3;Protocolo
COLISÃO;FINALIZADA;2016-10-21;11:12:00;BOA VISTA;RUA DA AURORA;;E/F A ASSEMBLEIA LEGISLATIVA, SEMÁFORO Nº 429;;COM UMA VÍTIMA. COLISÃO ENTRE AUTO E BICICLETA.;1.0;;;1.0;;;;;;1.0;COM VÍTIMA;;RUA DA AURORA;0;E/F A ASSEMBLEIA LEGISLATIVA, SEMÁFORO Nº 429;BOA VISTA;;;;;;;;;;;;;;;;;;
ATROPELAMENTO;FINALIZADA;2016-10-21;18:41:00;PINA;AV REPUBLICA ARABE UNIDA;;ENFR A COMPESA PROX O ENCANTA MOÇA;;ONIBUS E CICLISTA;;;;1.0;1.0;1.0;;;;1.0;COM VÍTIMA;;AV REPUBLICA ARABE UNIDA;0;ENFR A COMPESA PROX O ENCANTA MOÇA;PINA;;;;;;;;;;;;;;;;;;
COLISÃO COM CICLISTA;FINALIZADA;2016-10-24;13:09:00;ROSARINHO;RUA GENERAL ABREU E LIMA;70;EDF BAIA DE NICE;;;;;;1.0;;;1.0;;;0.0;SEM VÍTIMA;;RUA GENERAL ABREU E LIMA;70;EDF BAIA DE NICE;ROSARINHO;;;;;;;;;;;;;;;;;;
COLISÃO COM CICLISTA;FINALIZADA;2016-10-25;13:52:00;PINA;AV ENGENHEIRO DOMINGOS FERREIRA;604;EM FRENTE DO CLINICAL CENTER E A PROCURADORIA GERAL NA UNIÃO;;AUTO E CICLISTA;1.0;;;1.0;;;;;;1.0;COM VÍTIMA;;AV ENGENHEIRO DOMINGOS FERREIRA;604;EM FRENTE DO CLINICAL CENTER E A PROCURADORIA GERAL NA UNIÃO;PINA;;;;;;;;;;;;;;;;;;
COLISÃO;FINALIZADA;2016-11-01;08:04:00;MANGABEIRA;AV NORTE;XX;RUA GENERAL ABREU E LIMA, APÓS O ARMAZEM CORAL, SENTIDO CENTRO;;COLISÃO ENTRE CAMINHÃO E CICLISTA, COM DUAS VÍTIMAS;;;;2.0;;;1.0;;;2.0;COM VÍTIMA;;AV NORTE;XX;RUA GENERAL ABREU E LIMA, APÓS O ARMAZEM CORAL, SENTIDO CENTRO;MANGABEIRA;;;;;;;;;;;;;;;;;;
COLISÃO COM CICLISTA;FINALIZADA;2016-11-11;14:16:00;CAMPO GRANDE;RUA PRUDENTE DE MORAES;;NA ESQUINA DO POSTO TOTAL;;COLISAO ENTRE AUTO E CICLISTA;1.0;;;1.0;;;;;;1.0;COM VÍTIMA;;RUA PRUDENTE DE MORAES;0;NA ESQUINA DO POSTO TOTAL;CAMPO GRANDE;;;;;;;;;;;;;;;;;;
COLISÃO;FINALIZADA;2016-11-12;11:24:00;CORDEIRO;RUA DR JOAO LACERDA;144;NA RUA DO DHPP;;COLISÃO COM VITIMA ENTRE CICLISTA E MOTO;1.0;;;1.0;;;;;;1.0;COM VÍTIMA;;RUA DR JOAO LACERDA;144;NA RUA DO DHPP;CORDEIRO;;;;;;;;;;;;;;;;;;
COLISÃO;FINALIZADA;2016-11-14;18:37:00;TAMARINEIRA;AV PROFESSOR JOSE DOS ANJOS;;ESQUINA COM ESTR DE AGUA FRIA NA BEIRA DO CANAL;;DOIS AUTO E UM CICLISTA;2.0;;;1.0;;;;;;1.0;COM VÍTIMA;;AV PROFESSOR JOSE DOS ANJOS;0;ESQUINA COM ESTR DE AGUA FRIA NA BEIRA DO CANAL;TAMARINEIRA;;;;;;;;;;;;;;;;;;
COLISÃO COM CICLISTA;FINALIZADA;2016-11-20;15:56:00;PINA;AV ANTONIO DE GOES;;EM FRENTE À PRF;;;;1.0;;1.0;;;;;;2.0;COM VÍTIMA;;AV ANTONIO DE GOES;0;EM FRENTE À PRF;PINA;;;;;;;;;;;;;;;;;;
COLISÃO COM CICLISTA;FINALIZADA;2016-11-22;23:24:00;GRAÇAS;RUA AMELIA;498;POR TRAS DO COLEGIO AGNES, EM FRENTE CACHAÇARIA TRADIÇAO;;AUTO E CICLISTA;1.0;;;1.0;;;;;;1.0;COM VÍTIMA;;RUA AMELIA;498;POR TRAS DO COLEGIO AGNES, EM FRENTE CACHAÇARIA TRADIÇAO;GRAÇAS;;;;;;;;;;;;;;;;;;
COLISÃO COM CICLISTA;FINALIZADA;2016-11-23;07:17:00;CORDEIRO;AV CAXANGA;;SENTIDO CIDADE EM FRENTE AO ARCO IRIS;;VITIMA SOCORRIDA PELO SAMU;;1.0;;1.0;;;;;;2.0;COM VÍTIMA;;AV CAXANGA;0;SENTIDO CIDADE EM FRENTE AO ARCO IRIS;CORDEIRO;;;;;;;;;;;;;;;;;;
COLISÃO COM CICLISTA;FINALIZADA;2016-11-24;10:23:00;TORRÕES;AV ENGENHEIRO ABDIAS DE CARVALHO;;APOS A UPA;;CICLISTA E CAMINHÃO;1.0;;;1.0;;;;;;;VÍTIMA FATAL;;AV ENGENHEIRO ABDIAS DE CARVALHO;0;APOS A UPA;TORRÕES;1.0;;;;;;;;;;;;;;;;;
COLISÃO;FINALIZADA;2016-11-25;06:53:00;TORRÕES;AV ENGENHEIRO ABDIAS DE CARVALHO;;AO LADO DO RESTAURANTE YOKI;;COL.C/V SET.CD;1.0;1.0;;1.0;;;;;;2.0;COM VÍTIMA;;AV ENGENHEIRO ABDIAS DE CARVALHO;0;AO LADO DO RESTAURANTE YOKI;TORRÕES;;;;;;;;;;;;;;;;;;
COLISÃO COM CICLISTA;FINALIZADA;2016-11-27;16:41:00;ENCRUZILHADA;AV NORTE;;CRUZAMENTO COM A JOAO DE BARRO;;ONIBUS GLOBO E CICLISTA;;;;1.0;;1.0;;;;1.0;COM VÍTIMA;;AV NORTE;0;CRUZAMENTO COM A JOAO DE BARRO;ENCRUZILHADA;;;;;;;;;;;;;;;;;;
COLISÃO COM CICLISTA;FINALIZADA;2016-11-28;12:06:00;BOA VISTA;AV CONDE DA BOA VISTA;XX;EM FRENTE DA CAIXA ECONIMICA;;AUTO E CICLISTA;1.0;;;1.0;;;;;;1.0;COM VÍTIMA;;AV CONDE DA BOA VISTA;XX;EM FRENTE DA CAIXA ECONIMICA;BOA VISTA;;;;;;;;;;;;;;;;;;
COLISÃO COM CICLISTA;FINALIZADA;2016-11-28;12:31:00;TORRE;AV BEIRA RIO;855;EM FRENTE A ACADEMIA DA CIDADE, NO SEMAFORO 077;;AUTO E CICLISTA;1.0;;;1.0;;;;;;1.0;COM VÍTIMA;;AV BEIRA RIO;855;EM FRENTE A ACADEMIA DA CIDADE, NO SEMAFORO 077;TORRE;;;;;;;;;;;;;;;;;;
COLISÃO COM CICLISTA;CANCELADA;2016-11-29;22:09:00;ENCRUZILHADA;AV BEBERIBE;565;PROX. A ACADEMIA YES, SENTIDO ARRUDA;;MOTO E CICLISTA;;1.0;;1.0;;;;;;3.0;COM VÍTIMA;;AV BEBERIBE;565;PROX. A ACADEMIA YES, SENTIDO ARRUDA;ENCRUZILHADA;;;;;;;;;;;;;;;;;;
COLISÃO COM CICLISTA;FINALIZADA;2016-12-01;17:06:00;SANTO AMARO;AV NORTE;;EM FRENTE AO CENTRO DE JUVENTUDE;;;1.0;;;1.0;;;;;;1.0;COM VÍTIMA;;AV NORTE;0;EM FRENTE AO CENTRO DE JUVENTUDE;SANTO AMARO;;;;;;;;;;;;;;;;;;
COLISÃO COM CICLISTA;FINALIZADA;2016-12-03;03:14:00;SANTO AMARO;AV GOVERNADOR AGAMENON MAGALHAES;;APÓS O VIADUTO DA AV NORTE // SENTIDO OLINDA // SEMÁFORO 378;;ATROPELAMENTO DE UM CICLISTA;1.0;;;1.0;;;;;;1.0;COM VÍTIMA;;AV GOVERNADOR AGAMENON MAGALHAES;0;APÓS O VIADUTO DA AV NORTE // SENTIDO OLINDA // SEMÁFORO 378;SANTO AMARO;;;;;;;;;;;;;;;;;;
COLISÃO COM CICLISTA;FINALIZADA;2016-12-13;21:05:00;CASA AMARELA;RUA BELA VISTA;;EM FRENTE DO SITIO DA TRINDADE E PIZZARIA CANDELABRO;;ONIBUS E CICLISTA;;;;1.0;;1.0;;;;1.0;COM VÍTIMA;;RUA BELA VISTA;0;EM FRENTE DO SITIO DA TRINDADE E PIZZARIA CANDELABRO;CASA AMARELA;;;;;;;;;;;;;;;;;;
COLISÃO COM CICLISTA;FINALIZADA;2016-12-21;13:15:00;IMBIRIBEIRA;AV MARECHAL MASCARENHAS DE MORAES;;SENT AEROPORTO - E/F NISSAN;;ATROPELAMENTO DE CICLISTA;1.0;;;1.0;;;;;;1.0;COM VÍTIMA;;AV MARECHAL MASCARENHAS DE MORAES;0;SENT AEROPORTO - E/F NISSAN;IMBIRIBEIRA;;;;;;;;;;;;;;;;;;
COLISÃO COM CICLISTA;FINALIZADA;2016-12-22;21:33:00;IMBIRIBEIRA;AV MARECHAL MASCARENHAS DE MORAES;;PX A PONTE MOTOCOLOMBO;;COLISAO DE AUTO COM CICLISTA;1.0;;;1.0;;;;;;0.0;SEM VÍTIMA;;AV MARECHAL MASCARENHAS DE MORAES;0;PX A PONTE MOTOCOLOMBO;IMBIRIBEIRA;;;;;;;;;;;;;;;;;;
COLISÃO COM CICLISTA;FINALIZADA;2016-12-23;10:10:00;AREIAS;AV RECIFE;XX;ANTES AO ACESSO DO IBURA, SENTIDO BOA VIAGEM;;ATROPELAMENTO ENTRE CARRETA E CICLISTA. VÍTIMA NÃO QUER ATENDIMENTO MÉDICO;;;;1.0;;;1.0;;;1.0;COM VÍTIMA;;AV RECIFE;XX;ANTES AO ACESSO DO IBURA, SENTIDO BOA VIAGEM;AREIAS;;;;;;;;;;;;;;;;;;
COLISÃO COM CICLISTA;FINALIZADA;2016-12-28;08:52:00;IPSEP;RUA JEAN EMILE FAVRE;521;EM FRENTE DA FACULDADE BOA VIAGEM;;AUTO E CICLISTA;1.0;;;1.0;;;;;;1.0;COM VÍTIMA;;RUA JEAN EMILE FAVRE;521;EM FRENTE DA FACULDADE BOA VIAGEM;IPSEP;;;;;;;;;;;;;;;;;;
COLISÃO;FINALIZADA;2017-01-02;09:26:00;CAMPO GRANDE;RUA JERONIMO VILELA;;NO SEMAFORO Nº282;;;;;;1.0;;1.0;;;;1.0;COM VÍTIMA;;RUA JERONIMO VILELA;0;NO SEMAFORO Nº282;CAMPO GRANDE;;;;;;;;;;;;;;;;;;
COLISÃO COM CICLISTA;FINALIZADA;2017-01-03;15:27:00;SÃO JOSÉ;RUA IMPERIAL;363;SEMAFORO 414;;;1.0;;;1.0;;;;;;1.0;COM VÍTIMA;;RUA IMPERIAL;363;SEMAFORO 414;SÃO JOSÉ;;;;;;;;;;;;;;;;;;
COLISÃO COM CICLISTA;FINALIZADA;2017-01-10;07:39:00;IMBIRIBEIRA;AV MARECHAL MASCARENHAS DE MORAES;1854;E/F AO POSTO BR. SSEMÁFORO Nº 288;;;;;;1.0;;;;;;1.0;COM VÍTIMA;;AV MARECHAL MASCARENHAS DE MORAES;1854;E/F AO POSTO BR. SSEMÁFORO Nº 288;IMBIRIBEIRA;;;;;;;;;;;;;;;;;;
COLISÃO COM CICLISTA;FINALIZADA;2017-01-10;14:03:00;ÁGUA FRIA;AV BEBERIBE;2715;NA ENTRADA DO FUNDAO , PROX. A COMPESA;;;;;;1.0;;1.0;;;;;VÍTIMA FATAL;;AV BEBERIBE;2715;NA ENTRADA DO FUNDAO , PROX. A COMPESA;ÁGUA FRIA;1.0;;;;;;;;;;;;;;;;;
COLISÃO COM CICLISTA;FINALIZADA;2017-01-13;17:11:00;BOA VIAGEM;AV ENGENHEIRO DOMINGOS FERREIRA;;CRUZ COM ANTONIO FALCÃO;;;1.0;;;1.0;;;;;;1.0;COM VÍTIMA;;AV ENGENHEIRO DOMINGOS FERREIRA;0;CRUZ COM ANTONIO FALCÃO;BOA VIAGEM;;;;;;;;;;;;;;;;;;
COLISÃO;FINALIZADA;2017-01-14;09:37:00;BOA VIAGEM;AV CONSELHEIRO AGUIAR;2154;AO LADO DA PADARIA DIPLOMATA;;;2.0;;;1.0;;;;;;0.0;SEM VÍTIMA;;AV CONSELHEIRO AGUIAR;2154;AO LADO DA PADARIA DIPLOMATA;BOA VIAGEM;;;;;;;;;;;;;;;;;;
COLISÃO;FINALIZADA;2017-01-17;10:41:00;ESPINHEIRO;AV GOVERNADOR AGAMENON MAGALHAES;XX;RUA BUENOS AIRES, SENTIDO BOA VIAGEM;;;1.0;;;1.0;;;;;;1.0;COM VÍTIMA;;AV GOVERNADOR AGAMENON MAGALHAES;XX;RUA BUENOS AIRES, SENTIDO BOA VIAGEM;ESPINHEIRO;;;;;;;;;;;;;;;;;;
COLISÃO COM CICLISTA;FINALIZADA;2017-01-20;19:17:00;BOA VIAGEM;RUA BARAO DE SOUZA LEAO;;POSTO PETROBRAS;;;1.0;;;1.0;;;;;;0.0;SEM VÍTIMA;;RUA BARAO DE SOUZA LEAO;0;POSTO PETROBRAS;BOA VIAGEM;;;;;;;;;;;;;;;;;;
COLISÃO;CANCELADA;2017-01-28;17:56:00;IMBIRIBEIRA;AV MARECHAL MASCARENHAS DE MORAES;;E/F A AUTOLINE HONDA // PROX A FACULDADE UNIVERSO // PROX AO POSTO PETROCAL // SEMÁFORO 288;;;1.0;;;1.0;;;;;;1.0;COM VÍTIMA;;AV MARECHAL MASCARENHAS DE MORAES;0;E/F A AUTOLINE HONDA // PROX A FACULDADE UNIVERSO // PROX AO POSTO PETROCAL // SEMÁFORO 288;IMBIRIBEIRA;;;;;;;;;;;;;;;;;;
COLISÃO COM CICLISTA;FINALIZADA;2017-01-30;07:58:00;BONGI;AV ENGENHEIRO ABDIAS DE CARVALHO;XX;LADO OPOSTO DA PRAÇA DA CHESF, SENTIDO SUBÚRBIO;;;;;;1.0;;;1.0;;;1.0;COM VÍTIMA;;AV ENGENHEIRO ABDIAS DE CARVALHO;XX;LADO OPOSTO DA PRAÇA DA CHESF, SENTIDO SUBÚRBIO;BONGI;;;;;;;;;;;;;;;;;;
COLISÃO COM CICLISTA;FINALIZADA;2017-02-07;17:10:00;ILHA DO RETIRO;RUA SPORT CLUBE DO RECIFE;;E/F AO SPORT CLUBE RECIFE - SENT CID - PX AO GIRADOURO;;;1.0;;;1.0;;1.0;;;;1.0;COM VÍTIMA;;RUA SPORT CLUBE DO RECIFE;0;E/F AO SPORT CLUBE RECIFE - SENT CID - PX AO GIRADOURO;ILHA DO RETIRO;;;;;;;;;;;;;;;;;;
COLISÃO COM CICLISTA;FINALIZADA;2017-02-09;10:38:00;CORDEIRO;EST DO FORTE DO ARRAIAL N. DO B. JESUS;164;EM FRENTE DA CADEMIA GIL SAN;;;;1.0;;1.0;;;;;;1.0;COM VÍTIMA;;EST DO FORTE DO ARRAIAL N. DO B. JESUS;164;EM FRENTE DA CADEMIA GIL SAN;CORDEIRO;;;;;;;;;;;;;;;;;;
COLISÃO COM CICLISTA;FINALIZADA;2017-02-09;12:24:00;IPUTINGA;RUA SAO MATEUS;;EM FRENTE AOS CORREIOS, PROX. AO DETRAN;;;1.0;;;1.0;;;;;;1.0;COM VÍTIMA;;RUA SAO MATEUS;0;EM FRENTE AOS CORREIOS, PROX. AO DETRAN;IPUTINGA;;;;;;;;;;;;;;;;;;
COLISÃO COM CICLISTA;FINALIZADA;2017-02-10;08:44:00;IPUTINGA;AV CAXANGA;;AO LADO DA CONCESSIONARIA CHEVROLET EM BAIXO DO SEMAFORO 260;;;;1.0;;1.0;;;;;;1.0;COM VÍTIMA;;AV CAXANGA;0;AO LADO DA CONCESSIONARIA CHEVROLET EM BAIXO DO SEMAFORO 260;IPUTINGA;;;;;;;;;;;;;;;;;;
COLISÃO COM CICLISTA;FINALIZADA;2017-02-14;08:02:00;SANTO ANTÔNIO;PTE PRINCESA IZABEL;;NA DESCIDA DA PONTE, E/F AO TEATRO SANTA ISABEL;;;;;;1.0;;1.0;;;;1.0;COM VÍTIMA;;PTE PRINCESA IZABEL;0;NA DESCIDA DA PONTE, E/F AO TEATRO SANTA ISABEL;SANTO ANTÔNIO;;;;;;;;;;;;;;;;;;
COLISÃO COM CICLISTA;FINALIZADA;2017-02-16;20:05:00;CASA FORTE;RUA AFONSO DE ALBUQUERQUE MELO;60;POR TRAS DO HIPER DE CASA FORTE ED CRISTIANO;;;;1.0;;1.0;;;;;;1.0;COM VÍTIMA;;RUA AFONSO DE ALBUQUERQUE MELO;60;POR TRAS DO HIPER DE CASA FORTE ED CRISTIANO;CASA FORTE;;;;;;;;;;;;;;;;;;
COLISÃO COM CICLISTA;FINALIZADA;2017-02-22;17:20:00;MADALENA;RUA REAL DA TORRE;;EM FRENTE AO COLEGIO JOAQUIM TAVORA;;;;;;1.0;;1.0;;;;1.0;COM VÍTIMA;;RUA REAL DA TORRE;0;EM FRENTE AO COLEGIO JOAQUIM TAVORA;MADALENA;;;;;;;;;;;;;;;;;;
COLISÃO COM CICLISTA;CANCELADA;2017-03-02;16:20:00;BOA VIAGEM;RUA PADRE CARAPUCEIRO;;NO SEMÁFORO 321;;;2.0;;;1.0;;;;;;0.0;SEM VÍTIMA;;RUA PADRE CARAPUCEIRO;0;NO SEMÁFORO 321;BOA VIAGEM;;;;;;;;;;;;;;;;;;
COLISÃO COM CICLISTA;FINALIZADA;2017-03-05;14:50:00;BOA VIAGEM;AV ENGENHEIRO DOMINGOS FERREIRA;;CRUZ COM A BRUNO VELOSO APOS O LAÇA BURGUE;;;1.0;;;1.0;;;;;;1.0;COM VÍTIMA;;AV ENGENHEIRO DOMINGOS FERREIRA;0;CRUZ COM A BRUNO VELOSO APOS O LAÇA BURGUE;BOA VIAGEM;;;;;;;;;;;;;;;;;;
COLISÃO COM CICLISTA;FINALIZADA;2017-03-06;19:47:00;AFOGADOS;RUA SAO MIGUEL;;E/F AO CORREIOS POSTO IPIRANGA E BANCO DO BRASIL;;;;1.0;;1.0;;;;;;1.0;COM VÍTIMA;;RUA SAO MIGUEL;0;E/F AO CORREIOS POSTO IPIRANGA E BANCO DO BRASIL;AFOGADOS;;;;;;;;;;;;;;;;;;
COLISÃO COM CICLISTA;FINALIZADA;2017-03-08;08:24:00;IBURA;AV RECIFE;;EM FRENTE AO PONTO AUTO;;;;1.0;;1.0;;;;;;1.0;COM VÍTIMA;;AV RECIFE;0;EM FRENTE AO PONTO AUTO;IBURA;;;;;;;;;;;;;;;;;;
COLISÃO COM CICLISTA;FINALIZADA;2017-03-08;22:04:00;BOA VISTA;AV CONDE DA BOA VISTA;;RUA DA AURORA;;;;;;1.0;;1.0;;;;1.0;COM VÍTIMA;;AV CONDE DA BOA VISTA;0;RUA DA AURORA;BOA VISTA;;;;;;;;;;;;;;;;;;
COLISÃO COM CICLISTA;CANCELADA;2017-03-10;12:48:00;PORTO DA MADEIRA;RUA DALVA DE OLIVEIRA;119;E/F AO SESI;;;1.0;;;1.0;;;;;;0.0;SEM VÍTIMA;;RUA DALVA DE OLIVEIRA;119;E/F AO SESI;PORTO DA MADEIRA;;;;;;;;;;;;;;;;;;
COLISÃO;FINALIZADA;2017-03-10;13:22:00;VÁRZEA;RUA MARIO CAMPELO;;CRUZAMENTO DA INSTITUTO BRENAN;;;1.0;1.0;;1.0;;;;;;1.0;COM VÍTIMA;;RUA MARIO CAMPELO;0;CRUZAMENTO DA INSTITUTO BRENAN;VÁRZEA;;;;;;;;;;;;;;;;;;
COLISÃO;FINALIZADA;2017-03-11;20:38:00;JOANA BEZERRA;VIADUTO CAPITAO TEMUDO;S/N;SENTIDO OLINDA/BOA VIAGEM;;;;1.0;;1.0;;;;;;2.0;COM VÍTIMA;;VIADUTO CAPITAO TEMUDO;S/N;SENTIDO OLINDA/BOA VIAGEM;JOANA BEZERRA;;;;;;;;;;;;;;;;;;
ATROPELAMENTO;FINALIZADA;2017-03-14;12:40:00;SANTO AMARO;AV NORTE;;AV CRUZ CABUGA;;;1.0;;;2.0;1.0;;;;;3.0;COM VÍTIMA;;AV NORTE;0;AV CRUZ CABUGA;SANTO AMARO;;;;;;;;;;;;;;;;;;
COLISÃO COM CICLISTA;FINALIZADA;2017-03-14;13:25:00;BOA VIAGEM;RUA DES JOAO PAES;;NO SEMÁFORO 567;;;;;;1.0;;1.0;;;;1.0;COM VÍTIMA;;RUA DES JOAO PAES;0;NO SEMÁFORO 567;BOA VIAGEM;;;;;;;;;;;;;;;;;;
COLISÃO COM CICLISTA;FINALIZADA;2017-03-19;10:36:00;BOA VIAGEM;RUA ARTUR MUNIZ;;AO LADO DO EXTRA;;;;;;1.0;;1.0;;;;1.0;COM VÍTIMA;;RUA ARTUR MUNIZ;0;AO LADO DO EXTRA;BOA VIAGEM;;;;;;;;;;;;;;;;;;
COLISÃO COM CICLISTA;FINALIZADA;2017-03-20;18:58:00;ENCRUZILHADA;AV NORTE;;E/F AO EXTRABOM // SENT MACAXEIRA // PROX AO CORREIOS;;;;;;1.0;;1.0;;;;1.0;COM VÍTIMA;;AV NORTE;0;E/F AO EXTRABOM // SENT MACAXEIRA // PROX AO CORREIOS;ENCRUZILHADA;;;;;;;;;;;;;;;;;;
COLISÃO COM CICLISTA;FINALIZADA;2017-03-23;;TORRE;RUA REAL DA TORRE;;COM A RUA DONA IZABEL DE BARROS EM FRENTE AO POSTO SHELL;;;1.0;;;1.0;;;;;;0.0;SEM VÍTIMA;;RUA REAL DA TORRE;0;COM A RUA DONA IZABEL DE BARROS EM FRENTE AO POSTO SHELL;TORRE;;;;;;;;;;;;;;;;;;
COLISÃO;FINALIZADA;2017-03-27;08:24:00;IMBIRIBEIRA;AV MARECHAL MASCARENHAS DE MORAES;;SEMAFORO 289;;;2.0;;;1.0;;;;;;0.0;SEM VÍTIMA;;AV MARECHAL MASCARENHAS DE MORAES;0;SEMAFORO 289;IMBIRIBEIRA;;;;;;;;;;;;;;;;;;
COLISÃO;CANCELADA;2017-03-27;17:40:00;IPUTINGA;RUA LEAL DE BARROS;36;EM FRENTE A FARMACIA DO TRABALHADOR;;;2.0;;;1.0;;;;;;0.0;SEM VÍTIMA;;RUA LEAL DE BARROS;36;EM FRENTE A FARMACIA DO TRABALHADOR;IPUTINGA;;;;;;;;;;;;;;;;;;
COLISÃO COM CICLISTA;FINALIZADA;2017-03-29;08:07:00;ENCRUZILHADA;AV BEBERIBE;530;DUZENTOS METROS DA FARMACIA DO ESTADO,SENT/CIDADE;;;;;;1.0;;1.0;;;;1.0;COM VÍTIMA;;AV BEBERIBE;530;DUZENTOS METROS DA FARMACIA DO ESTADO,SENT/CIDADE;ENCRUZILHADA;;;;;;;;;;;;;;;;;;
COLISÃO COM CICLISTA;FINALIZADA;2017-03-31;08:03:00;CASA AMARELA;AV NORTE;;ENTRADA DO CORREGO DO BARTOLOMEL;;;;;;1.0;;;1.0;;;1.0;COM VÍTIMA;;AV NORTE;0;ENTRADA DO CORREGO DO BARTOLOMEL;CASA AMARELA;;;;;;;;;;;;;;;;;;
COLISÃO;CANCELADA;2017-03-31;08:06:00;PARNAMIRIM;RUA SEBASTIAO MALTA ARCOVERDE;;EM FRENTE A PRAÇA DO PARNAMIRIM;;;2.0;;;1.0;;;;;;0.0;SEM VÍTIMA;;RUA SEBASTIAO MALTA ARCOVERDE;0;EM FRENTE A PRAÇA DO PARNAMIRIM;PARNAMIRIM;;;;;;;;;;;;;;;;;;
COLISÃO COM CICLISTA;FINALIZADA;2017-04-06;09:29:00;TORRE;RUA REAL DA TORRE;;E/F AO ATACADO DOS PRESENTES, SENTIDO AFOGADOS;;;;;;1.0;;1.0;;;;1.0;COM VÍTIMA;;RUA REAL DA TORRE;0;E/F AO ATACADO DOS PRESENTES, SENTIDO AFOGADOS;TORRE;;;;;;;;;;;;;;;;;;
ATROPELAMENTO;FINALIZADA;2017-04-06;19:01:00;SANTO AMARO;RUA GERVASIO PIRES;;CRUZAMENTO COM A RUA DOS PALMARES;;;1.0;;;1.0;;;;;;0.0;COM VÍTIMA;;RUA GERVASIO PIRES;0;CRUZAMENTO COM A RUA DOS PALMARES;SANTO AMARO;;;;;;;;;;;;;;;;;;
COLISÃO COM CICLISTA;FINALIZADA;2017-04-08;20:23:00;AFOGADOS;EST DO BONGI;52;PROX A FIORI MOTOS // PROX A FACULDADE NOVA ROMA;;;;1.0;;1.0;;;;;;1.0;COM VÍTIMA;;EST DO BONGI;52;PROX A FIORI MOTOS // PROX A FACULDADE NOVA ROMA;AFOGADOS;;;;;;;;;;;;;;;;;;
COLISÃO COM CICLISTA;FINALIZADA;2017-04-13;19:16:00;SANTO AMARO;AV NORTE;;SEMAFORO 397 SENTIDO MACAXEIRA;;;1.0;1.0;;1.0;1.0;;;;;2.0;COM VÍTIMA;;AV NORTE;0;SEMAFORO 397 SENTIDO MACAXEIRA;SANTO AMARO;;;;;;;;;;;;;;;;;;
COLISÃO COM CICLISTA;FINALIZADA;2017-04-20;11:23:00;DOIS IRMÃOS;RUA MANUEL DE MEDEIROS;;ENTRADA DO SITIO DOS PINTOS.EM FRENTE A MM MERCERIA,SENT/ CAMARAGIBE;;;1.0;;;1.0;;;;;;1.0;COM VÍTIMA;;RUA MANUEL DE MEDEIROS;0;ENTRADA DO SITIO DOS PINTOS.EM FRENTE A MM MERCERIA,SENT/ CAMARAGIBE;DOIS IRMÃOS;;;;;;;;;;;;;;;;;;
COLISÃO COM CICLISTA;FINALIZADA;2017-04-20;12:06:00;BEBERIBE;PRC DA CONVENCAO;;EM FRNTE A FARMACIA BIG BEN;;;1.0;;;1.0;;;;;;0.0;SEM VÍTIMA;;PRC DA CONVENCAO;0;EM FRNTE A FARMACIA BIG BEN;BEBERIBE;;;;;;;;;;;;;;;;;;
COLISÃO COM CICLISTA;FINALIZADA;2017-04-22;16:21:00;CAJUEIRO;AV CIDADE DE MONTEIRO;;PROX. AO ARMAZEM CORAL, EM CIMA DA PONTE;;;1.0;;;1.0;;;;;;1.0;COM VÍTIMA;;AV CIDADE DE MONTEIRO;0;PROX. AO ARMAZEM CORAL, EM CIMA DA PONTE;CAJUEIRO;;;;;;;;;;;;;;;;;;
COLISÃO COM CICLISTA;FINALIZADA;2017-04-25;08:57:00;CAXANGÁ;AV CAXANGA;;ELEVADO BRT;;;;;;1.0;;;1.0;;;1.0;COM VÍTIMA;;AV CAXANGA;0;ELEVADO BRT;CAXANGÁ;;;;;;;;;;;;;;;;;;
COLISÃO COM CICLISTA;FINALIZADA;2017-04-27;14:10:00;BOA VISTA;RUA AURORA;;E/F AO CINEMA SAO LUIZ;;;1.0;1.0;;1.0;;;;;;0.0;SEM VÍTIMA;;RUA AURORA;0;E/F AO CINEMA SAO LUIZ;BOA VISTA;;;;;;;;;;;;;;;;;;
COLISÃO COM CICLISTA;FINALIZADA;2017-05-02;14:47:00;BOA VISTA;AV CONDE DA BOA VISTA;;SENTIDO AV GUARARAPES EM FRENTE A IGREJA BATISTA;;;1.0;;;1.0;;;;;;1.0;COM VÍTIMA;;AV CONDE DA BOA VISTA;;SENTIDO AV GUARARAPES EM FRENTE A IGREJA BATISTA;BOA VISTA;;;;;;;;;;;;;;;;;;
COLISÃO COM CICLISTA;FINALIZADA;2017-05-03;17:36:00;MADALENA;RUA BENFICA;;NO CRUZAMENTO COM ESTRADA DOS REMEDIOS;;;1.0;;;1.0;;;;;;1.0;COM VÍTIMA;;RUA BENFICA;;NO CRUZAMENTO COM ESTRADA DOS REMEDIOS;MADALENA;;;;;;;;;;;;;;;;;;
COLISÃO COM CICLISTA;CANCELADA;2017-05-14;19:03:00;BARRO;RUA CAPITAO PONCIANO;268;AO LADO DA PRAÇA DO MORAMA;;;;;;1.0;;;;;;1.0;COM VÍTIMA;;RUA CAPITAO PONCIANO;268;AO LADO DA PRAÇA DO MORAMA;BARRO;;;;;;;;;;;;;;;;;;