tipo;situacao;data;hora;bairro;endereco;numero;complemento;natureza;descricao;auto;moto;ciclom;ciclista;pedestre;onibus;caminhao;viatura;outros;vitimas;natureza_acidente;detalhe_endereco_acidente;endereco_cruzamento;numero_cruzamento;referencia_cruzamento;bairro_cruzamento;vitimasfatais;DATA;num_semaforo;sentido_via;acidente_verificado;tempo_clima;situacao_semaforo;sinalizacao;condicao_via;conservacao_via;ponto_controle;situacao_placa;velocidade_max_via;mao_direcao;divisao_via1;divisao_via2;divisao_via3;Protocolo
COLISÃO COM CICLISTA;FINALIZADA;2017-05-20;20:25:00;BARRO;RUA EXP SEBASTIAO CLEMENTINO;86;PROX O CAMPO DO MORAMA, PROX DA PRAÇA NOSSO SENHORA DE LOURDES;;;1.0;;;1.0;;;;;;1.0;COM VÍTIMA;;RUA EXP SEBASTIAO CLEMENTINO;86;PROX O CAMPO DO MORAMA, PROX DA PRAÇA NOSSO SENHORA DE LOURDES;BARRO;;;;;;;;;;;;;;;;;;
COLISÃO COM CICLISTA;FINALIZADA;2017-05-21;16:00:00;BRASÍLIA TEIMOSA;AV BRASILIA FORMOSA;;PROXIMO A POSTO DE BOMBEIRO DA BRASILIA TEIMOSA ISSO FICA NA ANTIGA RUA K QUE HJ É CHAMADA FORA Q;;;;1.0;;1.0;;;;;;1.0;COM VÍTIMA;;AV BRASILIA FORMOSA;;PROXIMO A POSTO DE BOMBEIRO DA BRASILIA TEIMOSA ISSO FICA NA ANTIGA RUA K QUE HJ É CHAMADA FORA Q;BRASÍLIA TEIMOSA;;;;;;;;;;;;;;;;;;
COLISÃO COM CICLISTA;CANCELADA;2017-05-22;18:50:00;BOA VIAGEM;RUA ERNESTO DE PAULA SANTOS;;NO CRUZAMENTO DA DOMINGOS FERREIRA COM ERNESTO DE PAULA SANTOS;;;1.0;;;1.0;;;;;;1.0;COM VÍTIMA;;RUA ERNESTO DE PAULA SANTOS;;NO CRUZAMENTO DA DOMINGOS FERREIRA COM ERNESTO DE PAULA SANTOS;BOA VIAGEM;;;;;;;;;;;;;;;;;;
COLISÃO COM CICLISTA;FINALIZADA;2017-05-24;19:31:00;IPSEP;RUA POTENGY;;proximo da praça Mauriceia;;;1.0;;;1.0;;;;;;1.0;COM VÍTIMA;;RUA POTENGY;;proximo da praça Mauriceia;IPSEP;;;;;;;;;;;;;;;;;;
COLISÃO COM CICLISTA;FINALIZADA;2017-05-26;17:05:00;BOA VIAGEM;RUA ANTONIO FALCAO;;CRUZAMENTO COM FRANCISCO DA CUNHA, AO LADO DO CARREFOUR;;;;1.0;;1.0;;;;;;0.0;SEM VÍTIMA;;RUA ANTONIO FALCAO;;CRUZAMENTO COM FRANCISCO DA CUNHA, AO LADO DO CARREFOUR;BOA VIAGEM;;;;;;;;;;;;;;;;;;
COLISÃO COM CICLISTA;FINALIZADA;2017-06-02;09:14:00;IPSEP;RUA JEAN EMILE FAVRE;;EM FRENTE A OFICINA REDE ORIGINAL AUTO PEÇAS SENTIDO IMBIRIBEIRA;;;1.0;;;1.0;;;;;;1.0;COM VÍTIMA;;RUA JEAN EMILE FAVRE;;EM FRENTE A OFICINA REDE ORIGINAL AUTO PEÇAS SENTIDO IMBIRIBEIRA;IPSEP;;;;;;;;;;;;;;;;;;
COLISÃO COM CICLISTA;CANCELADA;2017-06-02;09:16:00;SÃO JOSÉ;;508;E/F A SEDE DO GALO;;;1.0;;;1.0;;;;;;1.0;COM VÍTIMA;;;508;E/F A SEDE DO GALO;SÃO JOSÉ;;;;;;;;;;;;;;;;;;
COLISÃO;FINALIZADA;2017-06-05;08:25:00;ROSARINHO;AV NORTE;SEM 456;RUA 13 DE JUNHO;;;;1.0;;1.0;;;;;;2.0;COM VÍTIMA;;AV NORTE;SEM 456;RUA 13 DE JUNHO;ROSARINHO;;;;;;;;;;;;;;;;;;
COLISÃO COM CICLISTA;CANCELADA;2017-06-06;13:01:00;CAMPO GRANDE;EST DE BELEM;1273;EM FRENTE A RAMAGENS RECEPÇÃO;;;1.0;;;1.0;;;;;;1.0;COM VÍTIMA;;EST DE BELEM;1273;EM FRENTE A RAMAGENS RECEPÇÃO;CAMPO GRANDE;;;;;;;;;;;;;;;;;;
COLISÃO COM CICLISTA;FINALIZADA;2017-06-07;13:03:00;ÁGUA FRIA;RUA DR EUDES COSTA;;EM FRENTE MERCADO PUBLICO DE ÁGUA FRIA;;;;;;1.0;;;1.0;;;1.0;COM VÍTIMA;;RUA DR EUDES COSTA;;EM FRENTE MERCADO PUBLICO DE ÁGUA FRIA;ÁGUA FRIA;;;;;;;;;;;;;;;;;;
COLISÃO COM CICLISTA;FINALIZADA;2017-06-08;20:53:00;BOA VIAGEM;AV ENGENHEIRO DOMINGOS FERREIRA;;NO CRUZAMENTO COM A RUA BRUNO VELOSO // SEMÁFORO 338;;;;1.0;;1.0;;;;;;2.0;COM VÍTIMA;;AV ENGENHEIRO DOMINGOS FERREIRA;;NO CRUZAMENTO COM A RUA BRUNO VELOSO // SEMÁFORO 338;BOA VIAGEM;;;;;;;;;;;;;;;;;;
COLISÃO;CANCELADA;2017-06-13;16:02:00;JORDÃO;RUA RIO XINGU;1680;EM FRENTE AO POSTO DE SAÚDE CIDADE OPERARIA;;;2.0;;;1.0;;;;;;0.0;SEM VÍTIMA;;RUA RIO XINGU;1680;EM FRENTE AO POSTO DE SAÚDE CIDADE OPERARIA;JORDÃO;;;;;;;;;;;;;;;;;;
COLISÃO COM CICLISTA;FINALIZADA;2017-06-16;13:58:00;IMBIRIBEIRA;RUA DR LUIZ CORREA DE OLIVEIRA;168;EM FRENTE A QUADRA DE TENIS;;;1.0;;;1.0;;;;;;1.0;COM VÍTIMA;;RUA DR LUIZ CORREA DE OLIVEIRA;168;EM FRENTE A QUADRA DE TENIS;IMBIRIBEIRA;;;;;;;;;;;;;;;;;;
COLISÃO COM CICLISTA;FINALIZADA;2017-06-16;14:19:00;DERBY;RUA DOM BOSCO;;E/F AO COLEGIO AMERICANO BATISTA;;;;1.0;;1.0;;;;;;1.0;COM VÍTIMA;;RUA DOM BOSCO;;E/F AO COLEGIO AMERICANO BATISTA;DERBY;;;;;;;;;;;;;;;;;;
COLISÃO COM CICLISTA;CANCELADA;2017-06-26;14:28:00;ENCRUZILHADA;RUA AMARO COUTINHO;531;ENTRE A PRAÇA DO ROSARINHO E A PRAÇA DOS CAMINHONEIROS;;;1.0;;;1.0;;;;;;1.0;COM VÍTIMA;;RUA AMARO COUTINHO;531;ENTRE A PRAÇA DO ROSARINHO E A PRAÇA DOS CAMINHONEIROS;ENCRUZILHADA;;;;;;;;;;;;;;;;;;
COLISÃO COM CICLISTA;FINALIZADA;2017-06-26;;SANTO AMARO;AV NORTE;;NO SEMAFORO 397, APOS O PERSONAL CAR;;;1.0;;;1.0;;;;;;1.0;COM VÍTIMA;;AV NORTE;;NO SEMAFORO 397, APOS O PERSONAL CAR;SANTO AMARO;;;;;;;;;;;;;;;;;;
COLISÃO COM CICLISTA;FINALIZADA;2017-07-02;21:16:00;ÁGUA FRIA;AV BEBERIBE;;CRUZAMENTO COM A ESTR VELHA DE ÁGUA FRIA E E/F AO MERCADO PUBLICO NOVO;;;;;;1.0;;1.0;;;;1.0;COM VÍTIMA;;AV BEBERIBE;;CRUZAMENTO COM A ESTR VELHA DE ÁGUA FRIA E E/F AO MERCADO PUBLICO NOVO;ÁGUA FRIA;;;;;;;;;;;;;;;;;;
COLISÃO COM CICLISTA;FINALIZADA;2017-07-05;12:13:00;CAXANGÁ;AV CAXANGA;;SENTIDO SUBURBIO CIDADE EM FRENTE A DISNOVE;;;;1.0;;1.0;;;;;;1.0;COM VÍTIMA;;AV CAXANGA;;SENTIDO SUBURBIO CIDADE EM FRENTE A DISNOVE;CAXANGÁ;;;;;;;;;;;;;;;;;;
COLISÃO COM CICLISTA;CANCELADA;2017-07-05;21:00:00;JORDÃO;RUA BOANERGES PEREIRA;;APOS A PRAÇA DE JORDÃO BAIXO;;;;1.0;;1.0;;;;;;2.0;COM VÍTIMA;;RUA BOANERGES PEREIRA;;APOS A PRAÇA DE JORDÃO BAIXO;JORDÃO;;;;;;;;;;;;;;;;;;
COLISÃO COM CICLISTA;FINALIZADA;2017-07-06;07:40:00;CAMPO GRANDE;EST DE BELEM;108;EM FRENTE AO CARTORIO;;;;1.0;;1.0;;;;;;2.0;COM VÍTIMA;;EST DE BELEM;108;EM FRENTE AO CARTORIO;CAMPO GRANDE;;;;;;;;;;;;;;;;;;
COLISÃO COM CICLISTA;FINALIZADA;2017-07-12;17:42:00;VÁRZEA;AV PROFESSOR ARTUR DE SA;1953;ENFR AO CEMITERIO DA VARZEA;;;1.0;;;1.0;;;;;;1.0;COM VÍTIMA;;AV PROFESSOR ARTUR DE SA;1953;ENFR AO CEMITERIO DA VARZEA;VÁRZEA;;;;;;;;;;;;;;;;;;
COLISÃO COM CICLISTA;FINALIZADA;2017-08-01;08:30:00;ILHA DO LEITE;RUA SPORT CLUBE DO RECIFE;;EM FRENTE AO CAMPO SPORT;;;;1.0;;1.0;;;;;;1.0;COM VÍTIMA;;RUA SPORT CLUBE DO RECIFE;0;EM FRENTE AO CAMPO SPORT;ILHA DO LEITE;;;;;;;;;;;;;;;;;;
COLISÃO COM CICLISTA;FINALIZADA;2017-08-02;17:33:00;SANTO AMARO;AV CRUZ CABUGA;;COM AV NORTE NO SEMAFORO;;;1.0;;;1.0;;;;;;1.0;COM VÍTIMA;;AV CRUZ CABUGA;0;COM AV NORTE NO SEMAFORO;SANTO AMARO;;;;;;;;;;;;;;;;;;
COLISÃO COM CICLISTA;FINALIZADA;2017-08-02;17:42:00;JOANA BEZERRA;AV DES GUERRA BARRETO;;E/F DO FORUM JOANA BEZERRA;;;1.0;;;1.0;;;;;;1.0;COM VÍTIMA;;AV DES GUERRA BARRETO;0;E/F DO FORUM JOANA BEZERRA;JOANA BEZERRA;;;;;;;;;;;;;;;;;;
COLISÃO COM CICLISTA;FINALIZADA;2017-08-03;10:55:00;PINA;RUA MANOEL DE BRITO;;ESQUINA COM A BARÃO DE SANTO ANGELO;;;1.0;;;1.0;;;;;;1.0;COM VÍTIMA;;RUA MANOEL DE BRITO;0;ESQUINA COM A BARÃO DE SANTO ANGELO;PINA;;;;;;;;;;;;;;;;;;
COLISÃO COM CICLISTA;FINALIZADA;2017-08-04;10:13:00;BOA VIAGEM;RUA PADRE BERNADINO PESSOA;;APÓS O COLEGIO SANTA MARIA-SENTIDO DOMINGOS FERREIRA;;;1.0;;;1.0;;;;;;1.0;COM VÍTIMA;;RUA PADRE BERNADINO PESSOA;0;APÓS O COLEGIO SANTA MARIA-SENTIDO DOMINGOS FERREIRA;BOA VIAGEM;;;;;;;;;;;;;;;;;;
COLISÃO COM CICLISTA;FINALIZADA;2017-08-05;13:19:00;SANTO ANTÔNIO;PRC DA REPUBLICA;;PROX. A CAIXA ECONOMICA, AO LADO DA PRAÇA PRINCESA ISABEL;;;1.0;;;1.0;;;;;;1.0;COM VÍTIMA;;PRC DA REPUBLICA;0;PROX. A CAIXA ECONOMICA, AO LADO DA PRAÇA PRINCESA ISABEL;SANTO ANTÔNIO;;;;;;;;;;;;;;;;;;
COLISÃO COM CICLISTA;PENDENTE;2017-08-08;10:02:00;TOTÓ;RUA ONZE DE AGOSTO;686;PROX. AO BIDU KRAUSE;;;;;;1.0;;1.0;;;;0.0;SEM VÍTIMA;;RUA ONZE DE AGOSTO;686;PROX. AO BIDU KRAUSE;TOTÓ;;;;;;;;;;;;;;;;;;
COLISÃO COM CICLISTA;FINALIZADA;2017-08-11;09:48:00;CAXANGÁ;AV CAXANGA;;EM FRENTE AO CAXANGÁ GOLF CLUBE;;;;;;1.0;;1.0;;;;1.0;COM VÍTIMA;;AV CAXANGA;0;EM FRENTE AO CAXANGÁ GOLF CLUBE;CAXANGÁ;;;;;;;;;;;;;;;;;;
COLISÃO COM CICLISTA;FINALIZADA;2017-08-14;16:34:00;IPUTINGA;AV CAXANGA;;EM FRENTE AO BOMPREÇO;;;;;;1.0;;1.0;;;;1.0;COM VÍTIMA;;AV CAXANGA;0;EM FRENTE AO BOMPREÇO;IPUTINGA;;;;;;;;;;;;;;;;;;
COLISÃO COM CICLISTA;FINALIZADA;2017-08-24;18:41:00;BOA VISTA;RUA JOAO FERNANDES VIEIRA;;E/F A IGREJA BATISTA DA CAPUNGA E A PRAÇA PARQUE AMORIM;;;1.0;;;1.0;;;;;;1.0;COM VÍTIMA;;RUA JOAO FERNANDES VIEIRA;0;E/F A IGREJA BATISTA DA CAPUNGA E A PRAÇA PARQUE AMORIM;BOA VISTA;;;;;;;;;;;;;;;;;;
COLISÃO COM CICLISTA;FINALIZADA;2017-08-24;20:30:00;IPUTINGA;AV CAXANGA;;SEMÁFORO 008 // CRUZAMENTO COM A RUA DO BOM PASTOR;;;1.0;;;1.0;;;;;;1.0;COM VÍTIMA;;AV CAXANGA;0;SEMÁFORO 008 // CRUZAMENTO COM A RUA DO BOM PASTOR;IPUTINGA;;;;;;;;;;;;;;;;;;
COLISÃO COM CICLISTA;;2017-08-29;16:58:00;AFOGADOS;RUA SAO MIGUEL;;EM FRENTE AO BANCO DO BRASIL;;;;1.0;;1.0;;;;;;1.0;COM VÍTIMA;;RUA SAO MIGUEL;0;EM FRENTE AO BANCO DO BRASIL;AFOGADOS;;;;;;;;;;;;;;;;;;
ATROPELAMENTO;FINALIZADA;2017-08-29;18:38:00;CAXANGÁ;AV CAXANGA;;AO LADO DO GOLF CLUB SENTIDO CIDADE SUB SEMAFORO 609;;;;1.0;;1.0;;;;;;2.0;COM VÍTIMA;;AV CAXANGA;0;AO LADO DO GOLF CLUB SENTIDO CIDADE SUB SEMAFORO 609;CAXANGÁ;;;;;;;;;;;;;;;;;;
COLISÃO COM CICLISTA;FINALIZADA;2017-08-30;20:51:00;DOIS UNIDOS;RUA URIEL DE HOLANDA;;SEMÁFORO 447 -- CRUZAMENTO COM A AV. HILDEBRANDO VASCONCELOS;;;1.0;;;1.0;;;;;;1.0;COM VÍTIMA;;RUA URIEL DE HOLANDA;0;SEMÁFORO 447 -- CRUZAMENTO COM A AV. HILDEBRANDO VASCONCELOS;DOIS UNIDOS;;;;;;;;;;;;;;;;;;
COLISÃO COM CICLISTA;CANCELADA;2017-09-03;21:27:00;BAIRRO DO RECIFE;AV MARQUES DE OLINDA;151;SEGUNDA ESQUINA SAINDO DO MARCO ZERO SENT. CIDADE;;;1.0;;;1.0;;;;;;0.0;SEM VÍTIMA;;AV MARQUES DE OLINDA;151;SEGUNDA ESQUINA SAINDO DO MARCO ZERO SENT. CIDADE;BAIRRO DO RECIFE;;;;;;;;;;;;;;;;;;
COLISÃO COM CICLISTA;FINALIZADA;2017-09-09;13:27:00;BOA VISTA;AV CONDE DA BOA VISTA;;SENTIDO DERBY EM FRENTE AO CINEMA SÃO LUIZ;;;;;;1.0;;1.0;;;;1.0;COM VÍTIMA;;AV CONDE DA BOA VISTA;0;SENTIDO DERBY EM FRENTE AO CINEMA SÃO LUIZ;BOA VISTA;;;;;;;;;;;;;;;;;;
COLISÃO COM CICLISTA;FINALIZADA;2017-09-09;17:26:00;BAIRRO DO RECIFE;PTE CONDE MAURICIO DE NASSAU;;EM CIMA DA PONTE;;;;1.0;;1.0;;;;;;1.0;COM VÍTIMA;;PTE CONDE MAURICIO DE NASSAU;0;EM CIMA DA PONTE;BAIRRO DO RECIFE;;;;;;;;;;;;;;;;;;
COLISÃO COM CICLISTA;FINALIZADA;2017-09-11;14:22:00;PINA;AV HERCULANO BANDEIRA;;ENFRENTE AO ATACADÃO DA CONSTRUÇÃO;;;;;;1.0;;1.0;;;;1.0;COM VÍTIMA;;AV HERCULANO BANDEIRA;0;ENFRENTE AO ATACADÃO DA CONSTRUÇÃO;PINA;;;;;;;;;;;;;;;;;;
COLISÃO COM CICLISTA;FINALIZADA;2017-09-13;18:51:00;BAIRRO DO RECIFE;CAIS DO APOLO;;EM FRENTE DA POLICIA FEDERAL E TEATRO EMILIO BORBA FILHO;;;;1.0;;1.0;;;;;;1.0;COM VÍTIMA;;CAIS DO APOLO;0;EM FRENTE DA POLICIA FEDERAL E TEATRO EMILIO BORBA FILHO;BAIRRO DO RECIFE;;;;;;;;;;;;;;;;;;
COLISÃO COM CICLISTA;FINALIZADA;2017-09-15;15:15:00;TORRE;RUA SOUZA BANDEIRA;119;PROX. AO MERCADINHO DONA NOEMIA;;;2.0;;;1.0;;;;;;0.0;SEM VÍTIMA;;RUA SOUZA BANDEIRA;119;PROX. AO MERCADINHO DONA NOEMIA;TORRE;;;;;;;;;;;;;;;;;;
COLISÃO COM CICLISTA;FINALIZADA;2017-09-18;10:07:00;CABANGA;RUA GENERAL ESTILAC LEAL;;EM FRENTE A SUB ESTAÇÃO DA COMPESA;;;;;;1.0;;;1.0;;;0.0;SEM VÍTIMA;;RUA GENERAL ESTILAC LEAL;0;EM FRENTE A SUB ESTAÇÃO DA COMPESA;CABANGA;;;;;;;;;;;;;;;;;;
COLISÃO COM CICLISTA;FINALIZADA;2017-09-19;15:47:00;CORDEIRO;AV INACIO MONTEIRO;;NO SEMÁFORO 566;;;1.0;;;1.0;;;;;;1.0;COM VÍTIMA;;AV INACIO MONTEIRO;0;NO SEMÁFORO 566;CORDEIRO;;;;;;;;;;;;;;;;;;
COLISÃO COM CICLISTA;FINALIZADA;2017-09-20;07:38:00;SANTO AMARO;RUA FREI CASSIMIRO;;COM A RUA TREZE DE MAIO;;;1.0;;;1.0;;;;;;1.0;COM VÍTIMA;;RUA FREI CASSIMIRO;0;COM A RUA TREZE DE MAIO;SANTO AMARO;;;;;;;;;;;;;;;;;;
COLISÃO COM CICLISTA;FINALIZADA;2017-09-20;09:01:00;IMBIRIBEIRA;RUA ALFREDO MARCONDES;;EMBAIXO DO VIADUTO DA ANTONIO FALCÃO,;;;1.0;;;1.0;;;;;;1.0;COM VÍTIMA;;RUA ALFREDO MARCONDES;0;EMBAIXO DO VIADUTO DA ANTONIO FALCÃO,;IMBIRIBEIRA;;;;;;;;;;;;;;;;;;
COLISÃO COM CICLISTA;FINALIZADA;2017-09-21;07:16:00;SÃO JOSÉ;AV SUL;1450;EM FRENTE A LOJA VENEZA;;;1.0;;;1.0;;;;;;0.0;SEM VÍTIMA;;AV SUL;1450;EM FRENTE A LOJA VENEZA;SÃO JOSÉ;;;;;;;;;;;;;;;;;;
COLISÃO COM CICLISTA;FINALIZADA;2017-09-21;09:16:00;ENCRUZILHADA;RUA FERNANDO CESAR;348;EM FRENTE AO LAVA JATO PADDOCK;;;;;;1.0;;;;;;1.0;COM VÍTIMA;;RUA FERNANDO CESAR;348;EM FRENTE AO LAVA JATO PADDOCK;ENCRUZILHADA;;;;;;;;;;;;;;;;;;
COLISÃO COM CICLISTA;FINALIZADA;2017-09-26;19:32:00;BOA VIAGEM;AV BOA VIAGEM;;ESQUINA FELIX DE BRITO MELO - SEMÁFORO 547;;;2.0;;;1.0;;;;;;1.0;COM VÍTIMA;;AV BOA VIAGEM;0;ESQUINA FELIX DE BRITO MELO - SEMÁFORO 547;BOA VIAGEM;;;;;;;;;;;;;;;;;;
COLISÃO COM CICLISTA;FINALIZADA;2017-09-29;20:07:00;JARDIM SÃO PAULO;RUA SENADOR ALBERTO PASQUALINI;;ESQUINA COM RUA FREI ATANAZIO, EM FRENTE DA ACADEMIA TREINO E CIA;;;1.0;;;1.0;;;;;;1.0;COM VÍTIMA;;RUA SENADOR ALBERTO PASQUALINI;0;ESQUINA COM RUA FREI ATANAZIO, EM FRENTE DA ACADEMIA TREINO E CIA;JARDIM SÃO PAULO;;;;;;;;;;;;;;;;;;
COLISÃO COM CICLISTA;FINALIZADA;2017-09-30;13:14:00;SANTO ANTÔNIO;RUA DO SOL;;AO LADO DOS CORREIOS, SEMÁFORO 197;;;1.0;;;1.0;;;;;;0.0;SEM VÍTIMA;;RUA DO SOL;0;AO LADO DOS CORREIOS, SEMÁFORO 197;SANTO ANTÔNIO;;;;;;;;;;;;;;;;;;
COLISÃO COM CICLISTA;FINALIZADA;2017-09-30;21:08:00;CORDEIRO;RUA ODETE MONTEIRO;;CRUZAMENTO COM A AV PROFESSOR ESTEVÃO FRANCISCO DA COSTA;;;1.0;;;1.0;;;;;;1.0;COM VÍTIMA;;RUA ODETE MONTEIRO;0;CRUZAMENTO COM A AV PROFESSOR ESTEVÃO FRANCISCO DA COSTA;CORDEIRO;;;;;;;;;;;;;;;;;;
COLISÃO COM CICLISTA;FINALIZADA;2017-10-03;18:36:00;JORDÃO;AV MARIA IRENE;373;PROX. DA PAROQUIA SÃO FRANCISCO, EM FRENTE A SERMOTEC;;;1.0;;;1.0;;;;;;1.0;COM VÍTIMA;;AV MARIA IRENE;373;PROX. DA PAROQUIA SÃO FRANCISCO, EM FRENTE A SERMOTEC;JORDÃO;;;;;;;;;;;;;;;;;;
COLISÃO COM CICLISTA;CANCELADA;2017-10-06;14:28:00;BOA VISTA;RUA DO HOSPICIO;;ANTES DO SEMÁFORO 031;;;;;;1.0;;1.0;;;;0.0;SEM VÍTIMA;;RUA DO HOSPICIO;0;ANTES DO SEMÁFORO 031;BOA VISTA;;;;;;;;;;;;;;;;;;
COLISÃO COM CICLISTA;CANCELADA;2017-10-10;14:00:00;SANTO AMARO;AV NORTE;;NO CRUZAMENTO DA AV NORTE COM CRUZ CABUGA;;;1.0;;;1.0;;;;;;1.0;COM VÍTIMA;;AV NORTE;0;NO CRUZAMENTO DA AV NORTE COM CRUZ CABUGA;SANTO AMARO;;;;;;;;;;;;;;;;;;
COLISÃO COM CICLISTA;FINALIZADA;2017-10-12;07:39:00;SANTO AMARO;RUA IMPERIAL;;PONTE DE AFOGADOS;;;1.0;;;2.0;;;;;;2.0;COM VÍTIMA;;RUA IMPERIAL;0;PONTE DE AFOGADOS;SANTO AMARO;;;;;;;;;;;;;;;;;;
COLISÃO COM CICLISTA;FINALIZADA;2017-10-13;11:12:00;CASA AMARELA;EST DO ENCANAMENTO;1284;RUA DA CASA DE FESTA ESTRIPOLIA;;;;1.0;;1.0;;;;;;1.0;COM VÍTIMA;;EST DO ENCANAMENTO;1284;RUA DA CASA DE FESTA ESTRIPOLIA;CASA AMARELA;;;;;;;;;;;;;;;;;;
COLISÃO COM CICLISTA;FINALIZADA;2017-10-16;10:10:00;MADALENA;RUA DEMOCRITO DE SOUZA FILHO;370;PROX. A PADARIA PAO MASSA, E A FACIPE;;;1.0;;;1.0;;;;;;1.0;COM VÍTIMA;;RUA DEMOCRITO DE SOUZA FILHO;370;PROX. A PADARIA PAO MASSA, E A FACIPE;MADALENA;;;;;;;;;;;;;;;;;;
COLISÃO COM CICLISTA;FINALIZADA;2017-10-17;16:01:00;BOA VIAGEM;RUA MARQUES DE VALENCA;350;AO LADO DA IGREJA NOVA;;;1.0;;;1.0;;;;;;1.0;COM VÍTIMA;;RUA MARQUES DE VALENCA;350;AO LADO DA IGREJA NOVA;BOA VIAGEM;;;;;;;;;;;;;;;;;;
COLISÃO COM CICLISTA;FINALIZADA;2017-10-21;14:51:00;MADALENA;AV ENGENHEIRO ABDIAS DE CARVALHO;;COM RUA CARLOS GOMES;;;;1.0;;1.0;;;;;;0.0;SEM VÍTIMA;;AV ENGENHEIRO ABDIAS DE CARVALHO;0;COM RUA CARLOS GOMES;MADALENA;;;;;;;;;;;;;;;;;;
COLISÃO COM CICLISTA;FINALIZADA;2017-10-21;18:40:00;ZUMBI;AV CAXANGA;833;DEPOIS DA CAIXA ECONOMICA O PRIMEIRO BRT SENTIDO RECIFE SEMAFORO 274;;;1.0;;;1.0;;;;;;1.0;COM VÍTIMA;;AV CAXANGA;833;DEPOIS DA CAIXA ECONOMICA O PRIMEIRO BRT SENTIDO RECIFE SEMAFORO 274;ZUMBI;;;;;;;;;;;;;;;;;;
COLISÃO COM CICLISTA;CANCELADA;2017-10-22;16:39:00;BOA VIAGEM;RUA VISCONDE DE JEQUITINHONHA;680;ESQUINA COM RUA BALTAZAR PASSOS;;;1.0;;;1.0;;;;;;1.0;COM VÍTIMA;;RUA VISCONDE DE JEQUITINHONHA;680;ESQUINA COM RUA BALTAZAR PASSOS;BOA VIAGEM;;;;;;;;;;;;;;;;;;
COLISÃO COM CICLISTA;FINALIZADA;2017-10-24;18:54:00;CASA AMARELA;AV NORTE;5147;E/F A BIKE NORTE;;;;;;1.0;;1.0;;;;1.0;COM VÍTIMA;;AV NORTE;5147;E/F A BIKE NORTE;CASA AMARELA;;;;;;;;;;;;;;;;;;
COLISÃO COM CICLISTA;FINALIZADA;2017-10-26;11:25:00;CASA AMARELA;EST DO ARRAIAL;;CRUZ COM A RUA DA HARMONIA EM FRENTE AO POSTO DE GASOLINA SHELL;;;1.0;;;1.0;;;;;;0.0;SEM VÍTIMA;;EST DO ARRAIAL;0;CRUZ COM A RUA DA HARMONIA EM FRENTE AO POSTO DE GASOLINA SHELL;CASA AMARELA;;;;;;;;;;;;;;;;;;
COLISÃO COM CICLISTA;FINALIZADA;2017-11-01;09:57:00;AFOGADOS;EST DOS REMEDIOS;;APOS O ARMAZEM CORAL, EM FRENTE AO PONTAL DA PESCA, SENTIDO MADALENA;;;1.0;;;1.0;;;;;;1.0;COM VÍTIMA;;EST DOS REMEDIOS;0;APOS O ARMAZEM CORAL, EM FRENTE AO PONTAL DA PESCA, SENTIDO MADALENA;AFOGADOS;;;;;;;;;;;;;;;;;;
COLISÃO COM CICLISTA;FINALIZADA;2017-11-03;11:26:00;BOA VIAGEM;AV CONSELHEIRO AGUIAR;1748;EM FRENTE AO EMPRESARIAL ITALO BRASIL RENDA;;;1.0;;;1.0;;;;;;1.0;COM VÍTIMA;;AV CONSELHEIRO AGUIAR;1748;EM FRENTE AO EMPRESARIAL ITALO BRASIL RENDA;BOA VIAGEM;;;;;;;;;;;;;;;;;;
COLISÃO COM CICLISTA;FINALIZADA;2017-11-03;20:48:00;HIPÓDROMO;EST DE BELEM;641;NO SEMAFORO 504, EM FRENTE DA LANCHONETE ESQUINA DO AÇAI;;;;;;1.0;;1.0;;;;0.0;SEM VÍTIMA;;EST DE BELEM;641;NO SEMAFORO 504, EM FRENTE DA LANCHONETE ESQUINA DO AÇAI;HIPÓDROMO;;;;;;;;;;;;;;;;;;
COLISÃO COM CICLISTA;FINALIZADA;2017-11-04;09:51:00;ILHA JOANA BEZERRA;AV CENTRAL;;AO LADO DO TERMINAL JOANA BEZERRA SENTIDO VIADUTO JOANA BEZERRA;;;;;;1.0;;1.0;;;;1.0;COM VÍTIMA;;AV CENTRAL;0;AO LADO DO TERMINAL JOANA BEZERRA SENTIDO VIADUTO JOANA BEZERRA;ILHA JOANA BEZERRA;;;;;;;;;;;;;;;;;;
COLISÃO COM CICLISTA;FINALIZADA;2017-11-07;14:54:00;SAN MARTIN;AV GENERAL SAN MARTIN;;EM FRENTE A FACULDADE ESTACIO SENTIDO SAN MARTIN;;;1.0;;;1.0;;;;;;1.0;COM VÍTIMA;;AV GENERAL SAN MARTIN;0;EM FRENTE A FACULDADE ESTACIO SENTIDO SAN MARTIN;SAN MARTIN;;;;;;;;;;;;;;;;;;
COLISÃO COM CICLISTA;FINALIZADA;2017-11-10;19:56:00;PARNAMIRIM;EST DO ENCANAMENTO;;CRUZ COM A RUA FERREIRA LOPES;;;1.0;;;1.0;;;;;;1.0;COM VÍTIMA;;EST DO ENCANAMENTO;0;CRUZ COM A RUA FERREIRA LOPES;PARNAMIRIM;;;;;;;;;;;;;;;;;;
COLISÃO COM CICLISTA;FINALIZADA;2017-11-12;06:20:00;VÁRZEA;RUA AMARO GOMES POROCA;;PRÓXIMO A PRAÇA DA VÁRZEA, SENTIDO UFPE;;;;;;1.0;;1.0;;;;1.0;COM VÍTIMA;;RUA AMARO GOMES POROCA;0;PRÓXIMO A PRAÇA DA VÁRZEA, SENTIDO UFPE;VÁRZEA;;;;;;;;;;;;;;;;;;
COLISÃO COM CICLISTA;FINALIZADA;2017-11-13;16:59:00;VÁRZEA;AV AFONSO OLINDENSE;;EM FRENRE DO SUPERMERCADO ARCO-IRIS E PRAÇA DA VARZEA;;;1.0;;;1.0;;;;;;1.0;COM VÍTIMA;;AV AFONSO OLINDENSE;0;EM FRENRE DO SUPERMERCADO ARCO-IRIS E PRAÇA DA VARZEA;VÁRZEA;;;;;;;;;;;;;;;;;;