tipo;situacao;data;hora;bairro;endereco;numero;complemento;natureza;descricao;auto;moto;ciclom;ciclista;pedestre;onibus;caminhao;viatura;outros;vitimas;natureza_acidente;detalhe_endereco_acidente;endereco_cruzamento;numero_cruzamento;referencia_cruzamento;bairro_cruzamento;vitimasfatais;DATA;num_semaforo;sentido_via;acidente_verificado;tempo_clima;situacao_semaforo;sinalizacao;condicao_via;conservacao_via;ponto_controle;situacao_placa;velocidade_max_via;mao_direcao;divisao_via1;divisao_via2;divisao_via3;Protocolo
COLISÃO COM CICLISTA;FINALIZADA;2017-11-15;11:40:00;MANGUEIRA;AV DR JOSE RUFINO;;EM FRENTE AO ARMAZEM CORAL/ SENTIDO AFOGADOS;;;;1.0;;1.0;;;;;;1.0;COM VÍTIMA;;AV DR JOSE RUFINO;0;EM FRENTE AO ARMAZEM CORAL/ SENTIDO AFOGADOS;MANGUEIRA;;;;;;;;;;;;;;;;;;
COLISÃO COM CICLISTA;FINALIZADA;2017-11-24;11:03:00;CORDEIRO;EST DO FORTE DO ARRAIAL N. DO B. JESUS;414;EM FRENTE DA PADARIA RAINHA DO FORTE;;;1.0;;;1.0;;;;;;1.0;COM VÍTIMA;;EST DO FORTE DO ARRAIAL N. DO B. JESUS;414;EM FRENTE DA PADARIA RAINHA DO FORTE;CORDEIRO;;;;;;;;;;;;;;;;;;
COLISÃO COM CICLISTA;FINALIZADA;2017-11-25;10:19:00;BOA VIAGEM;AV ENGENHEIRO DOMINGOS FERREIRA;;SEMÁFORO 217, SENTIDO PIEDADE. DE ESQUINA COM O EDF. AVILA DE NUMERO 315;;;1.0;;;1.0;;;;;;1.0;COM VÍTIMA;;AV ENGENHEIRO DOMINGOS FERREIRA;0;SEMÁFORO 217, SENTIDO PIEDADE. DE ESQUINA COM O EDF. AVILA DE NUMERO 315;BOA VIAGEM;;;;;;;;;;;;;;;;;;
COLISÃO COM CICLISTA;FINALIZADA;2017-12-01;12:15:00;CAXANGÁ;AV CAXANGA;;EM FRENTE A UPA SENTIDO CAMARAGIBE;;;1.0;;;1.0;;;;;;0.0;SEM VÍTIMA;;AV CAXANGA;0;EM FRENTE A UPA SENTIDO CAMARAGIBE;CAXANGÁ;;;;;;;;;;;;;;;;;;
COLISÃO COM CICLISTA;FINALIZADA;2017-12-14;19:46:00;AFOGADOS;RUA SAO MIGUEL;432;PROX. DO BANCO DO BRASIL, EM FRENTE DO COLEGIO MUNICIPAL NOSSA SENHORA DE FATIMA;;;;1.0;;1.0;;;;;;1.0;COM VÍTIMA;;RUA SAO MIGUEL;432;PROX. DO BANCO DO BRASIL, EM FRENTE DO COLEGIO MUNICIPAL NOSSA SENHORA DE FATIMA;AFOGADOS;;;;;;;;;;;;;;;;;;
COLISÃO COM CICLISTA;FINALIZADA;2017-12-20;05:25:00;CAJUEIRO;AV SEBASTIAO SALAZAR;450;EM FRENTE A VALERIA BAR STYLLOS, PROX DA IGREJA DE CAJUEIRO;;;;;;1.0;;1.0;;;;1.0;COM VÍTIMA;;AV SEBASTIAO SALAZAR;450;EM FRENTE A VALERIA BAR STYLLOS, PROX DA IGREJA DE CAJUEIRO;CAJUEIRO;;;;;;;;;;;;;;;;;;
COLISÃO COM CICLISTA;FINALIZADA;2017-12-22;11:49:00;CAXANGÁ;AV CAXANGA;;CRUZAMENTO COM A AV AFONSO OLINDENSE;;;;;;1.0;;1.0;;;;1.0;COM VÍTIMA;;AV CAXANGA;0;CRUZAMENTO COM A AV AFONSO OLINDENSE;CAXANGÁ;;;;;;;;;;;;;;;;;;
COLISÃO COM CICLISTA;FINALIZADA;2017-12-22;13:49:00;SANTO AMARO;AV DR JAYME DA FONTE;35;EM FRENTE A ASSEMBLEIA DE DEUS;;;1.0;;;1.0;;;;;;2.0;COM VÍTIMA;;AV DR JAYME DA FONTE;35;EM FRENTE A ASSEMBLEIA DE DEUS;SANTO AMARO;;;;;;;;;;;;;;;;;;
ACID. DE PERCURSO;FINALIZADA;2017-12-22;17:47:00;CASA AMARELA;AV NORTE;;EM FRENTE AO REI DA PICANHA / SENTIDO SUBURBIO-CIDADE;;;;;;1.0;;;;;;1.0;COM VÍTIMA;;AV NORTE;0;EM FRENTE AO REI DA PICANHA / SENTIDO SUBURBIO-CIDADE;CASA AMARELA;;;;;;;;;;;;;;;;;;
COLISÃO COM CICLISTA;FINALIZADA;2017-12-23;23:22:00;ÁGUA FRIA;AV BEBERIBE;3005;ENF A IGREJA ASSEMBLEIA DE DEUS SENTIDO ENCRUZILHADA;;;1.0;;;1.0;;;;;;0.0;SEM VÍTIMA;;AV BEBERIBE;3005;ENF A IGREJA ASSEMBLEIA DE DEUS SENTIDO ENCRUZILHADA;ÁGUA FRIA;;;;;;;;;;;;;;;;;;
COLISÃO COM CICLISTA;FINALIZADA;2017-12-28;08:27:00;TORRE;AV BEIRA RIO;;EM FRENTE AO EMPORIO MARITIMO,E ACADEMIA DA CIDADE;;;1.0;;;1.0;;;;;;1.0;COM VÍTIMA;;AV BEIRA RIO;0;EM FRENTE AO EMPORIO MARITIMO,E ACADEMIA DA CIDADE;TORRE;;;;;;;;;;;;;;;;;;
COLISÃO COM CICLISTA;FINALIZADA;2017-12-28;09:24:00;GRAÇAS;RUA DAS PERNAMBUCANAS;315;COM A RUA GUILHERME PINTO ESQUINA DA RUA;;;1.0;;;1.0;;;;;;1.0;COM VÍTIMA;;RUA DAS PERNAMBUCANAS;315;COM A RUA GUILHERME PINTO ESQUINA DA RUA;GRAÇAS;;;;;;;;;;;;;;;;;;
COLISÃO COM CICLISTA;FINALIZADA;2017-12-29;09:02:00;CORDEIRO;RUA MAURICIO DE NASSAU;;EM FRENTE AO INSTIDUTO DO FICADO;;;1.0;;;1.0;;;;;;1.0;COM VÍTIMA;;RUA MAURICIO DE NASSAU;0;EM FRENTE AO INSTIDUTO DO FICADO;CORDEIRO;;;;;;;;;;;;;;;;;;
COLISÃO COM CICLISTA;CANCELADA;2017-12-29;13:44:00;SANTO AMARO;AV GOVERNADOR AGAMENON MAGALHAES;;EM BAIXO DO SEMAFORO 378 EM FRENTE AO POSTO DE GASOLINA BR;;;;1.0;;1.0;;;;;;2.0;COM VÍTIMA;;AV GOVERNADOR AGAMENON MAGALHAES;0;EM BAIXO DO SEMAFORO 378 EM FRENTE AO POSTO DE GASOLINA BR;SANTO AMARO;;;;;;;;;;;;;;;;;;
COLISÃO COM CICLISTA;FINALIZADA;2017-12-29;16:25:00;SANTO AMARO;AV GOVERNADOR AGAMENON MAGALHAES;;EM FRENTE A UPE PROXIMO LOMBADA ELETRONICA SENTIDO OLINDA;;;1.0;;;1.0;;;;;;1.0;COM VÍTIMA;;AV GOVERNADOR AGAMENON MAGALHAES;0;EM FRENTE A UPE PROXIMO LOMBADA ELETRONICA SENTIDO OLINDA;SANTO AMARO;;;;;;;;;;;;;;;;;;
COLISÃO COM CICLISTA;FINALIZADA;;12:31:00;APIPUCOS;RUA DE APIPUCOS;261;EM FRENTE AO EDIFICIO ENGENHO APIPUCOS;;COLISÃO COM VÍTIMA;2.0;;;1.0;;;;;;1.0;COM VÍTIMA;;RUA DE APIPUCOS;261;EM FRENTE AO EDIFICIO ENGENHO APIPUCOS;APIPUCOS;;2018-01-09;;;;;;;;;;;;;;;;
COLISÃO COM CICLISTA;FINALIZADA;;08:30:00;ARRUDA;RUA DAS MOCAS;57;POR TRAS DO CAMPO DO ARRUDA;;COL.C/V;1.0;;;1.0;;;;;;1.0;COM VÍTIMA;;RUA DAS MOCAS;57;POR TRAS DO CAMPO DO ARRUDA;ARRUDA;;2018-01-11;;;;;;;;;;;;;;;;
COLISÃO COM CICLISTA;FINALIZADA;;18:26:00;BOA VISTA;RUA VISCONDE DE GOIANA;;CRUZAMENTO COM A RUA MARQUES DE AMORIM;;AUTO E CICLISTA;1.0;;;1.0;;;;;;1.0;COM VÍTIMA;RUA MARQUES DE AMORIM;RUA VISCONDE DE GOIANA;;CRUZAMENTO COM A RUA MARQUES DE AMORIM;BOA VISTA;;2018-01-12;;;;;;;;;;;;;;;;
COLISÃO COM CICLISTA;FINALIZADA;;17:51:00;PARNAMIRIM;RUA JOAO TUDE DE MELO;77;E/F AO SHOPPING PARNAMIRIM. SNT ÁGUA FRIA;;ENTRE AUTO E BICICLETA;1.0;;;1.0;;;;;;0.0;SEM VÍTIMA;;RUA JOAO TUDE DE MELO;77;E/F AO SHOPPING PARNAMIRIM. SNT ÁGUA FRIA;PARNAMIRIM;;2018-01-15;;;;;;;;;;;;;;;;
COLISÃO COM CICLISTA;FINALIZADA;;18:21:00;MADALENA;AV VISCONDE DE ALBUQUERQUE;964;PROX AO POSTO IPIRANGA CRUZAMENTO COM A RUA JOSE BONIFACIO;;ONIBUS X CICLISTA;;;;1.0;;1.0;;;;1.0;COM VÍTIMA;RUA JOSE BONIFACIO;AV VISCONDE DE ALBUQUERQUE;964;PROX AO POSTO IPIRANGA CRUZAMENTO COM A RUA JOSE BONIFACIO;MADALENA;;2018-01-15;;;;;;;;;;;;;;;;
COLISÃO COM CICLISTA;FINALIZADA;;16:14:00;PINA;AV HERCULANO BANDEIRA;;E/F DA CAIXA ECONOMICA FEDERAL;;COLISAO DE MOTO COM CICLISTA COM VITIMA;;1.0;;1.0;;;;;;1.0;COM VÍTIMA;;AV HERCULANO BANDEIRA;;E/F DA CAIXA ECONOMICA FEDERAL;PINA;;2018-01-18;;;;;;;;;;;;;;;;
COLISÃO COM CICLISTA;FINALIZADA;;09:31:00;SANTO AMARO;AV CRUZ CABUGA;;EM BAIXO DO SEMAFORO 343 EM FRENTE A VICE GOVERNADORIA SENTIDO CIDADE;;COLISÃO COM VITIMA A ESPERA DOS BOMBEIROS;1.0;;;1.0;;;;;;1.0;COM VÍTIMA;;AV CRUZ CABUGA;;EM BAIXO DO SEMAFORO 343 EM FRENTE A VICE GOVERNADORIA SENTIDO CIDADE;SANTO AMARO;;2018-01-24;;;;;;;;;;;;;;;;
COLISÃO COM CICLISTA;FINALIZADA;;15:45:00;BOA VIAGEM;RUA ANTONIO FALCAO;;NO SEMÁFORO 648;;COLISÃO COM VÍTIMA;1.0;;;1.0;;;;;;1.0;COM VÍTIMA;;RUA ANTONIO FALCAO;;NO SEMÁFORO 648;BOA VIAGEM;;2018-01-25;;;;;;;;;;;;;;;;
COLISÃO COM CICLISTA;FINALIZADA;;17:58:00;BOA VIAGEM;AV BOA VIAGEM;2846;EM FRENTE Á PADARIA BOA VIAGEM;;AUTO E CICLISTA, BATEDOR RAY NO LOCAL;1.0;;;1.0;;;;;;1.0;COM VÍTIMA;;AV BOA VIAGEM;2846;EM FRENTE Á PADARIA BOA VIAGEM;BOA VIAGEM;;2018-01-29;;;;;;;;;;;;;;;;
COLISÃO COM CICLISTA;FINALIZADA;;13:48:00;ROSARINHO;AV NORTE;;SOB O SEMÁFORO 456;;BICICLETA E MOTOCIVCLETA;;1.0;;1.0;;;;;;1.0;COM VÍTIMA;;AV NORTE;;SOB O SEMÁFORO 456;ROSARINHO;;2018-01-30;;;;;;;;;;;;;;;;
COLISÃO COM CICLISTA;FINALIZADA;;11:04:00;IBURA;RUA RIO XINGU;193;CRUZ/COM A RUA SANTA LEOPOLDINA,RUA DO COLEGIO RITA DE CASSIA;;COM UMA VITIMA CTTU NO LOCAL;;1.0;;1.0;;;;;;1.0;COM VÍTIMA;RUA SANTA LEOPOLDINA;RUA RIO XINGU;193;CRUZ/COM A RUA SANTA LEOPOLDINA,RUA DO COLEGIO RITA DE CASSIA;IBURA;;2018-02-02;;;;;;;;;;;;;;;;
COLISÃO COM CICLISTA;FINALIZADA;;10:29:00;BOA VIAGEM;RUA VISCONDE DE JEQUITINHONHA;1144;EM FRENTE AO DISMADE;;COLISÃO COM VÍTIMA ENTRE AUTO E CICLISTA;1.0;;;1.0;;;;;;1.0;COM VÍTIMA;;RUA VISCONDE DE JEQUITINHONHA;1144;EM FRENTE AO DISMADE;BOA VIAGEM;;2018-02-03;;;;;;;;;;;;;;;;
COLISÃO COM CICLISTA;FINALIZADA;;07:25:00;TORRÕES;EST DO FORTE DO ARRAIAL N. DO B. JESUS;1615;EM FRENTE A LAVANDERIA ROUPA LIMPA HA DERZ METROS DO RESTAURANTE YOKI;;COM UMA VITIMA,BOMBEIROS NO LOCAL;1.0;;;1.0;;;;;;1.0;COM VÍTIMA;;EST DO FORTE DO ARRAIAL N. DO B. JESUS;1615;EM FRENTE A LAVANDERIA ROUPA LIMPA HA DERZ METROS DO RESTAURANTE YOKI;TORRÕES;;2018-02-14;;;;;;;;;;;;;;;;
COLISÃO COM CICLISTA;FINALIZADA;;08:23:00;SAN MARTIN;AV JOAO CABRAL DE MELO NETO;;EM FRENTE RESTAURANTE E PIZARIA GIGANTE NEGRO;;COLISÃO ENVOLVENDO ALTO E CICLISTA;1.0;;;1.0;;;;;;1.0;COM VÍTIMA;;AV JOAO CABRAL DE MELO NETO;;EM FRENTE RESTAURANTE E PIZARIA GIGANTE NEGRO;SAN MARTIN;;2018-02-14;;;;;;;;;;;;;;;;
COLISÃO COM CICLISTA;FINALIZADA;;08:53:00;ÁGUA FRIA;EST VELHA DE AGUA FRIA;1687;E/F DA IGREJA UNIVERSAL DO REINO DE DEUS;;COLISAO DE ONIBUS COM CICLISTA VT 14 NO LOCAL;;;;1.0;;1.0;;;;0.0;SEM VÍTIMA;;EST VELHA DE AGUA FRIA;1687;E/F DA IGREJA UNIVERSAL DO REINO DE DEUS;ÁGUA FRIA;;2018-02-19;;;;;;;;;;;;;;;;
COLISÃO COM CICLISTA;CANCELADA;;18:22:00;POÇO DA PANELA;RUA MARECHAL RONDON;;TRANSVERSAL COM EST. DO ENCANAMENTO PROX A CASA DE SHOW ESTRIPOLIA;;CICLISTA E AUTO;1.0;;;1.0;;;;;;1.0;COM VÍTIMA;EST DO ENCANAMENTO;RUA MARECHAL RONDON;;TRANSVERSAL COM EST. DO ENCANAMENTO PROX A CASA DE SHOW ESTRIPOLIA;POÇO DA PANELA;;2018-02-19;;;;;;;;;;;;;;;;
COLISÃO COM CICLISTA;FINALIZADA;;20:10:00;IPSEP;RUA JEAN EMILE FAVRE;;AO LADO DA FACULDADE DE BOA VIAGEM E PRC DA MAURICEIA;;CICLISTA X AUTO OBS :: MOTORISTA PRESO NAS FERRAGENS;1.0;;;1.0;;;;;;1.0;COM VÍTIMA;;RUA JEAN EMILE FAVRE;;AO LADO DA FACULDADE DE BOA VIAGEM E PRC DA MAURICEIA;IPSEP;;2018-02-26;;;;;;;;;;;;;;;;
COLISÃO COM CICLISTA;FINALIZADA;;14:13:00;TEJIPIÓ;AV DR JOSE RUFINO;3726;PROX A ESTAÇAO TEJIPIO;;COLISAO DE ONIBUS COM CICLISTA;;;;1.0;;1.0;;;;1.0;COM VÍTIMA;;AV DR JOSE RUFINO;3726;PROX A ESTAÇAO TEJIPIO;TEJIPIÓ;;2018-02-28;;;;;;;;;;;;;;;;
COLISÃO COM CICLISTA;FINALIZADA;;08:14:00;SANTO ANTÔNIO;PRC DA REPUBLICA;;AO LADO DO TEATRO SANTA IZABEL;;COL.S/V;1.0;;;1.0;;;;;;0.0;SEM VÍTIMA;;PRC DA REPUBLICA;;AO LADO DO TEATRO SANTA IZABEL;SANTO ANTÔNIO;;2018-03-01;;;;;;;;;;;;;;;;
COLISÃO COM CICLISTA;FINALIZADA;;09:40:00;DOIS IRMÃOS;RUA MANUEL DE MEDEIROS;93;E/F A RESIDENCIA, SENTIDO CAXANGÁ;;COM UMA VÍTIMAS JÁ SOCORRIDA PELO SAMU.;1.0;;;1.0;;;;;;1.0;COM VÍTIMA;;RUA MANUEL DE MEDEIROS;93;E/F A RESIDENCIA, SENTIDO CAXANGÁ;DOIS IRMÃOS;;2018-03-02;;;;;;;;;;;;;;;;
COLISÃO COM CICLISTA;FINALIZADA;;07:25:00;AFOGADOS;RUA SAO MIGUEL;350;EM FRENTE AO BANCO DO BRASIL;;MOTO / BICICLETA;;1.0;;1.0;;;;;;1.0;COM VÍTIMA;;RUA SAO MIGUEL;350;EM FRENTE AO BANCO DO BRASIL;AFOGADOS;;2018-03-06;;;;;;;;;;;;;;;;
COLISÃO COM CICLISTA;FINALIZADA;;16:27:00;CASA AMARELA;EST DO ARRAIAL;;SEMAFORO 074;;AUTO E BICICLETA;1.0;;;1.0;;;;;;1.0;COM VÍTIMA;;EST DO ARRAIAL;;SEMAFORO 074;CASA AMARELA;;2018-03-06;;;;;;;;;;;;;;;;
COLISÃO COM CICLISTA;FINALIZADA;;07:19:00;TAMARINEIRA;EST VELHA DE AGUA FRIA;;SEMAFORO 062,EM FRENTE A OFICINA MECANICA TRIAUTOS;;SEM VITIMAS;1.0;;;1.0;;;;;;0.0;SEM VÍTIMA;;EST VELHA DE AGUA FRIA;;SEMAFORO 062,EM FRENTE A OFICINA MECANICA TRIAUTOS;TAMARINEIRA;;2018-03-07;;;;;;;;;;;;;;;;
COLISÃO COM CICLISTA;CANCELADA;;07:44:00;JOANA BEZERRA;VIADUTO CAPITAO TEMUDO;;SENT/BOA VIAGEM,NA DESCIDO VIADUTO;;COM UMA VITIMA AGUARDANDO SAMU;1.0;;;1.0;;;;;;1.0;COM VÍTIMA;;VIADUTO CAPITAO TEMUDO;;SENT/BOA VIAGEM,NA DESCIDO VIADUTO;JOANA BEZERRA;;2018-03-11;;;;;;;;;;;;;;;;
COLISÃO COM CICLISTA;FINALIZADA;;06:50:00;IMBIRIBEIRA;AVENIDA CELSO FURTADO (VIA MANGUE);XX;NAS PROXIMIDADES DO EXTRA;;O MESMO ENVOLVEU -SE EM ACIDENTE COM VITIMA;1.0;;;1.0;;;;;;1.0;COM VÍTIMA;;AVENIDA CELSO FURTADO (VIA MANGUE);XX;NAS PROXIMIDADES DO EXTRA;IMBIRIBEIRA;;2018-03-17;;;;;;;;;;;;;;;;
COLISÃO COM CICLISTA;FINALIZADA;;20:14:00;TAMARINEIRA;RUA CONEGO BARATA;;E/F A FERREIRA COSTA / NO RETORNO;;MOTO X BIKE. C/V;;1.0;;1.0;;;;;;2.0;COM VÍTIMA;;RUA CONEGO BARATA;;E/F A FERREIRA COSTA / NO RETORNO;TAMARINEIRA;;2018-03-17;;;;;;;;;;;;;;;;
COLISÃO COM CICLISTA;FINALIZADA;;16:55:00;MADALENA;AV ENGENHEIRO ABDIAS DE CARVALHO;1671;AO LADO DO POSTO DE GASOLINA BR;;AUTO E CICLISTA;;1.0;;1.0;;;;;;0.0;SEM VÍTIMA;;AV ENGENHEIRO ABDIAS DE CARVALHO;1671;AO LADO DO POSTO DE GASOLINA BR;MADALENA;;2018-03-19;;;;;;;;;;;;;;;;
COLISÃO COM CICLISTA;FINALIZADA;;13:24:00;BOA VIAGEM;AV DES JOSE NEVES;90;ANTES DO POSTO IPIRANGA, SENTIDO SUB/CENTRO;;MOTO E CICLISTA;;1.0;;1.0;;;;;;1.0;COM VÍTIMA;;AV DES JOSE NEVES;90;ANTES DO POSTO IPIRANGA, SENTIDO SUB/CENTRO;BOA VIAGEM;;2018-03-21;;;;;;;;;;;;;;;;
COLISÃO COM CICLISTA;FINALIZADA;;17:05:00;VÁRZEA;RUA RODRIGUES FERREIRA;244;PROX. A PADARIA CAXANGA;;AUTO E CICLISTA;1.0;;;1.0;;;;;;1.0;COM VÍTIMA;;RUA RODRIGUES FERREIRA;244;PROX. A PADARIA CAXANGA;VÁRZEA;;2018-03-24;;;;;;;;;;;;;;;;
COLISÃO COM CICLISTA;FINALIZADA;;20:02:00;ESTÂNCIA;AV CAPITAO GREGORIO DE CALDAS;;AO LADO DO WALMART;;COLISÃO ENTRE MOTO E BICICLETA;;1.0;;1.0;;;;;;0.0;SEM VÍTIMA;;AV CAPITAO GREGORIO DE CALDAS;;AO LADO DO WALMART;ESTÂNCIA;;2018-03-26;;;;;;;;;;;;;;;;
COLISÃO COM CICLISTA;FINALIZADA;;13:38:00;CAMPO GRANDE;EST DE BELEM;;EM FRENTE AO ARMAZEM MACHADO;;COM VÍTIMA/ VT 07 NO LOCAL;;1.0;;1.0;;;;;;2.0;COM VÍTIMA;;EST DE BELEM;;EM FRENTE AO ARMAZEM MACHADO;CAMPO GRANDE;;2018-03-27;;;;;;;;;;;;;;;;
COLISÃO COM CICLISTA;FINALIZADA;;13:09:00;AFOGADOS;RUA COSME VIANA;;SEMAFORO 334;;AUTO E CICLISTA;1.0;;;1.0;;;;;;0.0;SEM VÍTIMA;;RUA COSME VIANA;;SEMAFORO 334;AFOGADOS;;2018-03-28;;;;;;;;;;;;;;;;
COLISÃO COM CICLISTA;FINALIZADA;;21:17:00;BOA VISTA;RUA MONTE CASTELO;35;PROX AO POSTO IPIRANGA SENTIDO QUARTEL;;COLISÃO C/V MOTORISTA QUER SE EVADIR DO LOCAL;1.0;;;1.0;;;;;;1.0;COM VÍTIMA;;RUA MONTE CASTELO;35;PROX AO POSTO IPIRANGA SENTIDO QUARTEL;BOA VISTA;;2018-03-29;;;;;;;;;;;;;;;;
COLISÃO COM CICLISTA;FINALIZADA;;17:13:00;CORDEIRO;AV CAXANGA;1832;PROX. AO HOSPITAL GETULIO VARGAS, SENTIDO CID/SUB;;ONIBUS DA MOBI E CICLISTA;;;;1.0;;1.0;;;;1.0;COM VÍTIMA;;AV CAXANGA;1832;PROX. AO HOSPITAL GETULIO VARGAS, SENTIDO CID/SUB;CORDEIRO;;2018-03-30;;;;;;;;;;;;;;;;
COLISÃO COM CICLISTA;CANCELADA;;13:53:00;TORRE;AV VISCONDE DE ALBUQUERQUE;;COM RUA LOPES DE CARVALHO E/F A LOJA SPUK;;COLISAO DE DOIS AUTOS S /V;2.0;;;1.0;;;;;;0.0;;;AV VISCONDE DE ALBUQUERQUE;;COM RUA LOPES DE CARVALHO E/F A LOJA SPUK;TORRE;;2018-04-12;;;;;;;;;;;;;;;;
COLISÃO COM CICLISTA;FINALIZADA;;08:29:00;CAXANGÁ;AV CAXANGA;;SOBRE O VIADUTO DO BRT, SENTIDO CIDADE NA FRENTE DO BARÃO DE LUCENA;;COLISÃO COM VITIMA, CICLISTA;;;;1.0;;1.0;;;;1.0;COM VÍTIMA;;AV CAXANGA;;SOBRE O VIADUTO DO BRT, SENTIDO CIDADE NA FRENTE DO BARÃO DE LUCENA;CAXANGÁ;;2018-04-14;;;;;;;;;;;;;;;;
COLISÃO COM CICLISTA;FINALIZADA;;07:55:00;CAXANGÁ;AV CAXANGA;3372;AO LADO DO BANCO SANTENDER , SNTIDO CAMARAGIBE;;ATROPELAMENTO A UM CICLISTA;;;;1.0;;1.0;;;;1.0;COM VÍTIMA;;AV CAXANGA;3372;AO LADO DO BANCO SANTENDER , SNTIDO CAMARAGIBE;CAXANGÁ;;2018-04-17;;;;;;;;;;;;;;;;
COLISÃO COM CICLISTA;FINALIZADA;;15:10:00;JOANA BEZERRA;VIADUTO CAPITAO TEMUDO;;EM CIMA DO VIADUTO/ SENTIDO BOA VIAGEM;;COLISÃO SEM VÍTIMA;2.0;;;1.0;;;;;;0.0;SEM VÍTIMA;;VIADUTO CAPITAO TEMUDO;;EM CIMA DO VIADUTO/ SENTIDO BOA VIAGEM;JOANA BEZERRA;;2018-04-20;;;;;;;;;;;;;;;;
COLISÃO COM CICLISTA;CANCELADA;;13:18:00;IPUTINGA;RUA SAO MATEUS;10;NA ESQUINA DA FARMACIA DO TRABALHADOR;;SEM VITIMAS;1.0;;;1.0;;;;;;0.0;SEM VÍTIMA;;RUA SAO MATEUS;10;NA ESQUINA DA FARMACIA DO TRABALHADOR;IPUTINGA;;2018-04-21;;;;;;;;;;;;;;;;
COLISÃO COM CICLISTA;CANCELADA;;18:27:00;BONGI;EST DO BONGI;;E/F A ANTIGA ITAPEMIRIM , SNT MUSTARDINHA;;AUTO X CICLISTA;1.0;;;1.0;;;;;;1.0;COM VÍTIMA;;EST DO BONGI;;E/F A ANTIGA ITAPEMIRIM , SNT MUSTARDINHA;BONGI;;2018-04-22;;;;;;;;;;;;;;;;
COLISÃO COM CICLISTA;FINALIZADA;;16:19:00;CASA AMARELA;EST DO ARRAIAL;340;EM FRENTE A CLINICA SÃO FRANCISCO;;;1.0;;;1.0;;;;;;1.0;COM VÍTIMA;;EST DO ARRAIAL;340;EM FRENTE A CLINICA SÃO FRANCISCO;CASA AMARELA;;2018-04-26;;;;;;;;;;;;;;;;
COLISÃO COM CICLISTA;FINALIZADA;;17:58:00;SANTO AMARO;AV PREFEITO ARTUR LIMA CAVALCANTI;;POR TRÃS DO HOSPITAL DA MARINHA ( HOSPITAL NAVAL) SNT OLINDA;;AUTO X BIKE. C/V;1.0;;;1.0;;;;;;1.0;COM VÍTIMA;;AV PREFEITO ARTUR LIMA CAVALCANTI;;POR TRÃS DO HOSPITAL DA MARINHA ( HOSPITAL NAVAL) SNT OLINDA;SANTO AMARO;;2018-04-30;;;;;;;;;;;;;;;;
COLISÃO COM CICLISTA;FINALIZADA;;14:52:00;TORRE;RUA JOSE BONIFACIO;750;EM FRENTE AO EDIFICIO BARÃO DA TORRE;;COLISÃO COM VÍTIMA;1.0;1.0;;1.0;;;;;;1.0;COM VÍTIMA;;RUA JOSE BONIFACIO;750;EM FRENTE AO EDIFICIO BARÃO DA TORRE;TORRE;;2018-05-02;;;;;;;;;;;;;;;;
COLISÃO COM CICLISTA;FINALIZADA;;08:05:00;HIPÓDROMO;RUA CARLOS FERNANDES;;CRUZAMENTO COM A RUA PRUDENTE DE MORAES;;UMA VITIMA SOCORRIDA PELOS BOMBEIROS VT 11 DA CTTU FAZENDO O B.O;1.0;;;1.0;;;;;;1.0;COM VÍTIMA;RUA PRUDENTE DE MORAES;RUA CARLOS FERNANDES;;CRUZAMENTO COM A RUA PRUDENTE DE MORAES;HIPÓDROMO;;2018-05-03;;;;;;;;;;;;;;;;
COLISÃO COM CICLISTA;FINALIZADA;;12:24:00;ILHA DO LEITE;RUA GENERAL JOAQUIM INACIO;412;POR TRÁS DO COLEGIO SALESIANO;;COLISÃO SEM VÍTIMA;1.0;;;1.0;;;;;;0.0;SEM VÍTIMA;;RUA GENERAL JOAQUIM INACIO;412;POR TRÁS DO COLEGIO SALESIANO;ILHA DO LEITE;;2018-05-03;;;;;;;;;;;;;;;;
COLISÃO COM CICLISTA;FINALIZADA;;17:01:00;VÁRZEA;AV AFONSO OLINDENSE;;EM FRENTE AO DOCA PEÇAS E SEVIÇOS DE AR CONDICIONADO, NO SEMAFORO 638;;MOTO E CICLISTA;1.0;;;1.0;;;;;;0.0;SEM VÍTIMA;;AV AFONSO OLINDENSE;;EM FRENTE AO DOCA PEÇAS E SEVIÇOS DE AR CONDICIONADO, NO SEMAFORO 638;VÁRZEA;;2018-05-06;;;;;;;;;;;;;;;;
COLISÃO COM CICLISTA;FINALIZADA;;07:24:00;BOA VISTA;AV CONDE DA BOA VISTA;;SEMÁFORO 486, SENTIDO GUARARAPES;;COM UMA VÍTIMA SENDO SOCORRIDA PELOS BOMBEIROS;;;;1.0;;1.0;;;;1.0;COM VÍTIMA;;AV CONDE DA BOA VISTA;;SEMÁFORO 486, SENTIDO GUARARAPES;BOA VISTA;;2018-05-08;;;;;;;;;;;;;;;;
COLISÃO COM CICLISTA;FINALIZADA;;12:55:00;SANTO AMARO;AV NORTE;;PROX. AO CEMITERIO DOS INGLESES, SEMAFORO 587;;MOTO E CICLISTA, COM DUAS VITIMAS;;1.0;;1.0;;;;;;2.0;COM VÍTIMA;;AV NORTE;;PROX. AO CEMITERIO DOS INGLESES, SEMAFORO 587;SANTO AMARO;;2018-05-09;;;;;;;;;;;;;;;;
COLISÃO COM CICLISTA;CANCELADA;;17:31:00;AFOGADOS;RUA COSME VIANA;181;PROX. AO EROS HOTEL;;AUTO E CICLISTA;1.0;;;1.0;;;;;;1.0;COM VÍTIMA;;RUA COSME VIANA;181;PROX. AO EROS HOTEL;AFOGADOS;;2018-05-18;;;;;;;;;;;;;;;;
COLISÃO COM CICLISTA;FINALIZADA;;09:14:00;ARRUDA;AV BEBERIBE;131;E/F AO POSTO DE GASOLINA PETROBRAS. SENTIDO ENCRUZILHADA;;COM UMA VÍTIMA. EM ATENDIMENTO PELOS BOMBEIROS.;;;;1.0;;1.0;;;;1.0;COM VÍTIMA;;AV BEBERIBE;131;E/F AO POSTO DE GASOLINA PETROBRAS. SENTIDO ENCRUZILHADA;ARRUDA;;2018-05-23;;;;;;;;;;;;;;;;