tipo;situacao;data;hora;bairro;endereco;numero;complemento;natureza;descricao;auto;moto;ciclom;ciclista;pedestre;onibus;caminhao;viatura;outros;vitimas;natureza_acidente;detalhe_endereco_acidente;endereco_cruzamento;numero_cruzamento;referencia_cruzamento;bairro_cruzamento;vitimasfatais;DATA;num_semaforo;sentido_via;acidente_verificado;tempo_clima;situacao_semaforo;sinalizacao;condicao_via;conservacao_via;ponto_controle;situacao_placa;velocidade_max_via;mao_direcao;divisao_via1;divisao_via2;divisao_via3;Protocolo
COLISÃO COM CICLISTA;FINALIZADA;;19:24:00;IMBIRIBEIRA;AV MARECHAL MASCARENHAS DE MORAES;;ENF A LOJA DA TROLLE ( JEEP) SENTIDO AEROPORTO;;MOTO X CLASSIC X CICLISTA;1.0;1.0;;1.0;;;;;;0.0;SEM VÍTIMA;;AV MARECHAL MASCARENHAS DE MORAES;;ENF A LOJA DA TROLLE ( JEEP) SENTIDO AEROPORTO;IMBIRIBEIRA;;2018-10-11;;;;;;;;;;;;;;;;
COLISÃO COM CICLISTA;FINALIZADA;;14:03:00;SÃO JOSÉ;AV DANTAS BARRETO;;SENT/AFOGADOS AO LADO DO CAMELODROMO;;COM DUAS VITIMAS,UMA SOCORRIDA PELO SAMU,E A OUTRA AGUARDANDO SOCORRO;;;;1.0;;1.0;;;;2.0;COM VÍTIMA;;AV DANTAS BARRETO;;SENT/AFOGADOS AO LADO DO CAMELODROMO;SÃO JOSÉ;;2018-10-16;;;;;;;;;;;;;;;;
COLISÃO COM CICLISTA;FINALIZADA;;10:37:00;BOMBA DO HEMETÉRIO;RUA BOMBA DO HEMETERIO;135;AO LADO DO DEPÓSITO EDVALDO BEBIDAS E PADARIA DA BOMBA;;MOTO X CICLISTA - VT 04 NO QTH.;;1.0;;1.0;;;;;;1.0;COM VÍTIMA;;RUA BOMBA DO HEMETERIO;135;AO LADO DO DEPÓSITO EDVALDO BEBIDAS E PADARIA DA BOMBA;BOMBA DO HEMETÉRIO;;2018-10-19;;;;;;;;;;;;;;;;
COLISÃO COM CICLISTA;FINALIZADA;;08:33:00;BOA VIAGEM;RUA GENERAL SALGADO;;CRUZ COM A RUA BISPO CARDOSO AYRES EM FRENTE AO EDIFICIO CHATON;;AUTO CICLISTA VITIMAS SOCORRIDAS PELO SAMU;;1.0;;1.0;;;;;;2.0;COM VÍTIMA;RUA BISPO CARDOSO AYRES;RUA GENERAL SALGADO;;CRUZ COM A RUA BISPO CARDOSO AYRES EM FRENTE AO EDIFICIO CHATON;BOA VIAGEM;;2018-10-20;;;;;;;;;;;;;;;;
COLISÃO COM CICLISTA;FINALIZADA;;20:41:00;CASA AMARELA;AV NORTE;;PROX A FARMACIA PAGUE MENOS;;CAMINHAO GUINCHO X CICLISTA;;;;1.0;;;1.0;;;1.0;COM VÍTIMA;COR DO BARTOLOMEU;AV NORTE;;PROX A FARMACIA PAGUE MENOS;CASA AMARELA;;2018-10-22;;CID/SUB;;;;;;;;;;;;;;
COLISÃO COM CICLISTA;FINALIZADA;;07:47:00;AFOGADOS;RUA VINTE E UM DE ABRIL;1077;EM FRENTE A PADARIA IPIRANGA;;VITIMAS AGUARDANDO SAMU;;1.0;;1.0;;;;;;2.0;COM VÍTIMA;;RUA VINTE E UM DE ABRIL;1077;EM FRENTE A PADARIA IPIRANGA;AFOGADOS;;2018-10-23;;;;;;;;;;;;;;;;
COLISÃO COM CICLISTA;FINALIZADA;;17:56:00;AREIAS;AV RECIFE;1015;LADO OPOSTO À EMLURB;;COLISÃO ENTRE AUTO E CICLISTA;1.0;;;1.0;;;;;;2.0;COM VÍTIMA;;AV RECIFE;1015;LADO OPOSTO À EMLURB;AREIAS;;2018-10-23;;CID/SUB;Longo da via;Bom;Não existe;Perfeito estado;Seca;Perfeito estado;Não existe;Outras;;Dupla;Canteiro central;;;
COLISÃO COM CICLISTA;FINALIZADA;;10:55:00;ROSARINHO;AV NORTE;3015;EM FRENTE A PADARIA ROSARINHO;;VT 31 NO QTH CILISTA E AUTO;1.0;;;1.0;;;;;;1.0;COM VÍTIMA;;AV NORTE;3015;EM FRENTE A PADARIA ROSARINHO;ROSARINHO;;2018-10-24;;SUB/CID;;;;;;;;;;;;;;
COLISÃO COM CICLISTA;FINALIZADA;;12:32:00;BOA VISTA;AV CONDE DA BOA VISTA;;EM CIMA DA PONTE DUARTE COELHO, SENTIDO CENTRO;;OINIBUS E CICLISTA C/V;;;;1.0;;1.0;;;;1.0;COM VÍTIMA;;AV CONDE DA BOA VISTA;;EM CIMA DA PONTE DUARTE COELHO, SENTIDO CENTRO;BOA VISTA;;2018-10-24;;;;;;;;;;;;;;;;
COLISÃO COM CICLISTA;FINALIZADA;;11:54:00;ESPINHEIRO;AV NORTE;;EM FRENTE AO CENTRO DA JUVENTUDE;;VEÍCULO COLIDIU COM BICICLETA;1.0;;;1.0;;;;;;1.0;COM VÍTIMA;;AV NORTE;;EM FRENTE AO CENTRO DA JUVENTUDE;ESPINHEIRO;;2018-10-25;;SUB/CID;Longo da via;Bom;Com defeito;Perfeito estado;Seca;Perfeito estado;Não existe;R6A e R6B;;Dupla;Canteiro central;;;
COLISÃO COM CICLISTA;FINALIZADA;;18:02:00;TAMARINEIRA;AV NORTE;4014;PROX AGILIZE PROX AO ANTIGO HOTEL VIA NORTE;;ONIBUS PEDROSA X CICLISTA;;;;1.0;;1.0;;;;1.0;COM VÍTIMA;RUA MARIO BHERING;AV NORTE;4014;PROX AGILIZE PROX AO ANTIGO HOTEL VIA NORTE;TAMARINEIRA;;2018-10-25;;CID/SUB;Longo da via;Bom;Não existe;Perfeito estado;Seca;Perfeito estado;Não existe;Não há placas;60 km/h;Dupla;FAIXA;;;
COLISÃO COM CICLISTA;FINALIZADA;;09:04:00;CORDEIRO;AV CAXANGA;;SENTIDO SUBÚRBIO /CIDADE, EM FRENTE A ACADEMIA DA CIDADE;;A AGENTE INFORMOU QUE O VEÍCULO EVADIU-SE DO LOCAL, O PÉRITO INFORMOU QUE O IC, NÃO IRIA AO LOCAL;1.0;;;1.0;;;;;;1.0;COM VÍTIMA;;AV CAXANGA;;SENTIDO SUBÚRBIO /CIDADE, EM FRENTE A ACADEMIA DA CIDADE;CORDEIRO;;2018-10-26;;SUB/CID;Longo da via;Bom;Não existe;Não existente;Seca;Perfeito estado;;R6A;;Única;Faixa seccionada;;;
COLISÃO COM CICLISTA;FINALIZADA;;18:05:00;VÁRZEA;AV PROFESSOR ARTUR DE SA;1182;AO LADO DA UFPE;;MOTO E CICLISTA;;1.0;;1.0;;;;;;2.0;COM VÍTIMA;AV DOS ECONOMISTAS;AV PROFESSOR ARTUR DE SA;1182;AO LADO DA UFPE;VÁRZEA;;2018-10-29;;;Longo da via;Bom;Não existe;Perfeito estado;Seca;Perfeito estado;Não existe;Não há placas;;Dupla;FAIXA;;;
COLISÃO COM CICLISTA;FINALIZADA;;13:30:00;ROSARINHO;AV NORTE;;;;COLISÃO ENTRE DOIS CAMINHÕES E UM CICLISTA.;;;;1.0;;;2.0;;;1.0;COM VÍTIMA;AV JOAO DE BARROS;AV NORTE;;;ROSARINHO;;2018-10-26;43.0;CID/SUB;Longo da via;Bom;Sem defeito;Perfeito estado;Seca;Perfeito estado;Agente;;;Dupla;Canteiro central;;;
COLISÃO COM CICLISTA;FINALIZADA;;13:31:00;ÁGUA FRIA;AV BEBERIBE;2595;EM FENTE À ESCOLA PROF. PEDRO AUGUSTO;;ÔNIBUS X CICLISTA;;;;1.0;;1.0;;;;1.0;COM VÍTIMA;;AV BEBERIBE;2595;EM FENTE À ESCOLA PROF. PEDRO AUGUSTO;ÁGUA FRIA;;2018-11-03;;CIDADE;Longo da via;Bom;Não existe;Não existente;Seca;Perfeito estado;Faixa de pedestre;;;Dupla;FAIXA;;;
COLISÃO COM CICLISTA;FINALIZADA;;13:40:00;TAMARINEIRA;AV PROFESSOR JOSE DOS ANJOS;4200;ENF AO HOTEL NEXOS;;MOTO X CICLISTA;;1.0;;1.0;;;;;;1.0;COM VÍTIMA;RUA CABO ARAGAO;AV PROFESSOR JOSE DOS ANJOS;4200;ENF AO HOTEL NEXOS;TAMARINEIRA;;2018-11-04;;CIDADE;Longo da via;Bom;Não existe;Perfeito estado;Seca;Perfeito estado;Não existe;Não há placas;50 km/h;Única;Faixa seccionada;;;
COLISÃO COM CICLISTA;FINALIZADA;;07:13:00;IBURA;AV RECIFE;2734;PRÓX À LOCADORA DE VANS;;MOTO X CICLISTA - GM NO QTH;;1.0;;1.0;;;;;;1.0;COM VÍTIMA;AV DOM HELDER CAMARA;AV RECIFE;2734;PRÓX À LOCADORA DE VANS;IBURA;;2018-11-07;16.0;SUBURBIO;Cruzamento;Bom;Sem defeito;Perfeito estado;Seca;Perfeito estado;Agente;;;Dupla;Faixa;;;
COLISÃO COM CICLISTA;FINALIZADA;;18:20:00;BOA VIAGEM;AV CONSELHEIRO AGUIAR;4777;E/F AO BANCO DO BRADESCO DO TERMINAL DE BV;;ENTRE AUTO E CICLISTA. C/V;1.0;;;1.0;;;;;;1.0;COM VÍTIMA;;AV CONSELHEIRO AGUIAR;4777;E/F AO BANCO DO BRADESCO DO TERMINAL DE BV;BOA VIAGEM;;2018-11-07;;CIDADE;Longo da via;Chuvoso;Não existe;Perfeito estado;Molhada;Perfeito estado;Não existe;Não há placas;;Única;Faixa;;;
COLISÃO COM CICLISTA;FINALIZADA;;20:55:00;AFOGADOS;EST DOS REMEDIOS;;POSTO BR.;;VT DA PM DA LEI SECA;1.0;;;1.0;;;;;;1.0;COM VÍTIMA;EST DO BONGI;EST DOS REMEDIOS;;POSTO BR.;AFOGADOS;;2018-11-07;394.0;CIDADE;Esquina;Chuvoso;Sem defeito;Perfeito estado;Molhada;Perfeito estado;Faixa de pedestre;Outras;;Única;Faixa;;;
COLISÃO COM CICLISTA;FINALIZADA;;11:53:00;MUSTARDINHA;AV MANOEL GONCALVES DA LUZ;548;;;CAMINHÃO E CICLISTA;;;;1.0;;;1.0;;;1.0;COM VÍTIMA;;AV MANOEL GONCALVES DA LUZ;548;;MUSTARDINHA;;2018-11-08;;;Longo da via;Bom;Não existe;Perfeito estado;Seca;Perfeito estado;Não existe;R-6a;;Dupla;Faixa;;;
COLISÃO COM CICLISTA;FINALIZADA;;16:44:00;IPUTINGA;RUA TERRA GRANDE;;EM FRENTE AO PORTAO DO DETRAN;;AUTO E CICLISTA C/V;1.0;;;1.0;;;;;;1.0;COM VÍTIMA;RUA BARAO DE ITAPISSUMA;RUA TERRA GRANDE;;EM FRENTE AO PORTAO DO DETRAN;IPUTINGA;;2018-11-10;;;Longo da via;Bom;Não existe;;Seca;Perfeito estado;Não existe;;;Dupla;;;;
COLISÃO COM CICLISTA;FINALIZADA;;15:39:00;CABANGA;PTE AGAMENON MAGALHAES;;PRÓXIMO A LOMBADA ELETRÔNICA;;MOTO E CICLISTA;;1.0;;1.0;;;;;;1.0;COM VÍTIMA;;PTE AGAMENON MAGALHAES;;PRÓXIMO A LOMBADA ELETRÔNICA;CABANGA;;2018-11-11;;CIDADE;Ponte;Bom;Não existe;Perfeito estado;Seca;Perfeito estado;;Outras;40 km/h;Única;Faixa;;;
COLISÃO COM CICLISTA;FINALIZADA;;10:30:00;BRASÍLIA TEIMOSA;AV BRASILIA FORMOSA;12;PROX AO POSTO 1 DO SALVA VIDA / NA ORLA. EM FRENTE A ARENA BRASÍLIA TEIMOSA;;COLISAO COM CICLISTA;1.0;;;1.0;;;;;;1.0;COM VÍTIMA;RUA PARU;AV BRASILIA FORMOSA;12;PROX AO POSTO 1 DO SALVA VIDA / NA ORLA. EM FRENTE A ARENA BRASÍLIA TEIMOSA;BRASÍLIA TEIMOSA;;2018-11-15;;;Longo da via;Bom;Não existe;Não existente;Seca;Mal conservada;Não existe;Não há placas;30 km/h;Dupla;Faixa;;;
COLISÃO COM CICLISTA;FINALIZADA;;13:39:00;BARRO;AV DR JOSE RUFINO;1807;APÓS A IGREJA DO BARRO. EM FRENTE AO CONDOMÍNIO MORADA DO BARRO.;;AUTO E CICLISTA;1.0;;;1.0;;;;;;1.0;COM VÍTIMA;;AV DR JOSE RUFINO;1807;APÓS A IGREJA DO BARRO. EM FRENTE AO CONDOMÍNIO MORADA DO BARRO.;BARRO;;2018-11-18;;CIDADE;Longo da via;Bom;Não existe;Perfeito estado;Seca;Perfeito estado;Faixa de pedestre;"Placas ""Pare""";40 km/h;Dupla;Faixa;;;
COLISÃO COM CICLISTA;FINALIZADA;;16:43:00;MADALENA;AV BEIRA RIO;130;RUA ARLINDO GOUVEIA / EDF AUTARES;;AUTO X CICLISTA - VT 15 NO QTH;1.0;;;1.0;;;;;;0.0;SEM VÍTIMA;;AV BEIRA RIO;130;RUA ARLINDO GOUVEIA / EDF AUTARES;MADALENA;;2018-11-19;;CIDADE;Cruzamento;Bom;Não existe;Perfeito estado;Seca;Perfeito estado;Faixa de retenção;"Placas ""Dê a preferência""";40 km/h;Única;Faixa seccionada;;;
COLISÃO COM CICLISTA;FINALIZADA;;18:31:00;IMBIRIBEIRA;AV MARECHAL MASCARENHAS DE MORAES;2156;ENF A ITALIANA;;;;;;1.0;;1.0;;;;1.0;COM VÍTIMA;AV LUXEMBURGO;AV MARECHAL MASCARENHAS DE MORAES;2156;ENF A ITALIANA;IMBIRIBEIRA;;2018-11-21;502.0;SUBURBIO;Longo da via;Bom;Não existe;Perfeito estado;Seca;Perfeito estado;Não existe;Não há placas;;Única;Faixa;;;
COLISÃO TRASEIRA;FINALIZADA;;18:22:00;SANTO ANTÔNIO;PTE PRINCESA IZABEL;;SOBRE A PONTE;;FOX X MOTO X CICLISTA;1.0;1.0;;1.0;;;;;;0.0;SEM VÍTIMA;;PTE PRINCESA IZABEL;;SOBRE A PONTE;SANTO ANTÔNIO;;2018-11-23;;CIDADE;Longo da via;Bom;Sem defeito;Perfeito estado;Seca;Perfeito estado;Outros;Não há placas;;Dupla;Faixa;;;
COLISÃO COM CICLISTA;FINALIZADA;;18:25:00;BOA VISTA;AV CONDE DA BOA VISTA;;ENF A FACULDADE SAO MIGUEL;;MOTO X CICLISTA;;1.0;;1.0;;;;;;2.0;COM VÍTIMA;;AV CONDE DA BOA VISTA;;ENF A FACULDADE SAO MIGUEL;BOA VISTA;;2018-11-23;;SUBURBIO;Longo da via;Bom;Não existe;Perfeito estado;Seca;Perfeito estado;Não existe;Não há placas;;Dupla;Faixa;;;
COLISÃO COM CICLISTA;FINALIZADA;;00:52:00;CASA AMARELA;AV DR EURICO CHAVES;;EM FRENTE AO RESTAURANTE MÃO DE VACA DO BETO // PRÓX A FARMÁCIA MANDACARÚ;;COLISÃO ENTRE AUTO E CICLISTA, COM VÍTIMA.;1.0;;;1.0;;;;;;1.0;COM VÍTIMA;;AV DR EURICO CHAVES;;EM FRENTE AO RESTAURANTE MÃO DE VACA DO BETO // PRÓX A FARMÁCIA MANDACARÚ;CASA AMARELA;;2018-11-25;;;Longo da via;Bom;Sem defeito;Perfeito estado;Seca;Perfeito estado;Outros;Outras;;Dupla;Faixa;;;
COLISÃO COM CICLISTA;FINALIZADA;;18:51:00;VASCO DA GAMA;AV NORTE;6140;ENF AO DESKONTAO;;RENO X CICLISTA;1.0;;;1.0;;;;;;1.0;COM VÍTIMA;RUA AVIADOR PINTO RIBEIRO;AV NORTE;6140;ENF AO DESKONTAO;VASCO DA GAMA;;2018-11-26;;SUBURBIO;Longo da via;Bom;Não existe;Perfeito estado;Seca;Perfeito estado;Faixa de pedestre;Outras;;Única;Faixa seccionada;;;
COLISÃO COM CICLISTA;FINALIZADA;;22:30:00;JARDIM SÃO PAULO;RUA LEANDRO BARRETO;;POSTO DA CELPE Nº B07160D;;ONIBUS X CICLISTA;;;;1.0;;1.0;;;;1.0;COM VÍTIMA;RUA LORENA;RUA LEANDRO BARRETO;;POSTO DA CELPE Nº B07160D;JARDIM SÃO PAULO;;2018-11-27;;SUBURBIO;Longo da via;Bom;Não existe;Ilegível;Seca;Mal iluminada;Não existe;Não há placas;30 km/h;Dupla;Canteiro central;;;
COLISÃO COM CICLISTA;FINALIZADA;;20:08:00;SÃO JOSÉ;RUA DO PEIXOTO;874;EM FRENTE À CAMPOSFRIO REFRIGERAÇÃO;;ÔNIBUS X CICLISTA;;;;1.0;;1.0;;;;1.0;COM VÍTIMA;RUA DA CONCORDIA;RUA DO PEIXOTO;874;EM FRENTE À CAMPOSFRIO REFRIGERAÇÃO;SÃO JOSÉ;;2018-11-28;182.0;SUBURBIO;Cruzamento;Bom;Sem defeito;Perfeito estado;Seca;Perfeito estado;;R-6a;;Única;Não existe;;;
COLISÃO;CANCELADA;;07:48:00;ALTO JOSÉ BONIFÁCIO;RUA CORREGO DO EUCLIDES;;EM FRENTE A ESCOLA MUNICIPAL CORREGO DO EUCLIDES;;COLISÃO COM 1 VITIMA A ESPERA DOS BOMBEIROS;;;;1.0;;1.0;;;;1.0;COM VÍTIMA;;RUA CORREGO DO EUCLIDES;;EM FRENTE A ESCOLA MUNICIPAL CORREGO DO EUCLIDES;ALTO JOSÉ BONIFÁCIO;;2018-12-03;;;;;;;;;;;;;;;;
COLISÃO COM CICLISTA;FINALIZADA;;02:51:00;SANTO ANTÔNIO;AV DANTAS BARRETO;;PROX DO CAMELODROMO, PROX DA GALERIA 910;;ATROPELAMENTO ENVOLVENDO ÔNIBUS E PEDESTRE C/V;;;;1.0;;1.0;;;;;VÍTIMA FATAL;RUA TOBIAS BARRETO;AV DANTAS BARRETO;;PROX DO CAMELODROMO, PROX DA GALERIA 910;SANTO ANTÔNIO;1.0;2018-12-04;382.0;SUBURBIO;Esquina;Bom;Sem defeito;Perfeito estado;Seca;Perfeito estado;Outros;Outras;;Dupla;Canteiro central;;;
COLISÃO COM CICLISTA;FINALIZADA;;10:48:00;CASA AMARELA;EST DO ARRAIAL;4230;EM FRENTE A COMERCIAL TOSCANO;;MOTO E CICLISTA;;1.0;;1.0;;;;;;2.0;COM VÍTIMA;;EST DO ARRAIAL;4230;EM FRENTE A COMERCIAL TOSCANO;CASA AMARELA;;2018-12-06;;SUBURBIO;Longo da via;Bom;Não existe;Perfeito estado;Seca;Perfeito estado;Não existe;Não há placas;40 km/h;Única;Faixa;;;
COLISÃO COM CICLISTA;FINALIZADA;;19:17:00;SANTO AMARO;AV NORTE;;EM CIMA DA PONTE DO LOMOEIRO;;AUTO X CICLISTA;1.0;;;1.0;;;;;;0.0;SEM VÍTIMA;;AV NORTE;;EM CIMA DA PONTE DO LOMOEIRO;SANTO AMARO;;2018-12-07;;CIDADE;Ponte;Bom;Sem defeito;Perfeito estado;Seca;Perfeito estado;;Outras;;Dupla;Faixa contínua;;;
COLISÃO COM CICLISTA;FINALIZADA;;13:28:00;CORDEIRO;RUA N S DA SAUDE;219;ANTES DA ASSEMBLEIA DE DEUS, SENTIDO CAXANGA;;AUTO E CICLISTA;1.0;;;1.0;;;;;;1.0;COM VÍTIMA;RUA DR GASTAO DA SILVEIRA;RUA N S DA SAUDE;219;ANTES DA ASSEMBLEIA DE DEUS, SENTIDO CAXANGA;CORDEIRO;;2018-12-10;;CAXANGÁ;Longo da via;Bom;Não existe;Perfeito estado;Seca;Perfeito estado;Outros;Não há placas;;Dupla;Faixa contínua;;;
COLISÃO COM CICLISTA;FINALIZADA;;11:25:00;TORRE;RUA REAL DA TORRE;;XXX;;COLISÃO ENTRE AUTO E CICLISTA.;1.0;;;1.0;;;;;;1.0;COM VÍTIMA;RUA CONDE DE IRAJA;RUA REAL DA TORRE;;XXX;TORRE;;2018-12-11;106.0;SUBURBIO;Cruzamento;Bom;Sem defeito;Perfeito estado;Seca;Perfeito estado;Faixa de pedestre;R-6a;;Única;;Faixa contínua;;
COLISÃO COM CICLISTA;FINALIZADA;;07:52:00;CORDEIRO;RUA N S DA SAUDE;;EM FRENTE A CRECHE MUNICIPAL MENINO JESUS DA BOMBA GRANDE. GREMLURB (GRÊMIO RECREATIVO DOS FUNCIONÁRIOS DA EMLURB.;;COLISÃO COM UMA VITIMA SENDO SOCORRIDA PELO SAMU;1.0;;;1.0;;;;;;1.0;COM VÍTIMA;RUA CORONEL FERNANDO FURTADO;RUA N S DA SAUDE;;EM FRENTE A CRECHE MUNICIPAL MENINO JESUS DA BOMBA GRANDE. GREMLURB (GRÊMIO RECREATIVO DOS FUNCIONÁRIOS DA EMLURB.;CORDEIRO;;2018-12-12;;;Esquina;Bom;Não existe;Incompleta;Seca;Perfeito estado;Não existe;Não há placas;;Dupla;Faixa contínua;;;
COLISÃO COM CICLISTA;FINALIZADA;;20:06:00;BOA VIAGEM;RUA FRANCISCO DA CUNHA;;EM FRENTE AO TAYSAN;;AUTO X CICLISTA;1.0;;;1.0;;;;;;0.0;SEM VÍTIMA;;RUA FRANCISCO DA CUNHA;;EM FRENTE AO TAYSAN;BOA VIAGEM;;2018-12-13;;CIDADE;Longo da via;Bom;Não existe;Perfeito estado;Seca;Perfeito estado;Agente;R-6a;;Única;Não existe;;;
COLISÃO COM CICLISTA;FINALIZADA;;20:49:00;AFOGADOS;RUA SAO MIGUEL;176;ENF AO DEPATRI E MINISTÉRIO PÚBLICO;;CAMINHAO X CICLISTA;;;;1.0;;;1.0;;;;VÍTIMA FATAL;;RUA SAO MIGUEL;176;ENF AO DEPATRI E MINISTÉRIO PÚBLICO;AFOGADOS;1.0;2018-12-14;;SUBURBIO;Longo da via;Bom;Sem defeito;Perfeito estado;Seca;Perfeito estado;Faixa de pedestre;;;Dupla;Faixa;;;
ABALROAMENTO LONGITUDINAL;FINALIZADA;;20:08:00;SÃO JOSÉ;RUA IMPERIAL;;SEMÁFORO DE Nº 511;;AUTO X CICLISTA;1.0;;;1.0;;;;;;0.0;SEM VÍTIMA;TRV PADRE AZEVEDO;RUA IMPERIAL;;SEMÁFORO DE Nº 511;SÃO JOSÉ;;2018-12-18;511.0;SUBURBIO;Cruzamento;Bom;Sem defeito;Perfeito estado;Seca;Perfeito estado;Faixa de pedestre;Não há placas;;Única;Faixa contínua;;;
COLISÃO COM CICLISTA;FINALIZADA;;16:01:00;PINA;AV ENGENHEIRO DOMINGOS FERREIRA;;EM FRENTE A ESCOLA MUNICIPAL OSWALDO LIMA FILHO, SENTIDO BOA VIAGEM;;AUTO E CICLISTA;1.0;;;1.0;;;;;;1.0;COM VÍTIMA;RUA TOME GIBSON;AV ENGENHEIRO DOMINGOS FERREIRA;;EM FRENTE A ESCOLA MUNICIPAL OSWALDO LIMA FILHO, SENTIDO BOA VIAGEM;PINA;;2018-12-19;200.0;;;;;;;;;;;;;;;
COLISÃO COM CICLISTA;FINALIZADA;;19:20:00;IPUTINGA;AV CAXANGA;3489;ENFRENTE AO PERNAMBUCO DA SORTE E O BANCO DO BRASIL;;COLISÃO COM VITIMA/ VITIMA AGUARDANDO ATENDIMENTO NO LOCAL;;;;1.0;;1.0;;;;1.0;COM VÍTIMA;RUA GENERAL CANDIDO BORGES CASTELO BRANCO;AV CAXANGA;3489;ENFRENTE AO PERNAMBUCO DA SORTE E O BANCO DO BRASIL;IPUTINGA;;2018-12-19;229.0;CIDADE;Cruzamento;Bom;Sem defeito;Perfeito estado;Seca;Perfeito estado;Faixa de pedestre;;60 km/h;Dupla;Canteiro central;;;
COLISÃO COM CICLISTA;FINALIZADA;;17:01:00;ZUMBI;RUA CONS THEODORO;25;;;MOTO DA POLICIA E BICICLETA COM DUAS CRIANÇAS;;1.0;;1.0;;;;;;2.0;COM VÍTIMA;;RUA CONS THEODORO;25;;ZUMBI;;2018-12-20;;SUBURBIO;Longo da via;Bom;Não existe;Não existente;Seca;Perfeito estado;Não existe;"Placas ""Pare""";;Dupla;Faixa contínua;;;
COLISÃO COM CICLISTA;FINALIZADA;;00:27:00;CABANGA;PRC GOVERNADOR PAULO GUERRA;;COM LARGO DO CABANGA , SEMAFORO Nº662;;AUTO E CICLISTA;1.0;;;1.0;;;;;;1.0;COM VÍTIMA;LARGO DO CABANGA;PRC GOVERNADOR PAULO GUERRA;;COM LARGO DO CABANGA , SEMAFORO Nº662;CABANGA;;2018-12-27;662.0;SUBURBIO;Longo da via;Bom;Com defeito;Perfeito estado;Seca;Perfeito estado;Faixa de pedestre;Não há placas;;Dupla;Faixa contínua;Canteiro central;;
COLISÃO COM CICLISTA;FINALIZADA;;12:28:00;CABANGA;AV SUL;1022;EMBAIXO DO VIADUTO;;ATROPELAMENTO ENVOLVENDO UMA CRIANÇA;1.0;;;1.0;;;;;;1.0;COM VÍTIMA;;AV SUL;1022;EMBAIXO DO VIADUTO;CABANGA;;2018-12-30;205.0;CIDADE;Longo da via;Bom;Não existe;Não existente;Seca;Perfeito estado;Não existe;Não há placas;;Dupla;Canteiro central;;;
COLISÃO COM CICLISTA;FINALIZADA;;08:17:00;JAQUEIRA;RUA TITO ROSAS;63;ED. JARDINS DA JAQUEIRA;;COLISÃO ENVOLVENDO ÔNIBUS E BICICLETA COM VÍTIMA. EQUIPE DEPAROU-SE COM O ACIDENTE.;;;;1.0;;1.0;;;;1.0;COM VÍTIMA;;RUA TITO ROSAS;63;ED. JARDINS DA JAQUEIRA;JAQUEIRA;;2019-01-01;;SUBURBIO;Longo da via;Bom;Não existe;Perfeito estado;Seca;Perfeito estado;Não existe;Não há placas;40 km/h;Única;Faixa seccionada;;;
COLISÃO COM CICLISTA;FINALIZADA;;15:32:00;BONGI;EST DO BONGI;919;PROXIMO A DELEGACIA DO BONGI;;COM VÍTIMA;;;;1.0;;;1.0;;;;VÍTIMA FATAL;AV MANOEL GONCALVES DA LUZ;EST DO BONGI;919;PROXIMO A DELEGACIA DO BONGI;BONGI;1.0;2019-01-02;;CIDADE;Cruzamento;Bom;Sem defeito;Perfeito estado;Seca;Mal conservada;Outros;;;Dupla;Faixa contínua;;;
COLISÃO COM CICLISTA;FINALIZADA;;15:59:00;CORDEIRO;RUA GOMES TABORDA;1826;E/F AO COLEGIO GERAÇÃO ATIVA;;COLISAO ENTRE AUTO E CICLISTA;1.0;;;1.0;;;;;;0.0;SEM VÍTIMA;RUA ADELMAR TAVARES;RUA GOMES TABORDA;1826;E/F AO COLEGIO GERAÇÃO ATIVA;CORDEIRO;;2019-01-03;;SUBURBIO;Longo da via;Bom;Não existe;Perfeito estado;Seca;Perfeito estado;Agente;Placas Pare;40 km/h;Dupla;Faixa contínua;;;