tipo;situacao;data;hora;bairro;endereco;numero;complemento;natureza;descricao;auto;moto;ciclom;ciclista;pedestre;onibus;caminhao;viatura;outros;vitimas;natureza_acidente;detalhe_endereco_acidente;endereco_cruzamento;numero_cruzamento;referencia_cruzamento;bairro_cruzamento;vitimasfatais;DATA;num_semaforo;sentido_via;acidente_verificado;tempo_clima;situacao_semaforo;sinalizacao;condicao_via;conservacao_via;ponto_controle;situacao_placa;velocidade_max_via;mao_direcao;divisao_via1;divisao_via2;divisao_via3;Protocolo
COLISÃO COM CICLISTA;FINALIZADA;;07:31:00;CABANGA;AV GOVERNADOR PAULO GUERRA;;PROX A COMPESA;;BICICLETA E MOTO;;1.0;;1.0;;;;;;2.0;COM VÍTIMA;;AV GOVERNADOR PAULO GUERRA;;PROX A COMPESA;CABANGA;;2019-01-08;662.0;SUBURBIO;Longo da via;Bom;Sem defeito;Perfeito estado;Seca;Perfeito estado;Outros;Outras;;Única;Faixa;;;
COLISÃO COM CICLISTA;FINALIZADA;;15:32:00;ÁGUA FRIA;AV BEBERIBE;;EM FRENTE AO MERCADO DE ÁGUA FRIA;;COM VÍTIMA;1.0;;;1.0;;;;;;1.0;COM VÍTIMA;;AV BEBERIBE;;EM FRENTE AO MERCADO DE ÁGUA FRIA;ÁGUA FRIA;;2019-01-09;405.0;;Longo da via;Bom;Sem defeito;Perfeito estado;Seca;Perfeito estado;;Outras;;Dupla;Faixa;;;
COLISÃO COM CICLISTA;FINALIZADA;;15:35:00;CASA AMARELA;RUA CORREGO DO EUCLIDES;114;AO LADO DA MERCEARIA PREÇO BOM.;;COLISÃO ENTRE MOTOCICLETA E CICLISTA.;;1.0;;1.0;;;;;;1.0;COM VÍTIMA;;RUA CORREGO DO EUCLIDES;114;AO LADO DA MERCEARIA PREÇO BOM.;CASA AMARELA;;2019-01-12;;SUBURBIO;Longo da via;Chuvoso;Não existe;Incompleta;Molhada;Perfeito estado;Outros;Outras;;Dupla;Faixa seccionada;;;
COLISÃO COM CICLISTA;FINALIZADA;;17:51:00;SÃO JOSÉ;AV SUL;;POR BAIXO DO VIADUTO CAP TEMUDO, AO LADO DO POSTO BR;;ENTRE AUTO E CICLISTA. C/V;1.0;;;1.0;;;;;;1.0;COM VÍTIMA;;AV SUL;;POR BAIXO DO VIADUTO CAP TEMUDO, AO LADO DO POSTO BR;SÃO JOSÉ;;2019-01-12;;CIDADE;Longo da via;Chuvoso;Não existe;Perfeito estado;Molhada;Mal iluminada;Outros;Outras;;Única;Faixa seccionada;;;
COLISÃO COM CICLISTA;FINALIZADA;;20:10:00;IMBIRIBEIRA;AV MARECHAL MASCARENHAS DE MORAES;;AO LADO DO BANCO ITAU;;CICLISTA ESTA NO CHÃO AGUARDANDO ATENDIMENTO;1.0;;;1.0;;;;;;2.0;COM VÍTIMA;RUA ITACARI;AV MARECHAL MASCARENHAS DE MORAES;;AO LADO DO BANCO ITAU;IMBIRIBEIRA;;2019-01-13;225.0;SUBURBIO;Cruzamento;Bom;Sem defeito;Perfeito estado;Seca;Perfeito estado;Faixa de pedestre;R-6a;;Dupla;Faixa contínua;Faixa seccionada;Canteiro central;
COLISÃO COM CICLISTA;FINALIZADA;;15:03:00;CASA AMARELA;EST DO ARRAIAL;4265;APOS O MERCADO DE CASA AMARELA, EM FRENTE A CASA FORTE DIAGNOSTICO;;AUTO E CICLISTA;1.0;;;1.0;;;;;;1.0;COM VÍTIMA;RUA RAIMUNDO FREIXEIRA;EST DO ARRAIAL;4265;APOS O MERCADO DE CASA AMARELA, EM FRENTE A CASA FORTE DIAGNOSTICO;CASA AMARELA;;2019-01-18;;SUBURBIO;Longo da via;Bom;Sem defeito;Perfeito estado;Seca;Perfeito estado;Não existe;Não há placas;;Única;Faixa seccionada;;;
ABALROAMENTO LONGITUDINAL;FINALIZADA;;06:47:00;AREIAS;AV RECIFE;578;;;SEM VÍTIMAS;1.0;;;1.0;;;;;;0.0;SEM VÍTIMA;AV TAPAJOS;AV RECIFE;578;;AREIAS;;2019-01-21;620.0;SUBURBIO;Cruzamento;Bom;Sem defeito;Perfeito estado;Seca;Perfeito estado;Faixa de pedestre;R-6a;;Dupla;Faixa seccionada;;;
COLISÃO COM CICLISTA;FINALIZADA;;11:05:00;SANTO AMARO;AV DR JAYME DA FONTE;;NA CURVA AO LADO DO HOSPITAL NAVAL/SENTIDO OLINDA;;SAMU NO LOCAL;1.0;;;1.0;;;;;;1.0;COM VÍTIMA;;AV DR JAYME DA FONTE;;NA CURVA AO LADO DO HOSPITAL NAVAL/SENTIDO OLINDA;SANTO AMARO;;2019-01-21;343.0;SUBURBIO;Longo da via;Bom;Sem defeito;Perfeito estado;Seca;Perfeito estado;Não existe;Não há placas;60 km/h;Dupla;Faixa seccionada;Canteiro central;;
COLISÃO COM CICLISTA;FINALIZADA;;18:18:00;IMBIRIBEIRA;AV MARECHAL MASCARENHAS DE MORAES;7787;E/F AO GINÁSIO DO GERALDÃO, SNT AEROPORTO / PRÓX AO HOME CENTER TEND TUDO E VENEZA MÁQUINAS.;;ENTRE AUTO E BIKE. C/V;1.0;;;1.0;;;;;;1.0;COM VÍTIMA;;AV MARECHAL MASCARENHAS DE MORAES;7787;E/F AO GINÁSIO DO GERALDÃO, SNT AEROPORTO / PRÓX AO HOME CENTER TEND TUDO E VENEZA MÁQUINAS.;IMBIRIBEIRA;;2019-01-24;;CIDADE;Longo da via;Bom;Sem defeito;Perfeito estado;Seca;Perfeito estado;Não existe;Não há placas;;Única;Faixa seccionada;;;
COLISÃO COM CICLISTA;FINALIZADA;;22:13:00;SANTO ANTÔNIO;AV MARTINS DE BARROS;;PRAÇA DA REPUBLICA/PONTE BUARQUE DE MACEDO.;;COLISÃO C/V;;1.0;;1.0;;;;;;1.0;COM VÍTIMA;;AV MARTINS DE BARROS;;PRAÇA DA REPUBLICA/PONTE BUARQUE DE MACEDO.;SANTO ANTÔNIO;;2019-01-25;164.0;SUBURBIO;Cruzamento;Bom;Sem defeito;Perfeito estado;Seca;Perfeito estado;Outros;Outras;;Única;Faixa contínua;;;
COLISÃO COM CICLISTA;FINALIZADA;;20:07:00;SANTO AMARO;RUA RAMPA;;PROX. AO SHOPPING TACARUNA;;MOTO X BICICLETA;;1.0;;1.0;;;;;;1.0;COM VÍTIMA;;RUA RAMPA;;PROX. AO SHOPPING TACARUNA;SANTO AMARO;;2019-01-29;;CIDADE;Longo da via;Bom;Sem defeito;Perfeito estado;Seca;Perfeito estado;;;;;;;;
COLISÃO COM CICLISTA;FINALIZADA;;11:58:00;SANTO AMARO;AV CRUZ CABUGA;;COLISÃO COM VÍTIMA ÔNIBUS DA EMPRESA CIDADE ALTA X CICLISTA - UMA SENHORA QUE ESTÁ NA ESPERA DE SOCORRO SAMU OU BOMBEIROS;;VW/ MARCO POLO TORINO PLACA - X BICICLETA;;;;1.0;;1.0;;;;1.0;COM VÍTIMA;RUA FREI CASSIMIRO;AV CRUZ CABUGA;;COLISÃO COM VÍTIMA ÔNIBUS DA EMPRESA X CICLISTA - UMA SENHORA QUE ESTÁ NA ESPERA DE SOCORRO SAMU OU BOMBEIROS;SANTO AMARO;;2019-01-30;;CIDADE;Cruzamento;Bom;Não existe;Perfeito estado;Seca;Perfeito estado;Não existe;Não há placas;60 km/h;Dupla;Faixa contínua;;;
COLISÃO COM CICLISTA;FINALIZADA;;19:10:00;BOA VIAGEM;RUA DR LUIZ INACIO PESSOA DE MELO;390;NA RUA DA ACADEMIA VIP FITNESS E RECIFE FLET;;AUTO E CICLISTA;1.0;;;1.0;;;;;;1.0;COM VÍTIMA;RUA MAJOR ARMANDO DE SOUZA MELLO;RUA DR LUIZ INACIO PESSOA DE MELO;390;NA RUA DA ACADEMIA VIP FITNESS E RECIFE FLET;BOA VIAGEM;;2019-01-30;;CIDADE;Longo da via;Bom;Não existe;Incompleta;Seca;Perfeito estado;Não existe;Não há placas;30 km/h;Dupla;Não existe;;;
COLISÃO COM CICLISTA;CANCELADA;;21:52:00;IPSEP;RUA ITAIMBE;271;APÓS A FBV / PRÓX AO PASTEL DA BAZINHA;;ENTRE AUTO E BIKE. CICLISTA SOLICITA O BAFÔMETRO NO LOCAL, ALEGANDO QUE O MOTORISTA APRESENTA SINAIS DE EMBRIAGUEZ.;1.0;;;1.0;;;;;;0.0;SEM VÍTIMA;;RUA ITAIMBE;271;APÓS A FBV / PRÓX AO PASTEL DA BAZINHA;IPSEP;;2019-01-30;;;;;;;;;;;;;;;;
ABALROAMENTO LONGITUDINAL;FINALIZADA;;17:31:00;CORDEIRO;AV CAXANGA;;EM FRENTE UNIDAS SEMINOVOS;;COLISÃO SEM VITIMAS/ AS PARTES ENVOLVIDAS FORAM: UM AUTO, MOTO E UM CICLISTA;1.0;1.0;;1.0;;;;;;0.0;SEM VÍTIMA;;AV CAXANGA;;EM FRENTE UNIDAS SEMINOVOS;CORDEIRO;;2019-01-31;;CIDADE;Longo da via;Bom;Não existe;Perfeito estado;Seca;Perfeito estado;Não existe;R-6a;;Dupla;Faixa seccionada;Canteiro central;;
COLISÃO COM CICLISTA;FINALIZADA;;16:35:00;LINHA DO TIRO;RUA URIEL DE HOLANDA;1650;PROX AO ARMAZEM OLIVEIRA.;;COLISAO ENTRE AUTO E CICLISTA;1.0;;;1.0;;;;;;1.0;COM VÍTIMA;;RUA URIEL DE HOLANDA;1650;PROX AO ARMAZEM OLIVEIRA.;LINHA DO TIRO;;2019-02-01;;SUBURBIO;Longo da via;Bom;Não existe;Não existente;Seca;Perfeito estado;Não existe;Não há placas;;Dupla;Não existe;;;
COLISÃO COM CICLISTA;FINALIZADA;;05:33:00;TEJIPIÓ;AV DR JOSE RUFINO;3579;PROX AO ARMAZEN CORAL, PROX DA ESTAÇÃO DE TEJIPIÓ. NA CURVA.;;COLISÃO ENTRE AUTO E CICLISTA C/V;1.0;;;1.0;;;;;;;VÍTIMA FATAL;;AV DR JOSE RUFINO;3579;PROX AO ARMAZEN CORAL, PROX DA ESTAÇÃO DE TEJIPIÓ. NA CURVA.;TEJIPIÓ;1.0;2019-02-05;;CIDADE;Longo da via;Chuvoso;Não existe;;Molhada;;Não existe;Outras;;Dupla;Faixa contínua;;;
COLISÃO COM CICLISTA;FINALIZADA;;09:39:00;IPUTINGA;EST DO BARBALHO;2471;EM FRENTE AO RESTAURANTE NOVA FAMA DO BODE E AO SALÃO DO REINO.;;COLISÃO ENTRE CAMINHONETE E CICLISTA.;1.0;;;1.0;;;;;;1.0;COM VÍTIMA;;EST DO BARBALHO;2471;EM FRENTE AO RESTAURANTE NOVA FAMA DO BODE E AO SALÃO DO REINO.;IPUTINGA;;2019-02-06;;CIDADE;Esquina;Chuvoso;Não existe;Não existente;Molhada;Perfeito estado;Não existe;Não há placas;;Única;Não existe;;;
COLISÃO COM CICLISTA;FINALIZADA;;20:16:00;MADALENA;RUA REAL DA TORRE;730;E/F LOJA DO CONDOMINIO;;COLISÃO COM VITIMA;1.0;;;1.0;;;;;;1.0;COM VÍTIMA;RUA DES LUIZ SALAZAR;RUA REAL DA TORRE;730;E/F LOJA DO CONDOMINIO;MADALENA;;2019-02-07;;SUBURBIO;Esquina;Bom;Não existe;Incompleta;Seca;Perfeito estado;Não existe;Não há placas;30 km/h;Dupla;Faixa seccionada;;;
COLISÃO COM CICLISTA;FINALIZADA;;11:42:00;CORDEIRO;AV CAXANGA;2117;EM FRENTE AEXPOSIÇÃO DE ANIMAIS,E A CAXANGA ACESSORIOS;;COM UMA VITIMA SENDO ATENDIDA PELO SAMU;;;;1.0;;1.0;;;;1.0;COM VÍTIMA;;AV CAXANGA;2117;EM FRENTE AEXPOSIÇÃO DE ANIMAIS,E A CAXANGA ACESSORIOS;CORDEIRO;;2019-02-08;;CIDADE;Longo da via;Bom;Não existe;Perfeito estado;Seca;Perfeito estado;Agente;Não há placas;60 km/h;Dupla;Canteiro central;;;
COLISÃO COM CICLISTA;FINALIZADA;;08:11:00;TEJIPIÓ;RUA DO SANCHO;235;APOS A ESTAÇÃO DE TEJIPIO EM FRENTE AO EDIFICIO DAS PALMEIRAS;;ATROPELAMENTO VITIMA SOCORRIDA PELO SAMU;1.0;;;1.0;;;;;;1.0;COM VÍTIMA;;RUA DO SANCHO;235;APOS A ESTAÇÃO DE TEJIPIO EM FRENTE AO EDIFICIO DAS PALMEIRAS;TEJIPIÓ;;2019-02-11;;SUBURBIO;Longo da via;Bom;Não existe;Perfeito estado;Seca;Perfeito estado;Não existe;Outras;;Dupla;Não existe;;;
COLISÃO COM CICLISTA;FINALIZADA;;10:17:00;AFOGADOS;RUA COSME VIANA;;EM FRENTE AO BC AUTO SERVICE;;COLISÃO ENTRE AUTO E BICICLETA.;1.0;;;1.0;;;;;;1.0;COM VÍTIMA;;RUA COSME VIANA;;EM FRENTE AO BC AUTO SERVICE;AFOGADOS;;2019-02-12;100.0;SUBURBIO;Longo da via;Bom;Sem defeito;Perfeito estado;Seca;Perfeito estado;Faixa de pedestre;R-6a;;Única;Faixa seccionada;;;
COLISÃO COM CICLISTA;CANCELADA;;14:48:00;ILHA DO LEITE;AV GOVERNADOR AGAMENON MAGALHAES;;APOS PASSAR O HOSPITAL PORTUGUES, PEGAR O RETORNO, QUE DA ACESSO AO HOPE;;AUTO E CICLISTA;1.0;;;1.0;;;;;;1.0;COM VÍTIMA;;AV GOVERNADOR AGAMENON MAGALHAES;;APOS PASSAR O HOSPITAL PORTUGUES, PEGAR O RETORNO, QUE DA ACESSO AO HOPE;ILHA DO LEITE;;2019-02-14;;;;;;;;;;;;;;;;
COLISÃO COM CICLISTA;FINALIZADA;;16:18:00;BOA VIAGEM;AV BOA VIAGEM;5030;EM FRENTE AO EDF. LUIS DIAS LINS;;ENTRE CICLISTA E ONIBUS DA BORBOREMA.;;;;1.0;;1.0;;;;1.0;COM VÍTIMA;;AV BOA VIAGEM;5030;EM FRENTE AO EDF. LUIS DIAS LINS;BOA VIAGEM;;2019-02-14;483.0;CIDADE;Longo da via;Bom;Sem defeito;Perfeito estado;Seca;Perfeito estado;Faixa de pedestre;;;Única;Faixa;;;
COLISÃO COM CICLISTA;FINALIZADA;;21:22:00;ILHA DO RETIRO;RUA SPORT CLUBE DO RECIFE;;ENF AO CLUBE DO SPORT;;COLISÃO ENTRE MOTO E CICLISTA.;;1.0;;1.0;;;;;;1.0;COM VÍTIMA;;RUA SPORT CLUBE DO RECIFE;;ENF AO CLUBE DO SPORT;ILHA DO RETIRO;;2019-02-14;481.0;SUBURBIO;Longo da via;Bom;Sem defeito;Perfeito estado;Seca;Perfeito estado;;R-6a;;Dupla;Canteiro central;;;
COLISÃO COM CICLISTA;FINALIZADA;;12:47:00;MANGABEIRA;AV NORTE;4341;APOS O SESC, SENTIDO RECIFE, NA ESQUINA DO POSTO BR;;COLISÃO ENVOLVENDO ONIBUS E CICLISTA.;;;;1.0;;1.0;;;;1.0;COM VÍTIMA;;AV NORTE;4341;APOS O SESC, SENTIDO RECIFE, NA ESQUINA DO POSTO BR;MANGABEIRA;;2019-02-15;643.0;CIDADE;Longo da via;Bom;Sem defeito;Perfeito estado;Seca;Perfeito estado;Faixa de retenção;R-6a;;Dupla;Faixa seccionada;Canteiro central;;
COLISÃO COM CICLISTA;FINALIZADA;;20:09:00;CABANGA;AV SATURNINO DE BRITO;;AO LADO DA COMPESA;;COLISÃO ENVOLVENDO AUTO E CICLISTA.;1.0;;;1.0;;;;;;1.0;COM VÍTIMA;;AV SATURNINO DE BRITO;;AO LADO DA COMPESA;CABANGA;;2019-02-16;;SUBURBIO;Longo da via;Bom;Sem defeito;Perfeito estado;Seca;Perfeito estado;Faixa de pedestre;Não há placas;;Única;Faixa seccionada;;;
COLISÃO COM CICLISTA;FINALIZADA;;07:05:00;IPUTINGA;RUA MAURICIO DE NASSAU;193;PROX. AO SUPERMERCADO RENDE MAIS, APOS A LOMBADA ELETRONICA;;COLISÃO ENVOLVENDO AUTO E CICLISTA.;1.0;;;1.0;;;;;;1.0;COM VÍTIMA;;RUA MAURICIO DE NASSAU;193;PROX. AO SUPERMERCADO RENDE MAIS, APOS A LOMBADA ELETRONICA;IPUTINGA;;2019-02-19;;CIDADE;Longo da via;Bom;Não existe;Perfeito estado;Seca;Perfeito estado;Não existe;Não há placas;;Dupla;Faixa contínua;;;
COLISÃO COM CICLISTA;FINALIZADA;;13:38:00;IMBIRIBEIRA;RUA JOAQUIM BANDEIRA;;SOB A ESTAÇÃO ANTÔNIO FALCÃO.;;COLISÃO ENVOLVENDO AUTO E CICLISTA.;1.0;;;1.0;;;;;;1.0;COM VÍTIMA;;RUA JOAQUIM BANDEIRA;;SOB A ESTAÇÃO ANTÔNIO FALCÃO.;IMBIRIBEIRA;;2019-02-19;;CIDADE;Longo da via;;Não existe;Perfeito estado;;Perfeito estado;Não existe;Não há placas;;Única;Faixa;;;
COLISÃO COM CICLISTA;FINALIZADA;;18:37:00;SANTO AMARO;AV CRUZ CABUGA;;EM FRENTE AO HOSPITAL DA MARINHA, CEMITERIO DOS INGLESES E DER.;;COLISÃO ENVOLVENDO ÔNIBUS E CICLISTA.;;;;1.0;;1.0;;;;1.0;COM VÍTIMA;;AV CRUZ CABUGA;;EM FRENTE AO HOSPITAL DA MARINHA, CEMITERIO DOS INGLESES E DER.;SANTO AMARO;;2019-02-19;;CIDADE;Longo da via;Bom;Não existe;Perfeito estado;Seca;Perfeito estado;Não existe;Outras;60 km/h;Dupla;Faixa seccionada;;;
COLISÃO COM CICLISTA;FINALIZADA;;18:31:00;AFOGADOS;EST DOS REMEDIOS;1603;CONCESSIONÁRIA HYUNDAI;;COLISÃO ENVOLVENDO AUTO E CICLISTA.;1.0;;;1.0;;;;;;1.0;COM VÍTIMA;RUA PADRE TEOFILO TWORZ;EST DOS REMEDIOS;1603;CONCESSIONÁRIA HYUNDAI;AFOGADOS;;2019-02-22;390.0;CIDADE;Cruzamento;Bom;Sem defeito;Perfeito estado;Seca;Perfeito estado;Faixa de pedestre;R-6a;;Única;Faixa contínua;;;
COLISÃO COM CICLISTA;FINALIZADA;;18:48:00;CASA FORTE;AV DEZESSETE DE AGOSTO;;ENF A PRC DE CASA FORTE E O POSTO POLICIAL. LADO OPOSTO A PARADA DE ÔNIBUS Nº 100090;;COLISÃO ENVOLVENDO MOTONETA E CICLISTA.;;;1.0;1.0;;;;;;1.0;COM VÍTIMA;;AV DEZESSETE DE AGOSTO;;ENF A PRC DE CASA FORTE E O POSTO POLICIAL. LADO OPOSTO A PARADA DE ÔNIBUS Nº 100090;CASA FORTE;;2019-02-24;;CIDADE;Longo da via;Bom;Sem defeito;Perfeito estado;Seca;Perfeito estado;;R-6a;60 km/h;Dupla;Faixa contínua;;;
COLISÃO COM CICLISTA;FINALIZADA;;12:18:00;COELHOS;RUA DOS COELHOS;351;EM FRENTE AO IMIP;;COLISÃO ENVOLVENDO MOTO E BICICLETA.;;1.0;;1.0;;;;;;1.0;COM VÍTIMA;;RUA DOS COELHOS;351;EM FRENTE AO IMIP;COELHOS;;2019-02-25;;CIDADE;Longo da via;Bom;Sem defeito;Perfeito estado;Seca;Perfeito estado;Faixa de pedestre;Não há placas;;Dupla;Faixa;;;
COLISÃO COM CICLISTA;FINALIZADA;;18:24:00;BOA VISTA;AV CONDE DA BOA VISTA;;EM FRENTE A FAFIRE;;COLISÃO ENVOLVENDO MOTO E BICICLETA.;;1.0;;1.0;;;;;;1.0;COM VÍTIMA;;AV CONDE DA BOA VISTA;;EM FRENTE A FAFIRE;BOA VISTA;;2019-02-25;;SUBURBIO;Longo da via;Bom;Não existe;Perfeito estado;Seca;Perfeito estado;Faixa de pedestre;Não há placas;;Dupla;Faixa contínua;;;
ATROPELAMENTO;DUPLICIDADE;;18:29:00;BOA VISTA;AV CONDE DA BOA VISTA;;EM FRENTE A FAFIRE, SENTIDO DERBY;;;;1.0;;1.0;;;;;;1.0;COM VÍTIMA;;AV CONDE DA BOA VISTA;;EM FRENTE A FAFIRE, SENTIDO DERBY;BOA VISTA;;2019-02-25;;;;;;;;;;;;;;;;
ABALROAMENTO LONGITUDINAL;FINALIZADA;;19:43:00;ZUMBI;AV CAXANGA;;SEMÁFORO 274;;ENTRE AUTO E BICICLETA. S/V;1.0;;;1.0;;;;;;0.0;SEM VÍTIMA;;AV CAXANGA;;SEMÁFORO 274;ZUMBI;;2019-02-26;274.0;CIDADE;Longo da via;Bom;Sem defeito;Perfeito estado;Seca;Perfeito estado;Faixa de pedestre;;;Dupla;Canteiro central;;;
COLISÃO COM CICLISTA;FINALIZADA;;07:06:00;BOA VISTA;RUA DOM BOSCO;1367;PONTO DE IMPACTO, PONTE RAIMUNDO LEITÃO. SEMÁFORO NÚMERO 174.;;COLISÃO ENVOLVENDO AUTO E BICICLETA.;1.0;;;1.0;;;;;;1.0;COM VÍTIMA;AV GOVERNADOR AGAMENON MAGALHAES;RUA DOM BOSCO;1367;PONTO DE IMPACTO, PONTE RAIMUNDO LEITÃO. SEMÁFORO NÚMERO 174.;BOA VISTA;;2019-02-27;174.0;CIDADE;Cruzamento;Bom;Sem defeito;Perfeito estado;Seca;Perfeito estado;Faixa de pedestre;Outras;60 km/h;Dupla;Faixa;Canteiro central;;
COLISÃO TRASEIRA;FINALIZADA;;19:00:00;PINA;AV HERCULANO BANDEIRA;73;CURVA APÓS A IGREJA DO PINA;;FIAT ARGO X ESPIN X CICLISTA;2.0;;;1.0;;;;;;1.0;COM VÍTIMA;;AV HERCULANO BANDEIRA;73;CURVA APÓS A IGREJA DO PINA;PINA;;2019-02-27;;SUBURBIO;Longo da via;Bom;Não existe;Perfeito estado;Seca;Perfeito estado;Não existe;Não há placas;;Única;Faixa contínua;Canteiro central;;
COLISÃO COM CICLISTA;FINALIZADA;;10:25:00;ESPINHEIRO;RUA CONS PORTELA;602;PROX. AO CHINA 48;;AUTO E CICLISTA;1.0;;;1.0;;;;;;1.0;COM VÍTIMA;;RUA CONS PORTELA;602;PROX. AO CHINA 48;ESPINHEIRO;;2019-03-01;;CIDADE;Longo da via;Bom;Não existe;Perfeito estado;Seca;Perfeito estado;Não existe;Outras;;Única;Faixa seccionada;;;
COLISÃO COM CICLISTA;FINALIZADA;;14:33:00;SANTO AMARO;RUA JOAO LIRA;;AO LADO DO PARQUE TREZE DE MAIO;;COLISÃO ENVOLVENDO UM AUTOMÓVEL E UMA BICICLETA.;1.0;;;1.0;;;;;;1.0;COM VÍTIMA;RUA DA SAUDADE;RUA JOAO LIRA;;AO LADO DO PARQUE TREZE DE MAIO;SANTO AMARO;;2019-03-04;308.0;SUBURBIO;Cruzamento;Chuvoso;Sem defeito;Perfeito estado;Molhada;Perfeito estado;Faixa de pedestre;Outras;;Única;Faixa contínua;;;
COLISÃO COM CICLISTA;FINALIZADA;;23:22:00;TORRE;RUA JOSE BONIFACIO;776;EM FRENTE AO RESTAURANTE CANECA FINA;;COLISÃO ENTRE AUTOMÓVEL E BICICLETA.;1.0;;;1.0;;;;;;1.0;COM VÍTIMA;;RUA JOSE BONIFACIO;776;EM FRENTE AO RESTAURANTE CANECA FINA;TORRE;;2019-03-07;;TORRE;Longo da via;Bom;Não existe;Perfeito estado;Seca;Perfeito estado;Não existe;Outras;;Única;Faixa seccionada;;;
COLISÃO COM CICLISTA;FINALIZADA;;01:57:00;ILHA JOANA BEZERRA;AV GOVERNADOR AGAMENON MAGALHAES;;SOBRE A PONTE JOSE DE BARROS LIMA;;VEÍCULO COLIDIU COM DOIS CICLISTAS E EVADIU-SE DO LOCAL.;1.0;;;2.0;;;;;;1.0;VÍTIMA FATAL;PTE JOSE DE BARROS LIMA;AV GOVERNADOR AGAMENON MAGALHAES;;SOBRE A PONTE JOSE DE BARROS LIMA;ILHA JOANA BEZERRA;1.0;2019-03-09;;CIDADE;Viaduto;Bom;Não existe;Perfeito estado;Seca;Perfeito estado;Não existe;Não há placas;;Dupla;Faixa seccionada;Canteiro central;;
COLISÃO COM CICLISTA;FINALIZADA;;12:42:00;SANTO AMARO;RUA DOS PALMARES;547;EM FRENTE AO COMANDO DA GUARDA CIVIL MUNICIPAL DO RECIFE.;;COLISÃO ENTRE AUTOMÓVEL E BICICLETA.;1.0;;;1.0;;;;;;1.0;COM VÍTIMA;;RUA DOS PALMARES;547;EM FRENTE AO COMANDO DA GUARDA CIVIL MUNICIPAL DO RECIFE.;SANTO AMARO;;2019-03-10;;CIDADE;Longo da via;Bom;Não existe;Perfeito estado;Seca;Perfeito estado;Não existe;Não há placas;;Dupla;Faixa seccionada;;;
COLISÃO COM CICLISTA;FINALIZADA;;16:26:00;TAMARINEIRA;RUA TELES JUNIOR;33;EM FRENTE AO CONDOMÍNIO PEDRO LIMA VILLAGE // PRÓX AO RESTAURANTE POLO DO BAIANO;;VIATURA DOS BOMBEIROS X CICLISTA;;;;1.0;;;;1.0;;0.0;SEM VÍTIMA;;RUA TELES JUNIOR;33;EM FRENTE AO CONDOMÍNIO PEDRO LIMA VILLAGE // PRÓX AO RESTAURANTE POLO DO BAIANO;TAMARINEIRA;;2019-03-11;;CIDADE;Longo da via;Bom;Não existe;Perfeito estado;Seca;Perfeito estado;Não existe;Outras;;Única;Faixa seccionada;;;
COLISÃO COM CICLISTA;CANCELADA;;14:37:00;TEJIPIÓ;RUA TUTOIA;;PROX. A IGREJA DE TEJIPIO, E A ESCOLA MUNICIPAL;;CICLISTA E AUTO, S/V. CICLISTA TEM 10 ANOS;1.0;;;1.0;;;;;;0.0;SEM VÍTIMA;;RUA TUTOIA;;PROX. A IGREJA DE TEJIPIO, E A ESCOLA MUNICIPAL;TEJIPIÓ;;2019-03-12;;;;;;;;;;;;;;;;