tipo;situacao;data;hora;bairro;endereco;numero;complemento;natureza;descricao;auto;moto;ciclom;ciclista;pedestre;onibus;caminhao;viatura;outros;vitimas;natureza_acidente;detalhe_endereco_acidente;endereco_cruzamento;numero_cruzamento;referencia_cruzamento;bairro_cruzamento;vitimasfatais;DATA;num_semaforo;sentido_via;acidente_verificado;tempo_clima;situacao_semaforo;sinalizacao;condicao_via;conservacao_via;ponto_controle;situacao_placa;velocidade_max_via;mao_direcao;divisao_via1;divisao_via2;divisao_via3;Protocolo
COLISÃO COM CICLISTA;FINALIZADA;;18:39:00;DOIS IRMÃOS;RUA DOIS IRMAOS;;PROX A LAFEPE;;CICLISTA X ONIX OBS: A MESMA FALOU QUE PASSSA BEM E SO VAI QUERER RECEBER O PRJUIZO DA BIKE;1.0;;;1.0;;;;;;0.0;SEM VÍTIMA;;RUA DOIS IRMAOS;;PROX A LAFEPE;DOIS IRMÃOS;;2019-03-15;;SUBURBIO;Longo da via;Bom;Não existe;Perfeito estado;Seca;Perfeito estado;Não existe;Outras;;Dupla;Faixa contínua;;;
COLISÃO COM CICLISTA;FINALIZADA;;07:20:00;CASA AMARELA;EST DO ARRAIAL;3720;E/F AO CONDOMINIO VALDIR PESSOA;;COLISÃO ENTRE TÁXI E BICICLETA.;1.0;;;1.0;;;;;;1.0;COM VÍTIMA;RUA ANTONIO DE CASTRO;EST DO ARRAIAL;3720;E/F AO CONDOMINIO VALDIR PESSOA;CASA AMARELA;;2019-03-21;;SUBURBIO;Esquina;Bom;Não existe;Perfeito estado;Seca;Perfeito estado;Outros;R-19;40 km/h;Única;Faixa seccionada;;;
COLISÃO COM CICLISTA;FINALIZADA;;20:42:00;PARNAMIRIM;AV PARNAMIRIM;;PRÓX AO SHOPPING PARNAMIRIM E HOSPITAL MARIA LUCINDA / SEMÁFORO 010;;COLISÃO ENTRE AUTOMÓVEL E MOTOCICLETA.;1.0;1.0;;1.0;;;;;;1.0;COM VÍTIMA;;AV PARNAMIRIM;;PRÓX AO SHOPPING PARNAMIRIM E HOSPITAL MARIA LUCINDA / SEMÁFORO 010;PARNAMIRIM;;2019-03-25;;CIDADE;Longo da via;Bom;Sem defeito;Perfeito estado;Seca;Perfeito estado;Faixa de pedestre;R-6a;;Única;Faixa contínua;;;
COLISÃO COM CICLISTA;FINALIZADA;;09:05:00;CAMPO GRANDE;RUA MADRE ROSA GATTORNO;107;RESIDENCIA PROX A ANTIGA FABRICA DA COCA COLA;;VITIMA SOCORRIDO PELO SAMU;1.0;;;1.0;;;;;;1.0;COM VÍTIMA;1TR MARQUES DE BAIPENDI;RUA MADRE ROSA GATTORNO;107;RESIDENCIA PROX A ANTIGA FABRICA DA COCA COLA;CAMPO GRANDE;;2019-03-27;;CIDADE;Cruzamento;Chuvoso;Não existe;Ilegível;Seca;Perfeito estado;Não existe;Não há placas;;Dupla;;;;
COLISÃO COM CICLISTA;FINALIZADA;;11:39:00;CORDEIRO;AV ENGENHEIRO ABDIAS DE CARVALHO;2880;CAMARÃO DO LÉO;;COLISÃO ENTRE AUTO E BICICLETA COM 1 VÍTIMA;1.0;;;1.0;;;;;;1.0;COM VÍTIMA;;AV ENGENHEIRO ABDIAS DE CARVALHO;2880;CAMARÃO DO LÉO;CORDEIRO;;2019-03-28;;SUBURBIO;Longo da via;Bom;Não existe;Perfeito estado;Seca;Perfeito estado;Não existe;Não há placas;;Dupla;Faixa contínua;;;
COLISÃO COM CICLISTA;FINALIZADA;;14:11:00;TAMARINEIRA;AV PROFESSOR JOSE DOS ANJOS;521;PROXIMO A ESCOLA ESTAÇÃO DO SABER E IGREJA RHEMA/ SENTIDO ARRUDA;;COLISÃO ENTRE MOTOCICLETA E BICICLETA.;;1.0;;1.0;;;;;;1.0;COM VÍTIMA;RUA MARIO BHERING;AV PROFESSOR JOSE DOS ANJOS;521;PROXIMO A ESCOLA ESTAÇÃO DO SABER E IGREJA RHEMA/ SENTIDO ARRUDA;TAMARINEIRA;;2019-03-28;;SUBURBIO;Esquina;Bom;Não existe;Perfeito estado;Seca;Perfeito estado;Faixa de pedestre;Placas Pare;40 km/h;Dupla;Canteiro central;;;
COLISÃO COM CICLISTA;FINALIZADA;;16:27:00;ENCRUZILHADA;RUA DONA ELVIRA;110;E/F AO EDF ALDEIA IMPERIAL;;COLISÃO ENTRE AUTOMÓVEL E BICICLETA.;1.0;;;1.0;;;;;;1.0;COM VÍTIMA;;RUA DONA ELVIRA;110;E/F AO EDF ALDEIA IMPERIAL;ENCRUZILHADA;;2019-03-29;;;Longo da via;Bom;Não existe;Perfeito estado;Seca;Perfeito estado;;;40 km/h;Dupla;Não existe;;;
COLISÃO COM CICLISTA;FINALIZADA;;14:11:00;IPSEP;AV RECIFE;2330;NA ENTRADA DO IBURA NO SEMAFORO 016;;ATROPELAMENTO ENTRE ÔNIBUS E CICLISTA;;;;1.0;;1.0;;;;1.0;COM VÍTIMA;AV DOM HELDER CAMARA;AV RECIFE;2330;NA ENTRADA DO IBURA NO SEMAFORO 016;IPSEP;;2019-04-01;;SUBURBIO;Longo da via;Bom;;Perfeito estado;Seca;Perfeito estado;Agente;Não há placas;;Dupla;Canteiro central;;;
COLISÃO COM CICLISTA;FINALIZADA;;19:14:00;CASA FORTE;RUA DONA ADA VIEIRA;120;BUFFET PORTO FINO;;COLISÃO ENTRE AUTOMÓVEL E BICICLETA.;1.0;;;1.0;;;;;;2.0;COM VÍTIMA;RUA SANT'ANNA;RUA DONA ADA VIEIRA;120;BUFFET PORTO FINO;CASA FORTE;;2019-04-02;;SUBURBIO;Cruzamento;Bom;Não existe;Perfeito estado;Seca;Perfeito estado;Não existe;Placas Pare;;Dupla;Faixa seccionada;;;
COLISÃO COM CICLISTA;FINALIZADA;;19:41:00;ÁGUA FRIA;AV BEBERIBE;;PROX A FEIRA NOVA DE AGUA FRIA E MAGAZINE LUIZA;;AUTO E CICLISTA;1.0;;;1.0;;;;;;1.0;COM VÍTIMA;;AV BEBERIBE;;PROX A FEIRA NOVA DE AGUA FRIA E MAGAZINE LUIZA;ÁGUA FRIA;;2019-04-04;405.0;CIDADE;Cruzamento;Bom;Sem defeito;Perfeito estado;Seca;Perfeito estado;Faixa de pedestre;Não há placas;;Dupla;Faixa contínua;;;
COLISÃO COM CICLISTA;FINALIZADA;;08:10:00;CORDEIRO;EST DO FORTE DO ARRAIAL N. DO B. JESUS;;;;MOTO E CICLISTA;;1.0;;1.0;;;;;;0.0;SEM VÍTIMA;RUA ADELINO FRUTUOSO;EST DO FORTE DO ARRAIAL N. DO B. JESUS;;;CORDEIRO;;2019-04-05;;SUBURBIO;Cruzamento;Bom;Não existe;Perfeito estado;Seca;Perfeito estado;;;;Dupla;Faixa seccionada;;;
COLISÃO COM CICLISTA;FINALIZADA;;16:57:00;CAJUEIRO;RUA DR ALBERTO WANDERLEY;418;ESQUINA DO BAR DA FAVA;;COLISÃO ENTRE AUTOMÓVEL E BICICLETA.;1.0;;;1.0;;;;;;1.0;COM VÍTIMA;AV SEBASTIAO SALAZAR;RUA DR ALBERTO WANDERLEY;418;ESQUINA DO BAR DA FAVA;CAJUEIRO;;2019-04-09;;CIDADE;Longo da via;Bom;Não existe;Não existente;Seca;Perfeito estado;Faixa de pedestre;Outras;;Dupla;Não existe;;;
COLISÃO COM CICLISTA;FINALIZADA;;15:28:00;IMBIRIBEIRA;AV MARECHAL MASCARENHAS DE MORAES;;E/F AO JUÍZADO ESPECIAL D PEQUENAS CAUSAS. HYUNDAI;;ONIBUS DA EMPRESA - NÚMERO DE ORDEM - E BICICLETA;;;;1.0;;1.0;;;;1.0;COM VÍTIMA;;AV MARECHAL MASCARENHAS DE MORAES;;E/F AO JUÍZADO ESPECIAL D PEQUENAS CAUSAS. HYUNDAI;IMBIRIBEIRA;;2019-04-10;;SUBURBIO;Longo da via;Bom;Não existe;Perfeito estado;Seca;Perfeito estado;Não existe;Não há placas;;Dupla;Faixa seccionada;;;
COLISÃO COM CICLISTA;FINALIZADA;;06:46:00;MADALENA;RUA BENFICA;1015;EM FRENTE A MAXTROC;;COLISÃO ENTRE ÔNIBUS E BICICLETA.;;;;1.0;;1.0;;;;1.0;COM VÍTIMA;;RUA BENFICA;1015;EM FRENTE A MAXTROC;MADALENA;;2019-04-12;;CIDADE;Longo da via;Bom;Não existe;Perfeito estado;Seca;Perfeito estado;Não existe;Não há placas;;Dupla;Faixa contínua;;;
COLISÃO;CANCELADA;;18:06:00;CAMPO GRANDE;RUA OLIVEIRA FONSECA;228;O LOCAL É DE RESIDENCIA;;BICICLETA E FIESTA;1.0;;;1.0;;;;;;0.0;SEM VÍTIMA;RUA MAGESTADE;RUA OLIVEIRA FONSECA;228;O LOCAL É DE RESIDENCIA;CAMPO GRANDE;;2019-04-17;;;;;;;;;;;;;;;;
COLISÃO COM CICLISTA;CANCELADA;;12:46:00;PINA;PTE AGAMENON MAGALHAES;;NA PONTE;;AUTO E CICLISTA;0.0;;;1.0;;;;;;1.0;COM VÍTIMA;;PTE AGAMENON MAGALHAES;;NA PONTE;PINA;;2019-04-19;;CABANGA;;;;;;;;;;;;;;
COLISÃO COM CICLISTA;FINALIZADA;;06:31:00;CASA AMARELA;AV NORTE;1049;SENT. CIDADE, NA ENTRADA DO LARGO DONA REGINA. LADO OPOSTO A ENTRADA DE NOVA DESCOBERTA.;;COLISÃO ENTRE ÔNIBUS E BICICLETA.;;;;1.0;;1.0;;;;1.0;COM VÍTIMA;RUA IMBIRIBA;AV NORTE;1049;SENT. CIDADE, NA ENTRADA DO LARGO DONA REGINA. LADO OPOSTO A ENTRADA DE NOVA DESCOBERTA.;CASA AMARELA;;2019-04-24;65.0;CIDADE;Longo da via;Bom;Sem defeito;Perfeito estado;Seca;Perfeito estado;Faixa de pedestre;R-6a;;Dupla;Canteiro central;;;
COLISÃO COM CICLISTA;FINALIZADA;;07:59:00;IPSEP;AV RECIFE;;LADO OPOSTO AO POSTO DE GASOLINA FEDERAL.;;COLISÃO ENTRE E CICLISTA AUTO.;1.0;;;1.0;;;;;;1.0;COM VÍTIMA;;AV RECIFE;;LADO OPOSTO AO POSTO DE GASOLINA FEDERAL.;IPSEP;;2019-04-26;;AEROPORTO;Longo da via;Bom;Não existe;Perfeito estado;Molhada;Perfeito estado;Não existe;Não há placas;60 km/h;Dupla;Canteiro central;;;
COLISÃO COM CICLISTA;FINALIZADA;;15:54:00;SANTO AMARO;AV NORTE;539;LADO OPOSTO AO SENAI, Nº 539.;;COLISAO AUTO COM UM CICLISTA;1.0;;;1.0;;;;;;1.0;COM VÍTIMA;;AV NORTE;539;LADO OPOSTO AO SENAI, Nº 539.;SANTO AMARO;;2019-04-26;34.0;SUBURBIO;Longo da via;Bom;Sem defeito;Perfeito estado;Seca;Perfeito estado;Faixa de pedestre;R-4a;;Dupla;Faixa seccionada;Canteiro central;;
COLISÃO COM CICLISTA;FINALIZADA;;08:17:00;BOA VIAGEM;RUA MARIA CAROLINA;586;EM FRENTE AO HOTEL BRISTOL;;COLISÃO ENTRE AUTOMÓVEL E BICICLETA.;1.0;;;1.0;;;;;;1.0;COM VÍTIMA;RUA MINISTRO NELSON HUNGRIA;RUA MARIA CAROLINA;586;EM FRENTE AO HOTEL BRISTOL;BOA VIAGEM;;2019-04-27;;SUBURBIO;Cruzamento;Bom;Não existe;Perfeito estado;Seca;Perfeito estado;Não existe;Não há placas;;Única;Não existe;;;
COLISÃO COM CICLISTA;FINALIZADA;;16:54:00;MADALENA;AV BEIRA RIO;;SOBRE A PONTE DA CAPUNGA;;COLISÃO COM VITIMA;1.0;;;1.0;;;;;;1.0;COM VÍTIMA;RUA JOSE OSORIO;AV BEIRA RIO;;SOBRE A PONTE DA CAPUNGA;MADALENA;;2019-04-30;387.0;SUBURBIO;Longo da via;Bom;Sem defeito;Perfeito estado;Seca;Perfeito estado;Faixa de pedestre;Outras;;Dupla;Faixa seccionada;;;
COLISÃO COM CICLISTA;FINALIZADA;;06:25:00;TORRE;RUA REAL DA TORRE;62;;;ÔNIBUS E CICLISTA.;;;;1.0;;1.0;;;;1.0;COM VÍTIMA;RUA DOM MANOEL DA COSTA;RUA REAL DA TORRE;62;;TORRE;;2019-05-02;192.0;CIDADE;Cruzamento;Bom;Sem defeito;Perfeito estado;Seca;Perfeito estado;Agente;;30 km/h;Única;Faixa;;;
COLISÃO COM CICLISTA;FINALIZADA;;08:22:00;BOA VIAGEM;RUA VISCONDE DE JEQUITINHONHA;1280;EM FRENTE A PARADA 19 E EDF. SHALON;;AUTO E CICLISTA;1.0;;;1.0;;;;;;1.0;COM VÍTIMA;RUA CONEGO ROMEU;RUA VISCONDE DE JEQUITINHONHA;1280;EM FRENTE A PARADA 19 E EDF. SHALON;BOA VIAGEM;;2019-05-02;;SUBURBIO;Cruzamento;Bom;Não existe;Perfeito estado;Seca;Perfeito estado;Não existe;Não há placas;60 km/h;Única;Não existe;;;
COLISÃO COM CICLISTA;FINALIZADA;;08:25:00;IMBIRIBEIRA;RUA OLIVIA MENELAU;270;EM FRENTE A AUTO ESCOLA NOVA ALIANÇA;;;1.0;;;1.0;;;;;;1.0;COM VÍTIMA;;RUA OLIVIA MENELAU;270;EM FRENTE A AUTO ESCOLA NOVA ALIANÇA;IMBIRIBEIRA;;2019-05-02;;CIDADE;Longo da via;Bom;;Perfeito estado;Seca;Perfeito estado;;R-6a;40 km/h;Única;Faixa;;;
COLISÃO COM CICLISTA;FINALIZADA;;09:29:00;IMBIRIBEIRA;AV GENERAL MAC ARTHUR;;EM FRENTE A GEOVANE SONDA;;;1.0;;;1.0;;;;;;1.0;COM VÍTIMA;RUA JORGE DE LIMA;AV GENERAL MAC ARTHUR;;EM FRENTE A GEOVANE SONDA;IMBIRIBEIRA;;2019-05-04;;IMBIRIBEIRA;Cruzamento;Bom;Sem defeito;Perfeito estado;Seca;Perfeito estado;Faixa de retenção;Não há placas;;Única;Faixa seccionada;;;
COLISÃO COM CICLISTA;FINALIZADA;;11:54:00;PINA;AV HERCULANO BANDEIRA;591;PROX. A IGREJA CATOLICA E FARMÁCIA DO TRABALHADOR.;;AUTO E CICLISTA;1.0;;;1.0;;;;;;1.0;COM VÍTIMA;RUA SAO LUIZ;AV HERCULANO BANDEIRA;591;PROX. A IGREJA CATOLICA E FARMÁCIA DO TRABALHADOR.;PINA;;2019-05-08;;SUBURBIO;Longo da via;Chuvoso;Sem defeito;Perfeito estado;Molhada;Perfeito estado;;Outras;;Única;Faixa seccionada;;;
COLISÃO COM CICLISTA;FINALIZADA;;17:32:00;SANTO AMARO;AV NORTE;;SOB O SEMÁFORO 036;;MOTO E BICICLETA.;;1.0;;1.0;;;;;;1.0;COM VÍTIMA;RUA TREZE DE MAIO;AV NORTE;;SOB O SEMÁFORO 036;SANTO AMARO;;2019-05-08;36.0;SUBURBIO;Cruzamento;Bom;Sem defeito;Perfeito estado;Seca;Perfeito estado;Faixa de retenção;Outras;;Dupla;Não existe;;;
ATROPELAMENTO;CANCELADA;;12:55:00;IMBIRIBEIRA;AV GENERAL MAC ARTHUR;;PROX. A ESTAÇÃO DO METRO ANTONIO FALCÃO;;ATROPELAMENTO COM EVASÃO;;1.0;;1.0;;;;;;1.0;COM VÍTIMA;;AV GENERAL MAC ARTHUR;;PROX. A ESTAÇÃO DO METRO ANTONIO FALCÃO;IMBIRIBEIRA;;2019-05-14;;;;;;;;;;;;;;;;
COLISÃO COM CICLISTA;CANCELADA;;15:29:00;BOA VIAGEM;AV ENGENHEIRO DOMINGOS FERREIRA;;NO SEMAFORO 217;;COLISAO COM O CICLISTA;1.0;;;1.0;;;;;;1.0;COM VÍTIMA;;AV ENGENHEIRO DOMINGOS FERREIRA;;NO SEMAFORO 217;BOA VIAGEM;;2019-05-15;;;;;;;;;;;;;;;;
COLISÃO;CANCELADA;;14:43:00;CAXANGÁ;AV CAXANGA;;EM FRENTE A CAIXA ECONÔMICA;;AUTO E CICLISTA SEM VITIMA;1.0;;;1.0;;;;;;0.0;SEM VÍTIMA;;AV CAXANGA;;EM FRENTE A CAIXA ECONÔMICA;CAXANGÁ;;2019-05-16;;;;;;;;;;;;;;;;
COLISÃO COM CICLISTA;FINALIZADA;;15:15:00;AFOGADOS;EST DOS REMEDIOS;;EM FRENTE AO TERMINAL INTEGRADO DE AFOGADOS;;COLISÃO ENTRE ÔNIBUS E BICICLETA.;;;;1.0;;1.0;;;;1.0;COM VÍTIMA;RUA VINTE E UM DE ABRIL;EST DOS REMEDIOS;;EM FRENTE AO TERMINAL INTEGRADO DE AFOGADOS;AFOGADOS;;2019-05-19;;CIDADE;Longo da via;Bom;Não existe;Perfeito estado;Seca;Perfeito estado;Faixa de pedestre;Outras;40 km/h;Única;Não existe;;;
COLISÃO COM CICLISTA;FINALIZADA;;13:05:00;SÃO JOSÉ;AV DANTAS BARRETO;;NO FINAL DAS DANTAS BARRETO JUNTO AO TERMINAL DOS ONIBUS 1002;;ÔNIBUS E BICICLETA.;;;;1.0;;1.0;;;;1.0;COM VÍTIMA;RUA DO PEIXOTO;AV DANTAS BARRETO;;NO FINAL DAS DANTAS BARRETO JUNTO AO TERMINAL DOS ONIBUS 1002;SÃO JOSÉ;;2019-05-21;181.0;SUBURBIO;Cruzamento;Bom;Sem defeito;Perfeito estado;Seca;Perfeito estado;Faixa de pedestre;Não há placas;;Única;;;;
COLISÃO COM CICLISTA;FINALIZADA;;13:05:00;IMBIRIBEIRA;AV MARECHAL MASCARENHAS DE MORAES;;EM FRENTE A FAC UNIVERSO;;CICLISTA E AUTO;1.0;;;1.0;;;;;;1.0;COM VÍTIMA;;AV MARECHAL MASCARENHAS DE MORAES;;EM FRENTE A FAC UNIVERSO;IMBIRIBEIRA;;2019-05-23;;CIDADE;Longo da via;Bom;Sem defeito;Perfeito estado;Seca;Perfeito estado;Outros;Não há placas;60 km/h;Dupla;Canteiro central;;;
COLISÃO COM CICLISTA;FINALIZADA;;17:25:00;CORDEIRO;AV CAXANGA;;LADO OPOSTO A EXPOSIÇÃO DE ANIMAIS/ SENTIDO CIDADE;;COLISÃO COM VÍTIMA;;1.0;;1.0;;;;;;1.0;COM VÍTIMA;;AV CAXANGA;;LADO OPOSTO A EXPOSIÇÃO DE ANIMAIS/ SENTIDO CIDADE;CORDEIRO;;2019-05-24;;CIDADE;Longo da via;Bom;Não existe;Perfeito estado;Seca;Perfeito estado;Não existe;Não há placas;;Dupla;Canteiro central;;;
COLISÃO COM CICLISTA;FINALIZADA;;14:45:00;CASA FORTE;AV DEZESSETE DE AGOSTO;209;E/F CULTURA INGLESA;;AUTO PASSEIO E CICLISTA COM VITIMAS;1.0;;;1.0;;;;;;1.0;COM VÍTIMA;RUA JOSE DE GODOY VASCONCELOS;AV DEZESSETE DE AGOSTO;209;E/F CULTURA INGLESA;CASA FORTE;;2019-05-26;;SUBURBIO;Longo da via;Bom;Sem defeito;Perfeito estado;Seca;Perfeito estado;Faixa de pedestre;R-6a;60 km/h;Dupla;Faixa contínua;;;
COLISÃO COM CICLISTA;CANCELADA;;15:20:00;PASSARINHO;RUA CORREGO DA BICA;;PROX. AO TERMINAL DE NOVA DESCOBERTA;;COLISÃO COM VITIMA, O CONDUTOR DO AUTO PERDEU A DIREÇÃO ATINGINDO UM CICLISTA E OUTRO AUTO QUE ESTAVA ESTACIONADO;2.0;;;1.0;;;;;;1.0;COM VÍTIMA;;RUA CORREGO DA BICA;;PROX. AO TERMINAL DE NOVA DESCOBERTA;PASSARINHO;;2019-06-01;;;;;;;;;;;;;;;;
TOMBAMENTO;FINALIZADA;;09:55:00;BOA VIAGEM;AV BOA VIAGEM;5740;EM FRENTE AO EDF MANOEL DE BRITO;;BICICLETA ELÉTRICA TRAVOU E O CICLISTA FOI ARREMEÇADO À FRENTE, VINDO A SER SOCORRIDO PELO SAMU;;;;1.0;;;;;;1.0;COM VÍTIMA;;AV BOA VIAGEM;5740;EM FRENTE AO EDF MANOEL DE BRITO;BOA VIAGEM;;2019-06-02;;SUB/CID;Longo da via;Bom;Sem defeito;Perfeito estado;Seca;Perfeito estado;Faixa de pedestre;Não há placas;60 km/h;Única;Não existe;;;
COLISÃO COM CICLISTA;FINALIZADA;;19:46:00;CAMPINA DO BARRETO;RUA IGUATU;;;;MOTO X CICLISTA;;1.0;;1.0;;;;;;1.0;COM VÍTIMA;RUA CONEGO OLIMPIO TORRES;RUA IGUATU;;;CAMPINA DO BARRETO;;2019-06-02;;SUBURBIO;Longo da via;Bom;Não existe;Perfeito estado;Seca;Perfeito estado;Outros;Outras;;Dupla;Outros;;;
COLISÃO COM CICLISTA;FINALIZADA;;09:21:00;IBURA;LAD DA COHAB;;PROX. A PICLINA ARNALDO MARQUES;;AUTO E CICLISTA (PONTO FIXO);1.0;;;1.0;;;;;;1.0;COM VÍTIMA;;LAD DA COHAB;;PROX. A PICLINA ARNALDO MARQUES;IBURA;;2019-06-04;;SUBURBIO;Longo da via;Bom;Não existe;Perfeito estado;Seca;Mal conservada;Agente;Não há placas;;Dupla;Faixa contínua;;;
COLISÃO COM CICLISTA;FINALIZADA;;16:40:00;ESPINHEIRO;AV GOVERNADOR AGAMENON MAGALHAES;2764;PISTA PRINCIPAL;;COLISÃO ENTRE AUTO E BICICLETA;;1.0;;1.0;;;;;;1.0;COM VÍTIMA;RUA BUENOS AYRES;AV GOVERNADOR AGAMENON MAGALHAES;2764;PISTA PRINCIPAL;ESPINHEIRO;;2019-06-04;78.0;SUBURBIO;Cruzamento;Bom;Sem defeito;Perfeito estado;Seca;Perfeito estado;Faixa de pedestre;Outras;;Dupla;Canteiro central;;;
COLISÃO COM CICLISTA;FINALIZADA;;07:19:00;CAXANGÁ;AV CAXANGA;4515;SENT. CAMARAGIBE EM FRENTE A ITALIANA;;MOTO E CICLISTA BATEDORES NO LOCAL;;1.0;;1.0;;;;;;2.0;COM VÍTIMA;;AV CAXANGA;4515;SENT. CAMARAGIBE EM FRENTE A ITALIANA;CAXANGÁ;;2019-06-07;;SUBURBIO;Longo da via;Bom;Não existe;Perfeito estado;Seca;Perfeito estado;Não existe;R-6a;;Dupla;Canteiro central;;;
COLISÃO COM CICLISTA;FINALIZADA;;16:58:00;APIPUCOS;RUA CORONEL JOAO BATISTA DO REGO BARROS;;PROX. AO PARQUE , SOBRE A PONTE;;COLISÃO COM VITIMA;;1.0;;1.0;;;;;;1.0;COM VÍTIMA;;RUA CORONEL JOAO BATISTA DO REGO BARROS;;PROX. AO PARQUE , SOBRE A PONTE;APIPUCOS;;2019-06-09;540.0;SUBURBIO;Longo da via;Bom;Sem defeito;Perfeito estado;Seca;Perfeito estado;Não existe;Não há placas;;Dupla;Não existe;;;
COLISÃO COM CICLISTA;FINALIZADA;;12:05:00;AFOGADOS;AV SUL;;E/F A DISMAR ANTES DO VIADUTO DA AV SUL;;DOIS AUTO E CICLISTA COM VITIMAS;2.0;;;1.0;;;;;;1.0;COM VÍTIMA;;AV SUL;;E/F A DISMAR ANTES DO VIADUTO DA AV SUL;AFOGADOS;;2019-06-10;320.0;CIDADE;Longo da via;Bom;Sem defeito;Perfeito estado;Seca;Mal iluminada;Não existe;Não há placas;;Única;Faixa;;;
COLISÃO COM CICLISTA;CANCELADA;;19:17:00;ÁGUA FRIA;RUA DAS MOCAS;1498;E/F AO RESD BIAGIL CHIAPPETTA;;MOTO E CICLISTA SEM VITIMAS;;1.0;;1.0;;;;;;0.0;SEM VÍTIMA;;RUA DAS MOCAS;1498;E/F AO RESD BIAGIL CHIAPPETTA;ÁGUA FRIA;;2019-06-12;;;;;;;;;;;;;;;;
COLISÃO COM CICLISTA;FINALIZADA;;15:37:00;CORDEIRO;RUA ADELINO FRUTUOSO;378-A;NA ESQUINA DO COLEGIO SANTA EMILIA;;AUTO PASSEIO E CICLISTA;1.0;;;1.0;;;;;;1.0;COM VÍTIMA;;RUA ADELINO FRUTUOSO;378-A;NA ESQUINA DO COLEGIO SANTA EMILIA;CORDEIRO;;2019-06-15;;SUBURBIO;Cruzamento;Bom;Não existe;Perfeito estado;Seca;Perfeito estado;Não existe;R-4a;;Dupla;Não existe;;;
COLISÃO COM CICLISTA;CANCELADA;;08:39:00;CASA FORTE;RUA SAMUEL FARIAS;;RUA AMARAJJI;;HILLUX E BICICLETA;1.0;;;1.0;1.0;;;;;1.0;COM VÍTIMA;;RUA SAMUEL FARIAS;;RUA AMARAJJI;CASA FORTE;;2019-06-19;;;;;;;;;;;;;;;;
COLISÃO COM CICLISTA;FINALIZADA;;15:45:00;CAMPO GRANDE;RUA ODORICO MENDES;536;PRÓXIMO AO CLUBE DAS PÁS.;;COLISÃO COM VITIMAS;1.0;;;1.0;;;;;;1.0;COM VÍTIMA;;RUA ODORICO MENDES;536;PRÓXIMO AO CLUBE DAS PÁS.;CAMPO GRANDE;;2019-06-20;;SUBURBIO;Longo da via;Bom;Não existe;Não existente;Seca;Perfeito estado;Não existe;Não há placas;;Dupla;Faixa seccionada;;;
COLISÃO COM CICLISTA;FINALIZADA;;18:05:00;AREIAS;AV DR JOSE RUFINO;;E/F AO SENAI DE AREIAS S/T CID;;COLISAO ENTRE AUTO E CICLISTA S/V;1.0;;;1.0;;;;;;1.0;COM VÍTIMA;;AV DR JOSE RUFINO;;E/F AO SENAI DE AREIAS S/T CID;AREIAS;;2019-06-27;;CIDADE;Longo da via;Bom;Não existe;Perfeito estado;Seca;Perfeito estado;Não existe;R-6a;50 km/h;Dupla;Faixa contínua;;;
ABALROAMENTO TRANSVERSAL;FINALIZADA;;19:26:00;;RUA VISCONDE DE JEQUITINHONHA;;;;COLISAO ENTRE MOTO E CICLISTA COM UMA VITIMA;;1.0;;1.0;;;;;;1.0;COM VÍTIMA;;RUA VISCONDE DE JEQUITINHONHA;;;;;2019-06-27;154.0;;Cruzamento;Bom;Sem defeito;Perfeito estado;Seca;Perfeito estado;Faixa de pedestre;;;Única;Canteiro central;;;