tipo;situacao;data;hora;bairro;endereco;numero;complemento;natureza;descricao;auto;moto;ciclom;ciclista;pedestre;onibus;caminhao;viatura;outros;vitimas;natureza_acidente;detalhe_endereco_acidente;endereco_cruzamento;numero_cruzamento;referencia_cruzamento;bairro_cruzamento;vitimasfatais;DATA;num_semaforo;sentido_via;acidente_verificado;tempo_clima;situacao_semaforo;sinalizacao;condicao_via;conservacao_via;ponto_controle;situacao_placa;velocidade_max_via;mao_direcao;divisao_via1;divisao_via2;divisao_via3;Protocolo
COLISÃO COM CICLISTA;FINALIZADA;;19:35:00;SANTO AMARO;AV GOVERNADOR AGAMENON MAGALHAES;;SOB O VIADUTO AV NORTE MIGUEL ARRAES DE ALENCAR;;ÔNIBUS E CICLISTA. C/VF;;;;1.0;;1.0;;;;;VÍTIMA FATAL;;AV GOVERNADOR AGAMENON MAGALHAES;;SOB O VIADUTO AV NORTE MIGUEL ARRAES DE ALENCAR;SANTO AMARO;1.0;2019-06-30;;;Longo da via;Bom;Não existe;Perfeito estado;Seca;Perfeito estado;;;60 km/h;Dupla;Faixa contínua;Canal;;
COLISÃO FRONTAL;FINALIZADA;;23:00:00;BOA VIAGEM;AV DOM JOAO VI;;VIA MANGUE;;MOTO X CICLISTA;;1.0;;1.0;;;;;;3.0;COM VÍTIMA;AVENIDA CELSO FURTADO (VIA MANGUE);AV DOM JOAO VI;;VIA MANGUE;BOA VIAGEM;;2019-07-03;;SUBURBIO;Longo da via;Bom;Não existe;Perfeito estado;Seca;Perfeito estado;Não existe;Não há placas;;Única;Faixa seccionada;;;
COLISÃO TRASEIRA;FINALIZADA;;17:27:00;JAQUEIRA;AV RUI BARBOSA;;PARQUE DA JAQUEIRA (CAPELA);;COLISÃO COM VÍTIMA;1.0;;;1.0;1.0;;;;;1.0;COM VÍTIMA;;AV RUI BARBOSA;;PARQUE DA JAQUEIRA (CAPELA);JAQUEIRA;;2019-07-04;;;Longo da via;Bom;Não existe;Perfeito estado;Seca;Perfeito estado;Não existe;Outras;50 km/h;Única;Não existe;;;
COLISÃO COM CICLISTA;FINALIZADA;;15:42:00;MADALENA;RUA BENFICA;;LADO OPOSTO AO MUSEU DA ABOLIÇÃO;;COM VÍTIMA;;1.0;;1.0;;;;;;1.0;COM VÍTIMA;;RUA BENFICA;;LADO OPOSTO AO MUSEU DA ABOLIÇÃO;MADALENA;;2019-07-10;257.0;SUBURBIO;Longo da via;Bom;Sem defeito;Perfeito estado;Seca;Perfeito estado;Não existe;Não há placas;;Dupla;Faixa contínua;;;
COLISÃO;CANCELADA;;16:40:00;SANTO AMARO;AV CRUZ CABUGA;;E/F ESCOLA DE APRENDIZ DE MARINHEIRO;;COLISAÕ SE UMA MOTOCICLETA E UMA BICICLETA;;1.0;;1.0;;;;;;2.0;COM VÍTIMA;;AV CRUZ CABUGA;;E/F ESCOLA DE APRENDIZ DE MARINHEIRO;SANTO AMARO;;2019-07-15;;OLINDA;;;;;;;;;;;;;;
COLISÃO COM CICLISTA;FINALIZADA;;18:21:00;SANTO AMARO;AV GOVERNADOR AGAMENON MAGALHAES;;LADO OPOSTO AO SHOPPING TACARUNA;;MOTOCICLETA E BICICLETA;;1.0;;1.0;;;;;;1.0;COM VÍTIMA;;AV GOVERNADOR AGAMENON MAGALHAES;;LADO OPOSTO AO SHOPPING TACARUNA;SANTO AMARO;;2019-07-15;;CIDADE;Longo da via;Bom;Não existe;Perfeito estado;Seca;Perfeito estado;Não existe;Não há placas;60 km/h;Única;Faixa seccionada;;;
COLISÃO COM CICLISTA;FINALIZADA;;12:39:00;IMBIRIBEIRA;AV PRESIDENTE DUTRA;;SOBRE O VIADUTO TANCREDO NEVES;;COLISAO ENTRE AUTO E CICLISTA;1.0;;;1.0;;;;;;1.0;COM VÍTIMA;;AV PRESIDENTE DUTRA;;SOBRE O VIADUTO TANCREDO NEVES;IMBIRIBEIRA;;2019-07-17;;;Viaduto;Bom;Não existe;Perfeito estado;Seca;Perfeito estado;Não existe;Não há placas;;Única;;;;
COLISÃO TRASEIRA;FINALIZADA;;21:56:00;ÁGUA FRIA;EST VELHA DE AGUA FRIA;1311;EM FRENTE AO Nº 1311;;CAMINHÃO E CICLISTA. C/V;;;;1.0;;;1.0;;;1.0;COM VÍTIMA;;EST VELHA DE AGUA FRIA;1311;EM FRENTE AO Nº 1311;ÁGUA FRIA;;2019-07-17;;;Longo da via;Chuvoso;Não existe;Incompleta;Molhada;Mal conservada;Não existe;Não há placas;;Única;Faixa seccionada;;;
ABALROAMENTO TRANSVERSAL;FINALIZADA;;09:43:00;ÁGUA FRIA;AV BEBERIBE;;SEMÁFORO 064;;COLISÃO ENVOLVENDO UMA MOTOCICLETA E UMA BICICLETA;;1.0;;1.0;;;;;;2.0;COM VÍTIMA;RUA SAO BENTO;AV BEBERIBE;;SEMÁFORO 064;ÁGUA FRIA;;2019-07-18;64.0;CIDADE;Cruzamento;Bom;Sem defeito;Perfeito estado;Seca;Perfeito estado;Faixa de pedestre;;;Dupla;Faixa contínua;;;
COLISÃO COM CICLISTA;FINALIZADA;;13:48:00;POÇO DA PANELA;RUA DOS ARCOS;202;PRÓXIMO AO ARCOS DO POÇO CORPORATE;;ENTRE UM AUTO E BICICLETA;1.0;;;1.0;;;;;;2.0;COM VÍTIMA;RUA PAULO INOJOSA;RUA DOS ARCOS;202;PRÓXIMO AO ARCOS DO POÇO CORPORATE;POÇO DA PANELA;;2019-07-18;;;Longo da via;Bom;Não existe;Não existente;Seca;Perfeito estado;Não existe;Placas Pare;;Única;Não existe;;;
COLISÃO COM CICLISTA;FINALIZADA;;20:35:00;BOA VIAGEM;RUA PROFESSOR JOAO MEDEIROS;457;NA ESQUINA DA LOJA TIDELLI E LOJA HONDA BEIRA CANAL;;AUTO X CICLISTA;1.0;;;1.0;;;;;;1.0;COM VÍTIMA;RUA RIBEIRO DE BRITO;RUA PROFESSOR JOAO MEDEIROS;457;NA ESQUINA DA LOJA TIDELLI E LOJA HONDA BEIRA CANAL;BOA VIAGEM;;2019-07-21;332.0;CIDADE;Cruzamento;Bom;Sem defeito;Perfeito estado;Seca;Perfeito estado;Faixa de pedestre;Não há placas;;Única;Faixa seccionada;Canteiro central;Blocos;
COLISÃO TRASEIRA;FINALIZADA;;07:35:00;PINA;RUA MANOEL DE BRITO;;EM FRENTE AO 19º BPM;;SEM VITIMAS;;;;1.0;;;;1.0;;0.0;SEM VÍTIMA;;RUA MANOEL DE BRITO;;EM FRENTE AO 19º BPM;PINA;;2019-07-23;;CIDADE;Longo da via;Chuvoso;Não existe;Perfeito estado;Molhada;Perfeito estado;Faixa de retenção;Outras;;Única;Não existe;;;
COLISÃO COM CICLISTA;FINALIZADA;;16:57:00;IMBIRIBEIRA;AV MARECHAL MASCARENHAS DE MORAES;;APÓS O VIADUTO TANCREDO NEVES;;COLISÃO AUTOMÓVEL E BICICLETA.;1.0;;;1.0;;;;;;1.0;COM VÍTIMA;;AV MARECHAL MASCARENHAS DE MORAES;;APÓS O VIADUTO TANCREDO NEVES;IMBIRIBEIRA;;2019-07-23;;CIDADE;Longo da via;Bom;Não existe;Perfeito estado;Seca;Perfeito estado;Não existe;Não há placas;60 km/h;Dupla;Faixa seccionada;;;
COLISÃO COM CICLISTA;FINALIZADA;;20:23:00;BOA VISTA;RUA HENRIQUE DIAS;145;RESIDENCIA Nº 145;;ENTRE AUTO E BICICLETA;1.0;;;1.0;;;;;;0.0;SEM VÍTIMA;;RUA HENRIQUE DIAS;145;RESIDENCIA Nº 145;BOA VISTA;;2019-07-23;;CIDADE;Longo da via;Chuvoso;Não existe;Perfeito estado;Molhada;Perfeito estado;Não existe;Não há placas;;Única;Faixa seccionada;;;
COLISÃO COM CICLISTA;FINALIZADA;;14:42:00;DERBY;RUA JENER DE SOUZA;206;PROXIMO AO QUARTEL DERBY. AO LADO DA PRAÇA OCTÁVIO DE FREITAS;;COLISÃO ENTRE AUTOMÓVEL E BICICLETA.;1.0;;;1.0;;;;;;1.0;COM VÍTIMA;;RUA JENER DE SOUZA;206;PROXIMO AO QUARTEL DERBY. AO LADO DA PRAÇA OCTÁVIO DE FREITAS;DERBY;;2019-07-25;;SUBURBIO;Longo da via;Bom;Sem defeito;Perfeito estado;Seca;Perfeito estado;Não existe;Outras;40 km/h;Dupla;Faixa;Canteiro central;;
COLISÃO COM CICLISTA;FINALIZADA;;07:24:00;BONGI;AV GENERAL SAN MARTIN;;SEMÁFORO 58;;COLISÃO CICLISTA X AUTO PASSEIO;1.0;;;1.0;;;;;;1.0;COM VÍTIMA;AV ENGENHEIRO ABDIAS DE CARVALHO;AV GENERAL SAN MARTIN;;SEMÁFORO 58;BONGI;;2019-07-26;58.0;SUBURBIO;Longo da via;Chuvoso;Sem defeito;Perfeito estado;Molhada;Perfeito estado;Agente;Outras;60 km/h;Dupla;Faixa contínua;Canteiro central;;
COLISÃO FRONTAL;FINALIZADA;;17:18:00;TORRÕES;RUA TAMBORIL;;EM FRENTE AO CAMPO DO QUINZE;;COLISÃO COM VÍTIMA, ENTRE CICLISTA E KOMBI;1.0;;;1.0;;;;;;1.0;COM VÍTIMA;EST DO FORTE DO ARRAIAL N. DO B. JESUS;RUA TAMBORIL;;EM FRENTE AO CAMPO DO QUINZE;TORRÕES;;2019-07-26;482.0;SUBURBIO;Longo da via;Chuvoso;Sem defeito;Incompleta;Molhada;Mal conservada;Não existe;R-6a;40 km/h;Dupla;Faixa contínua;;;
COLISÃO COM CICLISTA;FINALIZADA;;22:51:00;MUSTARDINHA;PRC A B C;;E/F A ACADEMIA DA CIDADE;;ENTRE AUTO E CICLISTA. C/V;1.0;;;1.0;;;;;;1.0;COM VÍTIMA;AV MANOEL GONCALVES DA LUZ;PRC A B C;;E/F A ACADEMIA DA CIDADE;MUSTARDINHA;;2019-07-28;;SUBURBIO;Longo da via;Chuvoso;Não existe;Perfeito estado;Molhada;Perfeito estado;Faixa de pedestre;R-6a;30 km/h;Dupla;Faixa seccionada;;;
COLISÃO COM CICLISTA;FINALIZADA;;13:59:00;DERBY;RUA DR SEVERINO PINHEIRO;;LADO OPOSTO AO QUARTEL DO DERBY.;;COLISÃO COM VÍTIMA, ENTRE AUTO E BICICLETA.;1.0;;;1.0;;;;;;1.0;COM VÍTIMA;;RUA DR SEVERINO PINHEIRO;;LADO OPOSTO AO QUARTEL DO DERBY.;DERBY;;2019-07-30;;CIDADE;Longo da via;Bom;Não existe;Perfeito estado;Seca;Perfeito estado;Não existe;R-6a;;Única;Faixa seccionada;;;
COLISÃO COM CICLISTA;FINALIZADA;;15:44:00;IPUTINGA;AV MAURICIO DE NASSAU;29;EM FRENTE A ASINHA MASTER, PRÓXIMO A LOMBADA ELETRÔNICA;;COLISÃO COM VÍTIMA;1.0;;;1.0;;;;;;1.0;COM VÍTIMA;;AV MAURICIO DE NASSAU;29;EM FRENTE A ASINHA MASTER, PRÓXIMO A LOMBADA ELETRÔNICA;IPUTINGA;;2019-07-31;;SUBURBIO;Longo da via;Bom;Não existe;Perfeito estado;Seca;Perfeito estado;Não existe;Não há placas;;Dupla;Faixa seccionada;;;
COLISÃO COM CICLISTA;FINALIZADA;;20:10:00;CORDEIRO;AV MAURICIO DE NASSAU;27;APÓS A LOMBADA ELETRONICA;;CICLISTA X AUTO PASSEIO;1.0;;;1.0;;;;;;1.0;COM VÍTIMA;AV CAXANGA;AV MAURICIO DE NASSAU;27;APÓS A LOMBADA ELETRONICA;CORDEIRO;;2019-07-31;;CIDADE;Longo da via;Chuvoso;Não existe;Perfeito estado;Molhada;Perfeito estado;Não existe;Não há placas;40 km/h;Dupla;Não existe;;;
COLISÃO COM CICLISTA;FINALIZADA;;09:36:00;BARRO;AV DR JOSE RUFINO;2984;EM FRENTE AO COLÉGIO ESCOLA PRES HUMBERTO CASTELLO BRANCO;;ATROPELAMENTO DE CICLISTA;;;;1.0;;1.0;;;;1.0;COM VÍTIMA;;AV DR JOSE RUFINO;2984;EM FRENTE AO COLÉGIO ESCOLA PRES HUMBERTO CASTELLO BRANCO;BARRO;;2019-08-04;156.0;SUBURBIO;Longo da via;Bom;Sem defeito;Perfeito estado;Seca;Perfeito estado;Faixa de pedestre;Outras;;Dupla;Faixa contínua;;;
COLISÃO COM CICLISTA;FINALIZADA;;10:21:00;ILHA JOANA BEZERRA;RUA DES GUERRA BARRETO;;EM FRENTE AO FORUM;;ONIBUS E CICLISTA;;;;1.0;;1.0;;;;1.0;COM VÍTIMA;;RUA DES GUERRA BARRETO;;EM FRENTE AO FORUM;ILHA JOANA BEZERRA;;2019-08-07;;;;;;;;;;;;;;;;
COLISÃO;CANCELADA;;19:51:00;GRAÇAS;RUA DO FUTURO;;RUA TEIXEIRA PINTO;;COLISÃO C/VITIMA - AUTO X BICICLETA;1.0;;;1.0;;;;;;1.0;COM VÍTIMA;RUA TEIXEIRA PINTO;RUA DO FUTURO;;RUA TEIXEIRA PINTO;GRAÇAS;;2019-08-07;;;;;;;;;;;;;;;;
COLISÃO COM CICLISTA;FINALIZADA;;07:14:00;ILHA DO RETIRO;EST DOS REMEDIOS;;FARMÁCIA INDEPENDENTE;;AUTO E BICICLETA;1.0;;;1.0;;;;;;1.0;COM VÍTIMA;AV ENGENHEIRO ABDIAS DE CARVALHO;EST DOS REMEDIOS;;FARMÁCIA INDEPENDENTE;ILHA DO RETIRO;;2019-08-10;52.0;SUBURBIO;Cruzamento;Bom;Sem defeito;Perfeito estado;Seca;Perfeito estado;Não existe;R-6a;;Única;Não existe;;;
COLISÃO COM CICLISTA;FINALIZADA;;21:47:00;SAN MARTIN;RUA COMENDADOR FRANCO FERREIRA;;EM FRENTE A FARMACIA DROGASIL/ PRC SAN MARTIN;;AUTO E BICICLETA.;1.0;;;1.0;;;;;;1.0;COM VÍTIMA;;RUA COMENDADOR FRANCO FERREIRA;;EM FRENTE A FARMACIA DROGASIL/ PRC SAN MARTIN;SAN MARTIN;;2019-08-10;;SUBURBIO;Longo da via;Bom;Não existe;Perfeito estado;Seca;Perfeito estado;Não existe;Outras;;Única;Não existe;;;
COLISÃO COM CICLISTA;FINALIZADA;;13:56:00;BOA VIAGEM;RUA DR LUIZ CORREA DE OLIVEIRA;215;QUADRA SQUASH E TÊNNIS;;COLISÃO ENTRE AUTO E CICLISTA;1.0;;;1.0;;;;;;1.0;COM VÍTIMA;;RUA DR LUIZ CORREA DE OLIVEIRA;215;QUADRA SQUASH E TÊNNIS;BOA VIAGEM;;2019-08-13;;;Longo da via;Bom;Não existe;Não existente;Seca;Perfeito estado;Não existe;Não há placas;;Dupla;Não existe;;;
COLISÃO COM CICLISTA;FINALIZADA;;08:16:00;CORDEIRO;AV GENERAL SAN MARTIN;559;PROX. AO HOSPITAL GETULIO VARGAS;;MOTO E CICLISTA;;1.0;;1.0;;;;;;1.0;COM VÍTIMA;;AV GENERAL SAN MARTIN;559;PROX. AO HOSPITAL GETULIO VARGAS;CORDEIRO;;2019-08-15;;SUBURBIO;Longo da via;Bom;Não existe;Perfeito estado;Seca;Perfeito estado;Não existe;R-6a;;Dupla;Faixa contínua;;;
COLISÃO COM CICLISTA;FINALIZADA;;21:15:00;ILHA JOANA BEZERRA;VIADUTO CAPITAO TEMUDO;;NO MEIO DO VIADUTO // SENTIDO OLINDA;;CICLISTA X AUTO;1.0;;;1.0;;;;;;1.0;COM VÍTIMA;;VIADUTO CAPITAO TEMUDO;;NO MEIO DO VIADUTO // SENTIDO OLINDA;ILHA JOANA BEZERRA;;2019-08-18;;OLINDA;Viaduto;Bom;Não existe;Perfeito estado;Seca;Perfeito estado;;;;Dupla;Blocos;;;
COLISÃO COM CICLISTA;FINALIZADA;;14:45:00;BOA VIAGEM;AV ENGENHEIRO DOMINGOS FERREIRA;;EM FRENTE AO POSTO TOTAL E A SAMSUNG/ PISTA DA DIREITA;;COLISÃO COM VÍTIMA;;;;1.0;;1.0;;;;1.0;COM VÍTIMA;;AV ENGENHEIRO DOMINGOS FERREIRA;;EM FRENTE AO POSTO TOTAL E A SAMSUNG/ PISTA DA DIREITA;BOA VIAGEM;;2019-08-19;;;;;;;;;;;;;;;;
COLISÃO COM CICLISTA;FINALIZADA;;15:00:00;SÃO JOSÉ;AV SUL;;EM BAIXO DO VIADUTO DO CABANAGA S/T CID;;COLISAO ENTRE AUTO E CICLISTA COM UMA VITIMA;1.0;;;1.0;;;;;;1.0;COM VÍTIMA;RUA BOM SUCESSO;AV SUL;;EM BAIXO DO VIADUTO DO CABANAGA S/T CID;SÃO JOSÉ;;2019-08-19;;CIDADE;Longo da via;Bom;Não existe;Perfeito estado;Seca;Perfeito estado;Não existe;Não há placas;;Única;Faixa seccionada;;;
COLISÃO COM CICLISTA;FINALIZADA;;20:37:00;BOA VIAGEM;RUA PROFESSOR JOAO MEDEIROS;;SEMÁFORO 183;;ETIOS X CICLISTA;1.0;;;1.0;;;;;;0.0;SEM VÍTIMA;RUA JACK AYRES;RUA PROFESSOR JOAO MEDEIROS;;SEMÁFORO 183;BOA VIAGEM;;2019-08-20;183.0;CIDADE;Cruzamento;Bom;Sem defeito;Perfeito estado;Seca;Perfeito estado;Faixa de pedestre;;;Única;Faixa seccionada;;;
COLISÃO COM CICLISTA;CANCELADA;;20:08:00;IPSEP;RUA JEAN EMILE FAVRE;303;DE LADO DA UNIF BV, SNT IMBIRIBEIRA;;MOTO X CICLISTA. S/V;;1.0;;1.0;;;;;;0.0;SEM VÍTIMA;;RUA JEAN EMILE FAVRE;303;DE LADO DA UNIF BV, SNT IMBIRIBEIRA;IPSEP;;2019-08-21;;;;;;;;;;;;;;;;
COLISÃO;CANCELADA;;07:58:00;PINA;AV REPUBLICA DO LIBANO;;NA ENTRADA DO SHOPPING RIO MAR;;COLISÃO SEM VITIMAS;1.0;;;1.0;;;;;;0.0;SEM VÍTIMA;;AV REPUBLICA DO LIBANO;;NA ENTRADA DO SHOPPING RIO MAR;PINA;;2019-08-22;;;;;;;;;;;;;;;;
COLISÃO;CANCELADA;;17:10:00;BRASÍLIA TEIMOSA;RUA FRANCISCO VALPASSOS;42;EM FRENTE AO BAR DE GILMAR;;COLISÃO ENTRE AUTO, ÔNIBUS E CICLISTA SEM VÍTIMA;1.0;;;1.0;;1.0;;;;0.0;SEM VÍTIMA;;RUA FRANCISCO VALPASSOS;42;EM FRENTE AO BAR DE GILMAR;BRASÍLIA TEIMOSA;;2019-08-25;;;;;;;;;;;;;;;;
COLISÃO COM CICLISTA;FINALIZADA;;14:12:00;IBURA;AV DOIS RIOS;;EM FRENTE AO SESI DO IBURA;;KOMBI X CICLISTA COM VÍTIMA;1.0;;;1.0;;;;;;1.0;COM VÍTIMA;;AV DOIS RIOS;;EM FRENTE AO SESI DO IBURA;IBURA;;2019-08-29;561.0;;;;;;;;;;;;;;;
COLISÃO COM CICLISTA;FINALIZADA;;15:31:00;VÁRZEA;AV AFONSO OLINDENSE;344;EM FRENTE AO COLISEU;;COLISÃO COM VITIMA;;1.0;;1.0;;;;;;1.0;COM VÍTIMA;;AV AFONSO OLINDENSE;344;EM FRENTE AO COLISEU;VÁRZEA;;2019-08-29;;SUBURBIO;Longo da via;Bom;Não existe;Perfeito estado;Seca;Perfeito estado;Não existe;R-6a;;Dupla;Faixa seccionada;;;
COLISÃO TRASEIRA;FINALIZADA;;13:37:00;SÃO JOSÉ;RUA DA CONCORDIA;630;SERTÃO MOTO;;VEICULO COLIDIU COM UM CICLISTA;1.0;;;1.0;;;;;;0.0;SEM VÍTIMA;;RUA DA CONCORDIA;630;SERTÃO MOTO;SÃO JOSÉ;;2019-08-31;;SUBURBIO;Longo da via;Bom;Não existe;Perfeito estado;Seca;Perfeito estado;Não existe;Outras;;Única;Não existe;;;
COLISÃO COM CICLISTA;FINALIZADA;;06:21:00;BOA VISTA;AV CONDE DA BOA VISTA;50;SENT. DERBY EM FRENTE AO EDF. PESSOA DE MELO;;DOIS ONIBUS E CICLISTA;;;;1.0;;2.0;;;;1.0;COM VÍTIMA;;AV CONDE DA BOA VISTA;50;SENT. DERBY EM FRENTE AO EDF. PESSOA DE MELO;BOA VISTA;;2019-09-01;;SUBURBIO;Longo da via;Bom;Não existe;Perfeito estado;Seca;Perfeito estado;Não existe;Outras;;Dupla;Faixa seccionada;Canteiro central;;
TOMBAMENTO;FINALIZADA;;07:40:00;SANTO ANTÔNIO;PRC DA REPUBLICA;;AO LADO DO PALACIO DO GOV;;CICLISTA CAIU NO BURACO;;;;1.0;;;;;;1.0;COM VÍTIMA;;PRC DA REPUBLICA;;AO LADO DO PALACIO DO GOV;SANTO ANTÔNIO;;2019-09-04;;CIDADE;Longo da via;Bom;Não existe;Perfeito estado;Seca;Perfeito estado;Não existe;Outras;;Única;Não existe;;;
ABALROAMENTO LONGITUDINAL;FINALIZADA;;07:47:00;MADALENA;RUA PESSOA DE MELO;;AO LADO DO RM EXPRESS;;COLISÃO SEM VITIMAS ENTRE CICLISTA E VEICULO AUTO PASSEIO;1.0;;;1.0;;;;;;0.0;SEM VÍTIMA;RUA JOSE OSORIO;RUA PESSOA DE MELO;;AO LADO DO RM EXPRESS;MADALENA;;2019-09-04;;;Longo da via;Chuvoso;Não existe;Não existente;Molhada;Perfeito estado;Não existe;Não há placas;40 km/h;Dupla;Não existe;;;
COLISÃO COM CICLISTA;FINALIZADA;;07:48:00;CAMPO GRANDE;RUA PRUDENTE DE MORAES;484;EM FRENTE A DELICATESSEN SÃO MIGUEL;;COLISÃO C/VITIMAS ENTRE AUTO E CICLISTA;1.0;;;1.0;;;;;;1.0;COM VÍTIMA;RUA FRANCISCO BERENGUER;RUA PRUDENTE DE MORAES;484;EM FRENTE A DELICATESSEN SÃO MIGUEL;CAMPO GRANDE;;2019-09-05;;SUBURBIO;Cruzamento;Bom;Não existe;Perfeito estado;Seca;Perfeito estado;;;;Dupla;Faixa seccionada;;;
COLISÃO COM CICLISTA;FINALIZADA;;08:32:00;TORRE;RUA CANTORA CLARA NUNES;64;PROXIMO UPINHA EMOCY KRAUSE / SALÃO MALU;;CICLISTA COLIDIO NA TRASEIRA DO CARRO;1.0;;;1.0;;;;;;1.0;COM VÍTIMA;;RUA CANTORA CLARA NUNES;64;PROXIMO UPINHA EMOCY KRAUSE / SALÃO MALU;TORRE;;2019-09-05;;SUBURBIO;Longo da via;Bom;Não existe;Não existente;Molhada;Perfeito estado;Não existe;Não há placas;;Dupla;Não existe;;;
COLISÃO COM CICLISTA;FINALIZADA;;07:15:00;ILHA JOANA BEZERRA;RUA CAPITAO TEMUDO;;EM CIMA DO VIADUTO CAPITÃO TEMUDO;;VITIMA A ESPERA DO SAMU;;1.0;;1.0;;;;;;1.0;COM VÍTIMA;;RUA CAPITAO TEMUDO;;EM CIMA DO VIADUTO CAPITÃO TEMUDO;ILHA JOANA BEZERRA;;2019-09-06;;BOA VIAGEM;Viaduto;Chuvoso;Não existe;Perfeito estado;Molhada;Perfeito estado;Não existe;Não há placas;;Dupla;Canteiro central;;;
COLISÃO COM CICLISTA;FINALIZADA;;18:33:00;BOA VIAGEM;RUA BARAO DE SOUZA LEAO;;PROX A ESCOLA SANTOS DUMONT;;CICLISTA X HONDA CIT X VT DA PM ESTA NO LOCAL;1.0;;;1.0;;;;;;2.0;COM VÍTIMA;;RUA BARAO DE SOUZA LEAO;;PROX A ESCOLA SANTOS DUMONT;BOA VIAGEM;;2019-09-10;;CIDADE;Longo da via;Bom;Sem defeito;Perfeito estado;Seca;Perfeito estado;Não existe;;;Única;;;;
COLISÃO COM CICLISTA;FINALIZADA;;11:01:00;PRADO;AV ENGENHEIRO ABDIAS DE CARVALHO;1055;APOS A ENGENFRIO EM FRENTE AO POSTO DE GASOLINA BR;;VITIMA ESPERA DO SAMU;;;;1.0;;1.0;;;;1.0;COM VÍTIMA;RUA JOAO IVO DA SILVA;AV ENGENHEIRO ABDIAS DE CARVALHO;1055;APOS A ENGENFRIO EM FRENTE AO POSTO DE GASOLINA BR;PRADO;;2019-09-11;132.0;CIDADE;Cruzamento;Bom;Sem defeito;Perfeito estado;Seca;Perfeito estado;Faixa de pedestre;Não há placas;60 km/h;Dupla;Canteiro central;;;
COLISÃO COM CICLISTA;FINALIZADA;;21:33:00;VÁRZEA;AV PROFESSOR ARTUR DE SA;;E/F A ENTRADA DO DERPATAMENTO DE ENGENHARIA QUIMICA;;ENTRE AUTO E DOIS CICLISTAS. C/V;1.0;;;2.0;;;;;;2.0;COM VÍTIMA;;AV PROFESSOR ARTUR DE SA;;E/F A ENTRADA DO DERPATAMENTO DE ENGENHARIA QUIMICA;VÁRZEA;;2019-09-12;;SUBURBIO;Longo da via;Bom;Não existe;Perfeito estado;Seca;Perfeito estado;Outros;Outras;;Dupla;Faixa seccionada;;;
COLISÃO COM CICLISTA;FINALIZADA;;07:24:00;DERBY;AV GOVERNADOR AGAMENON MAGALHAES;;SEMÁFORO 174 / PRÓXIMO A RESTAURAÇÃO;;COLISÃO COM CICLISTA - QTH VIATURA DA CTTU NO LOCAL;1.0;;;1.0;;;;;;0.0;SEM VÍTIMA;RUA JOAQUIM NABUCO;AV GOVERNADOR AGAMENON MAGALHAES;;SEMÁFORO 174 / PRÓXIMO A RESTAURAÇÃO;DERBY;;2019-09-13;174.0;CIDADE;Longo da via;Bom;Sem defeito;Perfeito estado;Seca;Perfeito estado;;;60 km/h;Dupla;Canal;;;
COLISÃO COM CICLISTA;FINALIZADA;;21:06:00;MANGABEIRA;AV NORTE;;SEMÁFORO 96 / PRÓX AO SESC;;ENTRE AUTO E CICLISTA. C.V;1.0;;;1.0;;;;;;1.0;COM VÍTIMA;;AV NORTE;;SEMÁFORO 96 / PRÓX AO SESC;MANGABEIRA;;2019-09-15;96.0;CIDADE;Cruzamento;Bom;Sem defeito;Perfeito estado;Seca;Perfeito estado;Faixa de pedestre;Não há placas;60 km/h;Dupla;Canteiro central;;;
COLISÃO COM CICLISTA;FINALIZADA;;08:20:00;IMBIRIBEIRA;AV MARECHAL MASCARENHAS DE MORAES;5109;EM FRENTE AO ESTACIONAMENTO CLIC PARK;;COLISÃO C/VITIMA ENTRE MOTO E BICICLETA;;1.0;;1.0;;;;;;1.0;COM VÍTIMA;;AV MARECHAL MASCARENHAS DE MORAES;5109;EM FRENTE AO ESTACIONAMENTO CLIC PARK;IMBIRIBEIRA;;2019-09-17;;SUBURBIO;Longo da via;Bom;Sem defeito;Perfeito estado;Seca;Perfeito estado;;Não há placas;60 km/h;Dupla;Canteiro central;;;