tipo;situacao;data;hora;bairro;endereco;numero;complemento;natureza;descricao;auto;moto;ciclom;ciclista;pedestre;onibus;caminhao;viatura;outros;vitimas;natureza_acidente;detalhe_endereco_acidente;endereco_cruzamento;numero_cruzamento;referencia_cruzamento;bairro_cruzamento;vitimasfatais;DATA;num_semaforo;sentido_via;acidente_verificado;tempo_clima;situacao_semaforo;sinalizacao;condicao_via;conservacao_via;ponto_controle;situacao_placa;velocidade_max_via;mao_direcao;divisao_via1;divisao_via2;divisao_via3;Protocolo
COLISÃO COM CICLISTA;FINALIZADA;;08:48:00;GRAÇAS;RUA DR BANDEIRA FILHO;990;AO LADO DA MAC DONALD DA AV. AGAMENON MAGALHÃES;;COLISÃO DE ÔNIBUS COM CICLISTA;;;;1.0;;1.0;;;;1.0;COM VÍTIMA;AV GOVERNADOR AGAMENON MAGALHAES;RUA DR BANDEIRA FILHO;990;AO LADO DA MAC DONALD DA AV. AGAMENON MAGALHÃES;GRAÇAS;;2019-09-17;;CIDADE;Longo da via;Bom;Não existe;Perfeito estado;Seca;Perfeito estado;Agente;Outras;40 km/h;Única;Faixa seccionada;;;
CHOQUE VEÍCULO PARADO;FINALIZADA;;09:25:00;SAN MARTIN;AV ENGENHEIRO ABDIAS DE CARVALHO;;;;SEM VITIMA/CTTU NO LOCAL VAI FAZER O B.O;1.0;;;1.0;;;;;;0.0;SEM VÍTIMA;;AV ENGENHEIRO ABDIAS DE CARVALHO;;;SAN MARTIN;;2019-09-17;422.0;SUBURBIO;Longo da via;Bom;Sem defeito;Perfeito estado;Seca;Perfeito estado;Faixa de pedestre;Não há placas;;Dupla;Canteiro central;;;
ATROPELAMENTO;FINALIZADA;;10:10:00;BOA VISTA;AV CONDE DA BOA VISTA;1512;EM FRENTE AO COPE;;VITIMA A ESPERA DO SAMU;;;;1.0;1.0;;;;;1.0;COM VÍTIMA;;AV CONDE DA BOA VISTA;1512;EM FRENTE AO COPE;BOA VISTA;;2019-09-17;;;Longo da via;Chuvoso;Não existe;Perfeito estado;Seca;Perfeito estado;Faixa de pedestre;R-6a;40 km/h;Dupla;Outros;;;
COLISÃO COM CICLISTA;FINALIZADA;;15:26:00;BOA VIAGEM;RUA VISCONDE DE JEQUITINHONHA;1294;EM FRENTE AO EDIFICIO PAULA MARINA RODRIGUES E POR TRAS DONA LINDU;;COLISÃO COM VÍTIMA;1.0;;;1.0;;;;;;1.0;COM VÍTIMA;;RUA VISCONDE DE JEQUITINHONHA;1294;EM FRENTE AO EDIFICIO PAULA MARINA RODRIGUES E POR TRAS DONA LINDU;BOA VIAGEM;;2019-09-17;;;Longo da via;Chuvoso;Não existe;Perfeito estado;Molhada;Perfeito estado;Não existe;Não há placas;;Única;Faixa seccionada;;;
COLISÃO COM CICLISTA;CANCELADA;;18:45:00;VÁRZEA;RUA BELEM DE SAO FRANCISCO;;PROX AO INSTITUTO RICARDO BRENNAND;;ENTRE AUTO PASSEIO X CICLISTA S/V;1.0;;;1.0;;;;;;0.0;SEM VÍTIMA;;RUA BELEM DE SAO FRANCISCO;;PROX AO INSTITUTO RICARDO BRENNAND;VÁRZEA;;2019-09-17;;;;;;;;;;;;;;;;
COLISÃO COM CICLISTA;FINALIZADA;;08:01:00;ESPINHEIRO;RUA QUARENTA E OITO;165;EM FRENTE AO EDIFICIO CORINTHUS;;VITIMA A ESPERA DO SAMU;1.0;;;1.0;;;;;;1.0;COM VÍTIMA;;RUA QUARENTA E OITO;165;EM FRENTE AO EDIFICIO CORINTHUS;ESPINHEIRO;;2019-09-19;;CIDADE;Longo da via;Bom;Não existe;Perfeito estado;Seca;Perfeito estado;Não existe;R-6a;30 km/h;Única;Faixa seccionada;;;
COLISÃO COM CICLISTA;FINALIZADA;;17:18:00;BOA VISTA;RUA AURORA;529;PRÓX. PONTE PRINCESA ISABEL;;VEICULO E CICLISTA , DANOS MATERIAIS;1.0;;;1.0;;;;;;0.0;SEM VÍTIMA;RUA PRINCESA IZABEL;RUA AURORA;529;PRÓX. PONTE PRINCESA ISABEL;BOA VISTA;;2019-09-19;22.0;SUBURBIO;Cruzamento;Bom;Sem defeito;Perfeito estado;Seca;Perfeito estado;Faixa de retenção;Não há placas;;Única;Faixa seccionada;;;
COLISÃO COM CICLISTA;FINALIZADA;;12:42:00;BOA VIAGEM;RUA SA E SOUZA;480;ESQUINA DA CULTURA INGLESA / PADARIA PAN JOVEM;;COLISAO ENTRE AUTO E CICLISTA;1.0;;;1.0;;;;;;1.0;COM VÍTIMA;RUA BALTAZAR PASSOS;RUA SA E SOUZA;480;ESQUINA DA CULTURA INGLESA / PADARIA PAN JOVEM;BOA VIAGEM;;2019-09-21;;;Cruzamento;Bom;Não existe;Não existente;Seca;Perfeito estado;Não existe;Não há placas;;Dupla;Faixa seccionada;;;
COLISÃO COM CICLISTA;FINALIZADA;;22:01:00;SAN MARTIN;RUA VINTE E UM DE ABRIL;2857;;;COLISAO ENTRE UMA BICICLETA E UMA MOTO;;1.0;;1.0;;;;;;2.0;COM VÍTIMA;;RUA VINTE E UM DE ABRIL;2857;;SAN MARTIN;;2019-09-21;;CIDADE;Cruzamento;Bom;Não existe;Perfeito estado;Seca;Perfeito estado;Não existe;Não há placas;;Dupla;Faixa seccionada;;;
COLISÃO COM CICLISTA;FINALIZADA;;12:23:00;TAMARINEIRA;RUA JUNDIA;;AO LADO DA FERREIRA COSTA;;AUTO E BICICLETA.;1.0;;;1.0;;;;;;1.0;COM VÍTIMA;;RUA JUNDIA;;AO LADO DA FERREIRA COSTA;TAMARINEIRA;;2019-09-23;;SUBURBIO;Longo da via;Bom;Não existe;Perfeito estado;Seca;Perfeito estado;Não existe;Placas Pare;30 km/h;Dupla;Não existe;;;
COLISÃO COM CICLISTA;FINALIZADA;;18:35:00;SANTO AMARO;AV GOVERNADOR AGAMENON MAGALHAES;;E/F A CENTRAL DE FLAGRANTES;;AUTO E BICICLETA;1.0;;;1.0;;;;;;1.0;COM VÍTIMA;RUA ODORICO MENDES;AV GOVERNADOR AGAMENON MAGALHAES;;E/F A CENTRAL DE FLAGRANTES;SANTO AMARO;;2019-09-24;49.0;;Cruzamento;Bom;Sem defeito;Perfeito estado;Seca;Perfeito estado;Faixa de retenção;Outras;60 km/h;Única;Faixa seccionada;;;
COLISÃO COM CICLISTA;FINALIZADA;;16:35:00;BONGI;AV ENGENHEIRO ABDIAS DE CARVALHO;;E/F A PRAÇA DA CHESF S/T SUB;;COLISAO ENTRE AUTO E CICLISTA COM UMA VITIMA;1.0;;;1.0;;;;;;1.0;COM VÍTIMA;RUA TIJUCAS;AV ENGENHEIRO ABDIAS DE CARVALHO;;E/F A PRAÇA DA CHESF S/T SUB;BONGI;;2019-09-26;;;Cruzamento;Bom;Sem defeito;Perfeito estado;Seca;Perfeito estado;Faixa de pedestre;R-4a;;Dupla;Canteiro central;;;
COLISÃO COM CICLISTA;FINALIZADA;;10:39:00;VÁRZEA;AV AFONSO OLINDENSE;1060;EM FRENTE A LOJA BELA NATI, PROXIMA A LOMBADA ELETRONICA;;COLISÃO DE UM CARRO COM UM CICLISTA;1.0;;;1.0;;;;;;1.0;COM VÍTIMA;RUA DIVINOLANDIA;AV AFONSO OLINDENSE;1060;EM FRENTE A LOJA BELA NATI, PROXIMA A LOMBADA ELETRONICA;VÁRZEA;;2019-09-27;;SUBURBIO;Cruzamento;Bom;Não existe;Perfeito estado;Seca;Perfeito estado;Outros;Placas Pare;40 km/h;Dupla;Faixa contínua;Faixa seccionada;;
COLISÃO COM CICLISTA;FINALIZADA;;13:16:00;CORDEIRO;AV CAXANGA;;LADO OPOSTO A FARMACIA DROGASIL;;COLISÃO C/VITIMA ENTRE UM CARRO E UMA BICICLETA;1.0;;;1.0;;;;;;1.0;COM VÍTIMA;AV INACIO MONTEIRO;AV CAXANGA;;LADO OPOSTO A FARMACIA DROGASIL;CORDEIRO;;2019-09-27;234.0;CIDADE;Cruzamento;Bom;Sem defeito;Perfeito estado;Seca;Perfeito estado;Faixa de pedestre;;60 km/h;Dupla;Canteiro central;;;
COLISÃO COM CICLISTA;FINALIZADA;;15:37:00;TEJIPIÓ;RUA DO SANCHO;90;PROX. DA ESTAÇÃO TEJIPIO;;COLISÃO COM VITIMA/ SAMU NO LOCAL;1.0;;;1.0;;;;;;1.0;COM VÍTIMA;;RUA DO SANCHO;90;PROX. DA ESTAÇÃO TEJIPIO;TEJIPIÓ;;2019-09-27;;SUBURBIO;Longo da via;Bom;Não existe;Perfeito estado;Seca;Perfeito estado;Outros;Outras;;Dupla;Não existe;;;
ACID. DE PERCURSO;FINALIZADA;;18:21:00;SANTO AMARO;RUA DOS PALMARES;189;ACIDENTE DE PERCURSO. CICLISTA CAIU DA BICICLETA.;;;;;;1.0;;;;;;1.0;COM VÍTIMA;;RUA DOS PALMARES;189;ACIDENTE DE PERCURSO. CICLISTA CAIU DA BICICLETA.;SANTO AMARO;;2019-09-27;;;Outros;Bom;Não existe;Perfeito estado;Seca;Perfeito estado;Não existe;R-34;;Dupla;Canteiro central;;;
COLISÃO COM CICLISTA;FINALIZADA;;01:47:00;SAN MARTIN;RUA VINTE E UM DE ABRIL;2320;EM FRENTE A NIDA MODAS/SENTIDO GIRADOURO DE SAN MARTIN;;COM TRES VITIMAS AGUARDANDO SAMU,COLISÃO MOTO E BICICLETA;;1.0;;1.0;;;;;;3.0;COM VÍTIMA;;RUA VINTE E UM DE ABRIL;2320;EM FRENTE A NIDA MODAS/SENTIDO GIRADOURO DE SAN MARTIN;SAN MARTIN;;2019-09-29;;;;;;;;;;;;;;;;
COLISÃO COM CICLISTA;FINALIZADA;;07:18:00;AFOGADOS;RUA VINTE E UM DE ABRIL;;E/F LOJA PIPOQUEIRA;;AUTO E CICLISTA;1.0;;;1.0;;;;;;1.0;COM VÍTIMA;RUA VISCONDE DE PELOTAS;RUA VINTE E UM DE ABRIL;;E/F LOJA PIPOQUEIRA;AFOGADOS;;2019-09-30;334.0;;Cruzamento;Bom;Sem defeito;Perfeito estado;Seca;Perfeito estado;Faixa de pedestre;R-6a;;Única;Não existe;;;
COLISÃO COM CICLISTA;FINALIZADA;;11:17:00;IPUTINGA;RUA MAURICIO DE NASSAU;;;;CAMINHÃO E CICLISTA;;;;1.0;;;;;;1.0;VÍTIMA FATAL;;RUA MAURICIO DE NASSAU;;;IPUTINGA;1.0;2019-10-02;;;;;;;;;;;;;;;;
COLISÃO COM CICLISTA;FINALIZADA;;11:46:00;IPSEP;AV RECIFE;1114;CARLOS FILME;;VITIMA SOCORRIDA PELO SAMU;1.0;;;1.0;;;;;;0.0;SEM VÍTIMA;;AV RECIFE;1114;CARLOS FILME;IPSEP;;2019-10-03;314.0;CIDADE;Longo da via;Bom;Sem defeito;Perfeito estado;Seca;Perfeito estado;Outros;Outras;;Dupla;Canteiro central;;;
COLISÃO COM CICLISTA;FINALIZADA;;07:06:00;BAIRRO DO RECIFE;AV MILITAR;;PRÓXIMO AO PORTO DO RECIFE. NO TERMINAL MARÍTIMO.;;AUTO E BICICLETA;1.0;;;1.0;;;;;;1.0;COM VÍTIMA;;AV MILITAR;;PRÓXIMO AO PORTO DO RECIFE. NO TERMINAL MARÍTIMO.;BAIRRO DO RECIFE;;2019-10-07;;SUBURBIO;Longo da via;Bom;Não existe;Perfeito estado;Seca;Perfeito estado;Agente;Não há placas;40 km/h;Única;Faixa seccionada;;;
COLISÃO TRASEIRA;FINALIZADA;;17:13:00;BAIRRO DO RECIFE;AV MARQUES DE OLINDA;;;;AUTOMÓVEL X BICICLETA;1.0;;;1.0;;;;;;0.0;SEM VÍTIMA;RUA MARIZ E BARROS;AV MARQUES DE OLINDA;;;BAIRRO DO RECIFE;;2019-10-07;;SUBURBIO;Cruzamento;Bom;Não existe;Ilegível;Seca;Perfeito estado;Não existe;Placas Pare;;Única;Faixa seccionada;;;
COLISÃO COM CICLISTA;FINALIZADA;;18:05:00;IPSEP;AV RECIFE;105A;EM FRENTE AO SAL E BRASA / SENT. BR. EM FRENTE TAMBÉM A MARCENARIA GT;;MOTO E BICICLETA.;;1.0;;1.0;;;;;;2.0;COM VÍTIMA;;AV RECIFE;105A;EM FRENTE AO SAL E BRASA / SENT. BR. EM FRENTE TAMBÉM A MARCENARIA GT;IPSEP;;2019-10-07;393.0;BR 101;Longo da via;Bom;Sem defeito;Perfeito estado;Seca;Perfeito estado;Faixa de pedestre;;60 km/h;;Canteiro central;;;
COLISÃO COM CICLISTA;FINALIZADA;;11:21:00;ILHA JOANA BEZERRA;RUA CONCEICAO DE MACABU;;AO LADO DO POSTO DE SAUDE SAO JOSE DO COPE. NA SAÍDA DO TERMINAL DE INTEGRAÇÃO DA JOANA BEZERRA.;;ONIBUS E CICLISTA.;;;;1.0;;1.0;;;;1.0;COM VÍTIMA;;RUA CONCEICAO DE MACABU;;AO LADO DO POSTO DE SAUDE SAO JOSE DO COPE. NA SAÍDA DO TERMINAL DE INTEGRAÇÃO DA JOANA BEZERRA.;ILHA JOANA BEZERRA;;2019-10-08;;CIDADE;Longo da via;Bom;Não existe;Incompleta;Seca;Perfeito estado;Não existe;R-6a;;Única;Não existe;;;
COLISÃO COM CICLISTA;CANCELADA;;23:59:00;GRAÇAS;RUA ALBERTO PAIVA;;APÓS A HABBIB'S, SENTIDO TORRE;;COLISÃO ENTRE AUTO E CICLISTA, COM VÍTIMA;1.0;;;1.0;;;;;;1.0;COM VÍTIMA;RUA DO FUTURO;RUA ALBERTO PAIVA;;APÓS A HABBIB'S, SENTIDO TORRE;GRAÇAS;;2019-10-10;;;;;;;;;;;;;;;;
COLISÃO COM CICLISTA;FINALIZADA;;12:06:00;AFOGADOS;RUA SAO MIGUEL;;ANTES DO BLOG SENTIDO SUBÚRBIO;;MOTO E BICICLETA;;1.0;;1.0;;;;;;1.0;COM VÍTIMA;;RUA SAO MIGUEL;;ANTES DO BLOG SENTIDO SUBÚRBIO;AFOGADOS;;2019-10-11;391.0;SUBURBIO;Longo da via;Bom;Sem defeito;Perfeito estado;Seca;Perfeito estado;Faixa de pedestre;;;Dupla;Faixa contínua;;;
COLISÃO COM CICLISTA;CANCELADA;;07:21:00;BOA VIAGEM;RUA ANTONIO FALCAO;301;EM FRENTE AO LE PARC BOA VIAGEM;;VITIMA A ESPERA DO SAMU;1.0;;;1.0;;;;;;1.0;COM VÍTIMA;;RUA ANTONIO FALCAO;301;EM FRENTE AO LE PARC BOA VIAGEM;BOA VIAGEM;;2019-10-14;;;;;;;;;;;;;;;;
COLISÃO COM CICLISTA;FINALIZADA;;13:11:00;BOA VIAGEM;RUA JOSE DA SILVA LUCENA;;EM FRENTE AO ESTACIONAMENTO DO GGE;;COLISAO ENTRE AUTO E CILISTA;1.0;;;1.0;;;;;;0.0;SEM VÍTIMA;;RUA JOSE DA SILVA LUCENA;;EM FRENTE AO ESTACIONAMENTO DO GGE;BOA VIAGEM;;2019-10-14;;;;Bom;Não existe;Não existente;Seca;Perfeito estado;Não existe;Não há placas;;Dupla;Não existe;;;
COLISÃO COM CICLISTA;FINALIZADA;;13:41:00;IMBIRIBEIRA;AV GENERAL MAC ARTHUR;475;APOS O LE PARQUE, ANTES DA ESTAÇÃO ANTÔNIO FALCÃO, EM FRENTE AO GALETINHO DO MATUTO;;AUTO E BICICLETA.;1.0;;;1.0;;;;;;1.0;COM VÍTIMA;RUA JORGE DE LIMA;AV GENERAL MAC ARTHUR;475;APOS O LE PARQUE, ANTES DA ESTAÇÃO ANTÔNIO FALCÃO, EM FRENTE AO GALETINHO DO MATUTO;IMBIRIBEIRA;;2019-10-14;402.0;SUBURBIO;Cruzamento;Bom;Sem defeito;Perfeito estado;Seca;Perfeito estado;Faixa de pedestre;Outras;;Única;Faixa contínua;Faixa seccionada;;
COLISÃO COM CICLISTA;FINALIZADA;;18:50:00;SANTO AMARO;AV NORTE;886;E/F A ESTAÇÃO FUTURO / SEMÁFORO 397 / NAS PROXIMIDADES DO SENAI;;ENTRE AUTO E CICLISTA.;1.0;;;1.0;;;;;;1.0;COM VÍTIMA;;AV NORTE;886;E/F A ESTAÇÃO FUTURO / SEMÁFORO 397 / NAS PROXIMIDADES DO SENAI;SANTO AMARO;;2019-10-14;397.0;CIDADE;Longo da via;Chuvoso;Sem defeito;Perfeito estado;Molhada;Perfeito estado;Faixa de pedestre;Outras;;Dupla;Faixa seccionada;Canteiro central;;
COLISÃO COM CICLISTA;CANCELADA;;22:12:00;MADALENA;RUA JOAO IVO DA SILVA;;E/F A ESQUINA DA PICANHA/ PROX AO TÚNEL DA ABOLIÇÃO;;AUTO PASSEIO X CICLISTA COM VÍTIMA;1.0;;;1.0;;;;;;1.0;COM VÍTIMA;;RUA JOAO IVO DA SILVA;;E/F A ESQUINA DA PICANHA/ PROX AO TÚNEL DA ABOLIÇÃO;MADALENA;;2019-10-16;;;;;;;;;;;;;;;;
COLISÃO COM CICLISTA;FINALIZADA;;18:56:00;ALTO JOSÉ BONIFÁCIO;RUA ALTO DA SERRINHA;109;E/F AO ARMAZEM SHALOM;;ONIBUS X CICLISTA COM VÍTAMA FATAL;;;;1.0;;1.0;;;;;VÍTIMA FATAL;;RUA ALTO DA SERRINHA;109;E/F AO ARMAZEM SHALOM;ALTO JOSÉ BONIFÁCIO;1.0;2019-10-17;;SUBURBIO;Longo da via;Bom;Não existe;Não existente;Seca;Perfeito estado;Não existe;Não há placas;;Dupla;Não existe;;;
COLISÃO COM CICLISTA;FINALIZADA;;19:20:00;IMBIRIBEIRA;VIADUTO TANCREDO NEVES;;SOBRE O VIADUTO TRANQUEDO NEVES ( NO MEIO DO VIADUTO) SENTIDO SHOPPING RECIFE;;MOTO X CICLISTA;;1.0;;1.0;;;;;;2.0;COM VÍTIMA;;VIADUTO TANCREDO NEVES;;SOBRE O VIADUTO TRANQUEDO NEVES ( NO MEIO DO VIADUTO) SENTIDO SHOPPING RECIFE;IMBIRIBEIRA;;2019-10-17;;BOA VIAGEM;Viaduto;Bom;Não existe;Perfeito estado;Seca;Perfeito estado;Não existe;Não há placas;;Dupla;Faixa seccionada;;;
COLISÃO COM CICLISTA;FINALIZADA;;17:47:00;AREIAS;AV RECIFE;943;PROXIMO AO HOSPITAL PAN DE AREIAS;;ACIDENTE ENVOLVENDO AUTO, MOTO E BICICLETA.;1.0;1.0;;1.0;;;;;;1.0;COM VÍTIMA;;AV RECIFE;943;PROXIMO AO HOSPITAL PAN DE AREIAS;AREIAS;;2019-10-18;;CIDADE;Longo da via;Bom;Não existe;Perfeito estado;Seca;Perfeito estado;Faixa de pedestre;;60 km/h;Única;Canteiro central;;;
COLISÃO COM CICLISTA;FINALIZADA;;14:45:00;IPUTINGA;AV CAXANGA;3560;LADO OPOSTO AO RESTAURANTE BRAZETTUS. EM FRENTE A ESCOLA PADRE DEHON.;;ÔNIBUS E BICICLETA. O ÔNIBUS SE EVADIU DO LOCAL DO ACIDENTE.;;;;1.0;;1.0;;;;1.0;COM VÍTIMA;;AV CAXANGA;3560;LADO OPOSTO AO RESTAURANTE BRAZETTUS. EM FRENTE A ESCOLA PADRE DEHON.;IPUTINGA;;2019-10-21;229.0;SUBURBIO;Longo da via;Bom;Sem defeito;Perfeito estado;Seca;Perfeito estado;Faixa de pedestre;R-6a;;Dupla;Faixa;Canteiro central;;
COLISÃO COM CICLISTA;FINALIZADA;;11:04:00;JARDIM SÃO PAULO;AV RECIFE;5630;LABORATÓRIO CERPE;;AUTO E BICICLETA.;1.0;;;1.0;;;;;;1.0;COM VÍTIMA;AV JOAO CABRAL DE MELO NETO;AV RECIFE;5630;LABORATÓRIO CERPE;JARDIM SÃO PAULO;;2019-10-22;259.0;CEASA;Longo da via;Bom;Desligado;Perfeito estado;Seca;Perfeito estado;Faixa de pedestre;Outras;;Dupla;Faixa contínua;Faixa seccionada;Canteiro central;
COLISÃO COM CICLISTA;FINALIZADA;;13:25:00;VÁRZEA;RUA GASTAO VIDIGAL;699;EM FRENTE AO MOTEL TROPICAL;;ÔNIBUS E BICICLETA.;;;;1.0;;1.0;;;;;VÍTIMA FATAL;;RUA GASTAO VIDIGAL;699;EM FRENTE AO MOTEL TROPICAL;VÁRZEA;1.0;2019-10-22;;CIDADE;Longo da via;Bom;Não existe;Perfeito estado;Seca;Perfeito estado;Outros;Outras;;Dupla;Faixa contínua;;;
COLISÃO COM CICLISTA;FINALIZADA;;08:57:00;CASA AMARELA;EST DO ARRAIAL;2723;E/F AO HOSPITAL AGAMENON MAGALHAES;;COLISÃO C/VTIMA ENTRE ONIBUS E CICLISTA;;;;1.0;;1.0;;;;1.0;COM VÍTIMA;;EST DO ARRAIAL;2723;E/F AO HOSPITAL AGAMENON MAGALHAES;CASA AMARELA;;2019-10-25;295.0;SUBURBIO;Longo da via;Bom;Sem defeito;Perfeito estado;Seca;Perfeito estado;Não existe;R-6a;;Única;Faixa seccionada;;;
COLISÃO COM CICLISTA;FINALIZADA;;11:18:00;PRADO;EST DO BONGI;97;EM FRENTE A IGREJA BATISTA DOS REMEDIOS;;COM UMA VITIMA SENDO SOCORRIDA PELO SAMU;1.0;;;1.0;;;;;;1.0;COM VÍTIMA;RUA COSME VIANA;EST DO BONGI;97;EM FRENTE A IGREJA BATISTA DOS REMEDIOS;PRADO;;2019-10-28;100.0;CIDADE;Longo da via;Bom;Sem defeito;Perfeito estado;Seca;Perfeito estado;Não existe;R-4b;;Dupla;Não existe;;;
COLISÃO COM CICLISTA;FINALIZADA;;14:18:00;TORRE;AV BEIRA RIO;;NO SEMÁFORO 630;;COLISÃO COM VÍTIMA;;1.0;;1.0;;;;;;1.0;COM VÍTIMA;RUA CONDE DE IRAJA;AV BEIRA RIO;;NO SEMÁFORO 630;TORRE;;2019-10-29;630.0;SUBURBIO;Cruzamento;Bom;Sem defeito;Perfeito estado;Seca;Perfeito estado;Faixa de pedestre;Placas Pare;;Única;Faixa contínua;Canteiro central;;
COLISÃO COM CICLISTA;FINALIZADA;;08:12:00;PRADO;AV ENGENHEIRO ABDIAS DE CARVALHO;;EM FRENTE A FAMARCIA PAGUE MENOS, SENT. AFOGADOS;;AUTO E CICLISTA;;1.0;;1.0;;;;;;0.0;SEM VÍTIMA;RUA CARLOS GOMES;AV ENGENHEIRO ABDIAS DE CARVALHO;;EM FRENTE A FAMARCIA PAGUE MENOS, SENT. AFOGADOS;PRADO;;2019-10-30;57.0;CIDADE;Longo da via;Bom;Sem defeito;Perfeito estado;Seca;Perfeito estado;Faixa de pedestre;Outras;;Dupla;Faixa contínua;Faixa seccionada;Canteiro central;
COLISÃO COM CICLISTA;FINALIZADA;;07:37:00;AREIAS;AV DR JOSE RUFINO;812;RESIDENCIA PROX AO SENAI;;COLISÃO COM VITIMA SOCORRIDA PELO SAMU;;1.0;;1.0;;;;;;1.0;COM VÍTIMA;RUA AIRES BELO;AV DR JOSE RUFINO;812;RESIDENCIA PROX AO SENAI;AREIAS;;2019-11-07;;CIDADE;Longo da via;Bom;Não existe;Perfeito estado;Seca;Perfeito estado;Não existe;Outras;;Dupla;Faixa contínua;;;
COLISÃO COM CICLISTA;FINALIZADA;;21:31:00;CORDEIRO;AV CAXANGA;1783;PRÓXIMO A FÁCIL PNEUS.;;COLISÃO CICLISTA E AUTO;1.0;;;1.0;;;;;;;VÍTIMA FATAL;RUA PAES CABRAL;AV CAXANGA;1783;PRÓXIMO A FÁCIL PNEUS.;CORDEIRO;1.0;2019-11-07;;CIDADE;Longo da via;Bom;Não existe;;Seca;Perfeito estado;Não existe;Não há placas;;Dupla;Canteiro central;;;
COLISÃO COM CICLISTA;FINALIZADA;;07:23:00;PARNAMIRIM;AV DEZESSETE DE AGOSTO;;EM FRENTE RESTAURANTE RECANTO DO PARAIBANO;;COLISAO COM VITIMA.;;;;1.0;;;;;;1.0;COM VÍTIMA;;AV DEZESSETE DE AGOSTO;;EM FRENTE RESTAURANTE RECANTO DO PARAIBANO;PARNAMIRIM;;2019-11-08;415.0;;;;;;;;;;;;;;;
COLISÃO COM CICLISTA;FINALIZADA;;17:50:00;BREJO DE BEBERIBE;AV VEREADOR OTACILIO AZEVEDO;;;;COLISAO S/V;1.0;;;1.0;;;;;;0.0;SEM VÍTIMA;;AV VEREADOR OTACILIO AZEVEDO;;;BREJO DE BEBERIBE;;2019-11-12;;;Longo da via;Bom;Não existe;Perfeito estado;Seca;Perfeito estado;Não existe;Não há placas;40 km/h;Dupla;Faixa seccionada;;;
COLISÃO COM CICLISTA;FINALIZADA;;19:40:00;PINA;PTE GOVERNADOR PAULO GUERRA;;ALÇA DE ACESSO AO SHOPPING RIO MAR.;;AUTO E BICICLETA.;1.0;;;1.0;;;;;;1.0;COM VÍTIMA;;PTE GOVERNADOR PAULO GUERRA;;ALÇA DE ACESSO AO SHOPPING RIO MAR.;PINA;;2019-11-13;;SUBURBIO;Ponte;Bom;Não existe;Perfeito estado;Seca;Perfeito estado;;Não há placas;60 km/h;Única;;;;
COLISÃO COM CICLISTA;FINALIZADA;;21:21:00;CASA AMARELA;RUA RAIMUNDO FREIXEIRA;251;NA RUA DO SUPERMERCADO BOM DEMAIS;;ENTRE AUTO E CICLISTA. C/V;1.0;;;1.0;;;;;;1.0;COM VÍTIMA;RUA IRMA LUCIA;RUA RAIMUNDO FREIXEIRA;251;NA RUA DO SUPERMERCADO BOM DEMAIS;CASA AMARELA;;2019-11-13;;SUBURBIO;Esquina;Bom;Não existe;Incompleta;Seca;Perfeito estado;Não existe;;;Única;Não existe;;;