tipo;situacao;data;hora;bairro;endereco;numero;complemento;natureza;descricao;auto;moto;ciclom;ciclista;pedestre;onibus;caminhao;viatura;outros;vitimas;natureza_acidente;detalhe_endereco_acidente;endereco_cruzamento;numero_cruzamento;referencia_cruzamento;bairro_cruzamento;vitimasfatais;DATA;num_semaforo;sentido_via;acidente_verificado;tempo_clima;situacao_semaforo;sinalizacao;condicao_via;conservacao_via;ponto_controle;situacao_placa;velocidade_max_via;mao_direcao;divisao_via1;divisao_via2;divisao_via3;Protocolo
COLISÃO COM CICLISTA;FINALIZADA;;23:52:00;SAN MARTIN;RUA VINTE E UM DE ABRIL;;PROX AO BPRV;;BICICLETA E AUTO PASSEIO COM VÍTIMA;1.0;;;1.0;;;;;;1.0;COM VÍTIMA;RUA PEDRO MELO;RUA VINTE E UM DE ABRIL;;PROX AO BPRV;SAN MARTIN;;2019-11-15;;CIDADE;Cruzamento;Bom;Não existe;Ilegível;Seca;Perfeito estado;Não existe;Não há placas;;Dupla;Faixa seccionada;;;
COLISÃO COM CICLISTA;FINALIZADA;;10:54:00;ARRUDA;RUA DAS MOCAS;32;EM FRENTE AO ARMAZEM SÃO JOÃO;;COM UMA VITIMA AGUARDANDO SAMU/;;1.0;;1.0;;;;;;1.0;COM VÍTIMA;;RUA DAS MOCAS;32;EM FRENTE AO ARMAZEM SÃO JOÃO;ARRUDA;;2019-11-17;;;;;;;;;;;;;;;;
COLISÃO COM CICLISTA;FINALIZADA;;19:51:00;JOANA BEZERRA;VIADUTO CAPITAO TEMUDO;;SOBRE O VIADUTO, NO LADO OPOSTO AO FÓRUM JOANA BEZERRA.;;AUTO E BICICLETA.;1.0;;;1.0;;;;;;1.0;COM VÍTIMA;;VIADUTO CAPITAO TEMUDO;;SOBRE O VIADUTO, NO LADO OPOSTO AO FÓRUM JOANA BEZERRA.;JOANA BEZERRA;;2019-11-17;;SUBURBIO;Longo da via;Bom;Não existe;Perfeito estado;Seca;Perfeito estado;Não existe;Não há placas;;Dupla;Faixa seccionada;;;
COLISÃO COM CICLISTA;FINALIZADA;;21:47:00;TORRÕES;AV ENGENHEIRO ABDIAS DE CARVALHO;617;E/F A DLP;;COM VITIMAS;1.0;;;1.0;;;;;;1.0;COM VÍTIMA;;AV ENGENHEIRO ABDIAS DE CARVALHO;617;E/F A DLP;TORRÕES;;2019-11-19;;CIDADE;Longo da via;Bom;Não existe;Perfeito estado;Seca;Mal iluminada;Não existe;;;Dupla;Faixa seccionada;Canteiro central;;
COLISÃO COM CICLISTA;FINALIZADA;;10:11:00;GRAÇAS;RUA ALBERTO PAIVA;1105;EM FRENTE A TOYOLEX. POR TRAZ DA PEDRAGON;;COM UMA VITIMA AGUARDANDO SAMU,LOCAL DESCARACTERIZADO;1.0;;;1.0;;;;;;1.0;COM VÍTIMA;;RUA ALBERTO PAIVA;1105;EM FRENTE A TOYOLEX. POR TRAZ DA PEDRAGON;GRAÇAS;;2019-11-20;;SUBURBIO;Longo da via;Bom;Não existe;Perfeito estado;Seca;Perfeito estado;;;;Única;;;;
COLISÃO COM CICLISTA;FINALIZADA;;09:20:00;MADALENA;RUA JOSE OSORIO;568;EM FRENTE A MURAIS MULTIMARCAS.;;AUTO E BICICLETA.;1.0;;;1.0;;;;;;1.0;COM VÍTIMA;;RUA JOSE OSORIO;568;EM FRENTE A MURAIS MULTIMARCAS.;MADALENA;;2019-11-22;;SUBURBIO;Longo da via;Bom;Não existe;Perfeito estado;Seca;Perfeito estado;Não existe;Não há placas;40 km/h;Dupla;Faixa contínua;Faixa seccionada;;
COLISÃO COM CICLISTA;FINALIZADA;;23:25:00;PRADO;RUA PANDIA CALOGERAS;;NO CRUZAMENTO DAS DUAS RUAS;;UM AUTO E UMA BICICLETA;1.0;;;1.0;;;;;;1.0;COM VÍTIMA;RUA RODRIGUES DE MENDONCA;RUA PANDIA CALOGERAS;;NO CRUZAMENTO DAS DUAS RUAS;PRADO;;2019-11-23;;SUBURBIO;Cruzamento;Bom;Não existe;Perfeito estado;Seca;Perfeito estado;Não existe;Não há placas;;Dupla;Não existe;;;
COLISÃO COM CICLISTA;FINALIZADA;;13:37:00;IMBIRIBEIRA;AV MARECHAL MASCARENHAS DE MORAES;7935D;PRÓX. DO TÚNEL FELIPE CAMARÃO/SENT. JABOATÃO;;MOTO E BICICLETA;;1.0;;1.0;;;;;;2.0;COM VÍTIMA;;AV MARECHAL MASCARENHAS DE MORAES;7935D;PRÓX. DO TÚNEL FELIPE CAMARÃO/SENT. JABOATÃO;IMBIRIBEIRA;;2019-11-24;;SUBURBIO;Longo da via;Bom;Não existe;Não existente;Seca;Perfeito estado;Não existe;Não há placas;60 km/h;Única;Canteiro central;;;
COLISÃO COM CICLISTA;FINALIZADA;;06:50:00;AFOGADOS;AV SUL;;ESTAÇÃO LARGO DA PAZ;;COM UMA VITIMA /AGUARDANDO SAMU;;1.0;;1.0;;;;;;0.0;SEM VÍTIMA;;AV SUL;;ESTAÇÃO LARGO DA PAZ;AFOGADOS;;2019-11-25;;CIDADE;Longo da via;Bom;Não existe;Perfeito estado;Seca;Perfeito estado;Não existe;Não há placas;60 km/h;Única;Faixa seccionada;;;
COLISÃO COM CICLISTA;FINALIZADA;;15:48:00;BOA VISTA;AV CONDE DA BOA VISTA;1546;E/F A POLITEC GM;;COLISAO ENTRE AUTO E CICLISTA;1.0;;;1.0;;;;;;1.0;COM VÍTIMA;RUA PADRE INGLES;AV CONDE DA BOA VISTA;1546;E/F A POLITEC GM;BOA VISTA;;2019-11-26;;;Esquina;Bom;Não existe;;Seca;Perfeito estado;;Placas Pare;40 km/h;Dupla;Canteiro central;;;
COLISÃO COM CICLISTA;FINALIZADA;;12:04:00;ESPINHEIRO;RUA QUARENTA E OITO;;EM FRENTE A DELICATESSEN ESPINHEIRO;;MOTO E BICICLETA.;;1.0;;1.0;;;;;;1.0;COM VÍTIMA;RUA DO ESPINHEIRO;RUA QUARENTA E OITO;;EM FRENTE A DELICATESSEN ESPINHEIRO;ESPINHEIRO;;2019-11-27;166.0;SUBURBIO;Cruzamento;Bom;Sem defeito;Perfeito estado;Seca;Perfeito estado;Agente;Placas Dê a preferência;40 km/h;Única;Faixa seccionada;;;
COLISÃO COM CICLISTA;FINALIZADA;;06:45:00;ILHA JOANA BEZERRA;AV DES GUERRA BARRETO;;EM FRENTE AO FORUM RODOLFO AURELIANO;;AUTO E CICLISTA;1.0;;;1.0;;;;;;1.0;COM VÍTIMA;;AV DES GUERRA BARRETO;;EM FRENTE AO FORUM RODOLFO AURELIANO;ILHA JOANA BEZERRA;;2019-11-29;38.0;CIDADE;Longo da via;Bom;Sem defeito;Incompleta;Seca;Mal conservada;Não existe;Não há placas;;Dupla;Faixa contínua;;;
COLISÃO COM CICLISTA;FINALIZADA;;08:03:00;MADALENA;EST DOS REMEDIOS;;SEMAFORO 051 PROX AO POSTO DE SAUDE LESSA DE ANDRADE;;ÔNIBUS E BICICLETA.;;;;1.0;;1.0;;;;1.0;COM VÍTIMA;RUA BENFICA;EST DOS REMEDIOS;;SEMAFORO 051 PROX AO POSTO DE SAUDE LESSA DE ANDRADE;MADALENA;;2019-12-02;51.0;CIDADE;Cruzamento;Bom;Sem defeito;Perfeito estado;Seca;Perfeito estado;Agente;R-4a;60 km/h;Dupla;Faixa;;;
COLISÃO COM CICLISTA;FINALIZADA;;16:19:00;AFOGADOS;RUA DA PAZ;82;EM FRENTE A CAIXA ECONOMICA E FÁBRICA DA INDÚSTRIA E COMÉRCIO.;;CAMINHÃO E BICICLETA.;;;;1.0;;;1.0;;;1.0;COM VÍTIMA;RUA NICOLAU PEREIRA;RUA DA PAZ;82;EM FRENTE A CAIXA ECONOMICA E FÁBRICA DA INDÚSTRIA E COMÉRCIO.;AFOGADOS;;2019-12-02;73.0;SUBURBIO;Cruzamento;Bom;Sem defeito;Perfeito estado;Seca;Perfeito estado;Agente;R-6a;40 km/h;Única;;;;
COLISÃO COM CICLISTA;FINALIZADA;;11:13:00;SAN MARTIN;AV GENERAL SAN MARTIN;;LADO OPOSTO A CAVALARIA DIAS CARDOSO;;COLISÃO COM VÍTIMA/ O VEÍCULO EVADIU-SE DO LOCAL;1.0;;;1.0;;;;;;1.0;COM VÍTIMA;;AV GENERAL SAN MARTIN;;LADO OPOSTO A CAVALARIA DIAS CARDOSO;SAN MARTIN;;2019-12-04;;;Longo da via;Bom;Não existe;Perfeito estado;Seca;Perfeito estado;Não existe;R-6a;;Dupla;Faixa contínua;Faixa seccionada;;
COLISÃO COM CICLISTA;FINALIZADA;;07:54:00;CAMPO GRANDE;EST DE BELEM;516;PROX DO ARMAZEM DA STAMPA. EDF. AQUILES.;;AUTO E BICICLETA.;1.0;;;1.0;;;;;;1.0;COM VÍTIMA;;EST DE BELEM;516;PROX DO ARMAZEM DA STAMPA. EDF. AQUILES.;CAMPO GRANDE;;2019-12-07;;SUBURBIO;Longo da via;Bom;Não existe;Perfeito estado;Seca;Perfeito estado;Não existe;R-6a;;Dupla;Faixa contínua;;;
COLISÃO COM CICLISTA;FINALIZADA;;09:29:00;SAN MARTIN;AV GENERAL SAN MARTIN;;AO LADO DO COLÉGIO ADVENTISTA DE SAN MARTIN.;;MOTO E BICICLETA.;;1.0;;1.0;;;;;;1.0;COM VÍTIMA;RUA SIGISMUNDO CABRAL DE MELO;AV GENERAL SAN MARTIN;;AO LADO DO COLÉGIO ADVENTISTA DE SAN MARTIN.;SAN MARTIN;;2019-12-09;371.0;SUBURBIO;Cruzamento;Bom;Sem defeito;Incompleta;Seca;Perfeito estado;Faixa de pedestre;R-6a;;Dupla;Faixa contínua;;;
COLISÃO COM CICLISTA;FINALIZADA;;15:13:00;IPUTINGA;EST DO BARBALHO;960;E/F A CONAB;;AUTO E BICICLETA.;1.0;;;1.0;;;;;;1.0;COM VÍTIMA;;EST DO BARBALHO;960;E/F A CONAB;IPUTINGA;;2019-12-10;;;Longo da via;Bom;Não existe;Não existente;Seca;Perfeito estado;Não existe;Não há placas;;Dupla;Não existe;;;
COLISÃO COM CICLISTA;FINALIZADA;;07:09:00;TAMARINEIRA;RUA CONEGO BARATA;;EM FRENTE A FERRERA COSTA / SENT AFOGADOS;;MOTO E BICICLETA;1.0;;;1.0;;;;;;1.0;COM VÍTIMA;;RUA CONEGO BARATA;;EM FRENTE A FERRERA COSTA / SENT AFOGADOS;TAMARINEIRA;;2019-12-12;;SUBURBIO;Longo da via;Bom;Não existe;Perfeito estado;Seca;Perfeito estado;;;;Dupla;Canteiro central;;;
COLISÃO COM CICLISTA;FINALIZADA;;08:09:00;TAMARINEIRA;RUA CONEGO BARATA;;E/F AO HOSPITAL CORREIA PICANSSO;;COLISÃO C/VITIMA ENTRE UMA MOTO E UM CICLISTA;;1.0;;1.0;;;;;;1.0;COM VÍTIMA;;RUA CONEGO BARATA;;E/F AO HOSPITAL CORREIA PICANSSO;TAMARINEIRA;;2019-12-12;;;;;;;;;;;;;;;;
COLISÃO COM CICLISTA;FINALIZADA;;09:20:00;BOA VISTA;AV CONDE DA BOA VISTA;;LADO OPOSTO A FACULDADE FAFIRE;;AUTO E CILISTA;1.0;;;1.0;;;;;;0.0;SEM VÍTIMA;;AV CONDE DA BOA VISTA;;LADO OPOSTO A FACULDADE FAFIRE;BOA VISTA;;2019-12-13;;SUBURBIO;Longo da via;Bom;Não existe;Perfeito estado;Seca;Perfeito estado;Faixa de pedestre;Não há placas;40 km/h;Dupla;Faixa contínua;Faixa seccionada;;
COLISÃO COM CICLISTA;FINALIZADA;;15:57:00;IPSEP;RUA JEAN EMILE FAVRE;1212;AO LADO DA FARMACIA EXTRAFARMA. MENOR PREÇO LUBRIFICANTES / CENTRO AUTOMOTIVO.;;AUTO E BICICLETA.;1.0;;;1.0;;;;;;1.0;COM VÍTIMA;RUA RIO AMAZONAS;RUA JEAN EMILE FAVRE;1212;AO LADO DA FARMACIA EXTRAFARMA. MENOR PREÇO LUBRIFICANTES / CENTRO AUTOMOTIVO.;IPSEP;;2019-12-14;527.0;SUBURBIO;Longo da via;Bom;Não existe;Perfeito estado;Seca;Perfeito estado;Não existe;R-6a;;Dupla;Faixa seccionada;;;
COLISÃO COM CICLISTA;FINALIZADA;;06:54:00;IPSEP;AV RECIFE;3021;LADO OPOSTO AO POSTO FEDERAL - PROXIMO AO ANTIGO BOMPREÇO;;COLISÃO 2 AUTOS + BICICLETA - C/VITIMA;2.0;;;1.0;;;;;;3.0;VÍTIMA FATAL;;AV RECIFE;3021;LADO OPOSTO AO POSTO FEDERAL - PROXIMO AO ANTIGO BOMPREÇO;IPSEP;1.0;2019-12-16;;SUBURBIO;Longo da via;Bom;Não existe;Perfeito estado;Seca;Perfeito estado;Não existe;Não há placas;;Dupla;Canteiro central;;;
COLISÃO COM CICLISTA;CANCELADA;;15:41:00;VÁRZEA;AV PROFESSOR ARTUR DE SA;;E/F AO CEMITERIO DA VARZEA;;COLISAO ENTRE AUTO E CICLISTA;1.0;;;1.0;;;;;;0.0;SEM VÍTIMA;;AV PROFESSOR ARTUR DE SA;;E/F AO CEMITERIO DA VARZEA;VÁRZEA;;2019-12-16;;;;;;;;;;;;;;;;
COLISÃO COM CICLISTA;FINALIZADA;;17:13:00;SÃO JOSÉ;AV SUL;783;EM FRENTE A ACRI SUL E PROXIMO AO GALPÃO DO GALO. EM FRENTE A CRIS HOTEL.;;COLISÃO ENTRE ÔNIBUS E BICICLETA.;;;;1.0;;1.0;;;;1.0;COM VÍTIMA;;AV SUL;783;EM FRENTE A ACRI SUL E PROXIMO AO GALPÃO DO GALO. EM FRENTE A CRIS HOTEL.;SÃO JOSÉ;;2019-12-16;;SUBURBIO;Longo da via;Bom;Não existe;Perfeito estado;Seca;Perfeito estado;Não existe;Não há placas;;Dupla;Canteiro central;;;
COLISÃO COM CICLISTA;FINALIZADA;;20:16:00;IPUTINGA;EST DO BARBALHO;;AO LADO DO DETRAN;;MOTO X CICLISTA COM VÍTIMA;;1.0;;1.0;;;;;;3.0;COM VÍTIMA;;EST DO BARBALHO;;AO LADO DO DETRAN;IPUTINGA;;2019-12-16;;CIDADE;Longo da via;Bom;Não existe;Incompleta;Seca;Perfeito estado;Não existe;R-6a;;Dupla;Não existe;;;
COLISÃO COM CICLISTA;FINALIZADA;;20:44:00;MADALENA;RUA BENFICA;1103;E/F AO MUSEU DA ABOLIÇÃO E DPCA.;;ÔNIBUS E BICICLETA.;;;;1.0;;1.0;;;;1.0;COM VÍTIMA;;RUA BENFICA;1103;E/F AO MUSEU DA ABOLIÇÃO E DPCA.;MADALENA;;2019-12-18;;SUBURBIO;Longo da via;Bom;Não existe;Perfeito estado;Seca;Perfeito estado;Não existe;Não há placas;;Dupla;Faixa contínua;;;
COLISÃO COM CICLISTA;FINALIZADA;;15:45:00;JAQUEIRA;RUA DEPUTADO PEDRO PIRES FERREIRA;95;EM FRENTE AO EDIFICIO STUDIO PARQUE PRINCE, AO LADO DO AÇAI NO PONTO;;COLISÃO ENTRE AUTO E CICLISTA C/V. NO Q11857BOLETIM FÍSICO CONSTA COMO NATUREZA: COLISÃO TRASEIRA E NÃO HOUVE IDENTIFICAÇÃO DA VÍTIMA NEM DO OUTRO VEÍCULO ENVOLVIDO.;1.0;;;1.0;;;;;;1.0;COM VÍTIMA;;RUA DEPUTADO PEDRO PIRES FERREIRA;95;EM FRENTE AO EDIFICIO STUDIO PARQUE PRINCE, AO LADO DO AÇAI NO PONTO;JAQUEIRA;;2019-12-21;;SUBURBIO;Longo da via;Bom;Não existe;Perfeito estado;Seca;Perfeito estado;Não existe;Não há placas;40 km/h;Dupla;Faixa seccionada;;;
COLISÃO COM CICLISTA;CANCELADA;;06:42:00;BOA VISTA;RUA PRINCESA IZABEL;;E/F AO TEATRO PRINCESA IZABEL;;COLISÃO C/VITIMA ENTRE UM CICLISTA E UM ONIBUS;;;;1.0;;1.0;;;;1.0;COM VÍTIMA;;RUA PRINCESA IZABEL;;E/F AO TEATRO PRINCESA IZABEL;BOA VISTA;;2019-12-27;;;;;;;;;;;;;;;;
COLISÃO COM CICLISTA;FINALIZADA;;12:46:00;COELHOS;LGO DOS COELHOS;84;AO LADO DA ANTIGA FABRIGA MATARAZO E PROX. ADO IMIP;;ATROPELAMENTO A CICLISTA;1.0;;;1.0;;;;;;1.0;COM VÍTIMA;;LGO DOS COELHOS;84;AO LADO DA ANTIGA FABRIGA MATARAZO E PROX. ADO IMIP;COELHOS;;2019-12-30;;SUBURBIO;Longo da via;Bom;Não existe;;;;Não existe;Não há placas;;Dupla;Faixa seccionada;;;
COLISÃO COM CICLISTA;FINALIZADA;2020-01-02;14:36:00;PRADO;RUA JOAO IVO DA SILVA;181;E/F A HONDA;;COLISAO ENTRE MOTO E CICLISTA VT 15 NO LOCAL;;1.0;;1.0;;;;;;1.0;COM VÍTIMA;;;;;PRADO;;;;SUBURBIO;Longo da via;Bom;Não existe;Perfeito estado;Seca;Perfeito estado;Não existe;Outras;;Única;Faixa contínua;Faixa seccionada;Canal;
COLISÃO COM CICLISTA;FINALIZADA;2020-01-03;07:53:00;BOA VISTA;RUA AURORA;;E/F AO TRIBUNAL DE CONTAS DO ESTADO;;COLISÃO C/VITIMA ENTRE UMA MOTO E UMA BICICLETA (V.T NO 29);;1.0;;1.0;;;;;;1.0;COM VÍTIMA;AV MARIO MELO;;;;BOA VISTA;;;600.0;SUBURBIO;Longo da via;Bom;Sem defeito;Perfeito estado;Seca;Perfeito estado;Faixa de pedestre;;;Única;Faixa;Canteiro central;;
COLISÃO COM CICLISTA;FINALIZADA;2020-01-06;07:31:00;PRADO;AV ENGENHEIRO ABDIAS DE CARVALHO;;PRÓXIMO A FARMÁCIA PAGUE MENOS;;AUTO E BICICLETA.;1.0;;;1.0;;;;;;1.0;COM VÍTIMA;RUA CARLOS GOMES;;;;PRADO;;;57.0;CIDADE;Esquina;Bom;Sem defeito;Perfeito estado;Seca;Perfeito estado;;Outras;;Única;;;;
COLISÃO COM CICLISTA;FINALIZADA;2020-01-07;17:37:00;BOA VIAGEM;RUA VISCONDE DE JEQUITINHONHA;652;NO SEMAFORO 304;;COLISAO COM CICLISTA;1.0;;;1.0;;;;;;1.0;COM VÍTIMA;RUA ERNESTO DE PAULA SANTOS;;;;BOA VIAGEM;;;304.0;CIDADE;Cruzamento;Bom;Sem defeito;Perfeito estado;Seca;Perfeito estado;Faixa de pedestre;R-6a;30 km/h;Única;Não existe;;;
ATROPELAMENTO;FINALIZADA;2020-01-11;07:29:00;ROSARINHO;AV NORTE;3287;POSTO IPIRANGA;;ATROPELAMENTO -COM UMA BICICLETA ELETRICA;;;;1.0;1.0;;;;;1.0;COM VÍTIMA;;;;;ROSARINHO;;;;CIDADE;Longo da via;Bom;Sem defeito;Perfeito estado;Seca;Perfeito estado;Faixa de pedestre;Outras;;Única;Faixa seccionada;Canteiro central;;
ATROPELAMENTO;FINALIZADA;2020-01-12;12:09:00;BOA VIAGEM;AV BOA VIAGEM;848;STUDIO PORTAL DE BOA VIAGEM;;BICICLETA E PEDESTRE;;;;1.0;1.0;;;;;1.0;COM VÍTIMA;;;;;BOA VIAGEM;;;;CIDADE;Longo da via;Bom;Não existe;Perfeito estado;Seca;Perfeito estado;Não existe;Não há placas;;Única;Faixa contínua;;;
COLISÃO COM CICLISTA;FINALIZADA;2020-01-16;09:35:00;CAMPO GRANDE;RUA JERONIMO VILELA;725;EM FRENTE AO BAR DO ZE E RESTAURANTE ESTAÇÃO DA TERRA;;AUTO E PEDESTRE;1.0;;;1.0;;;;;;1.0;COM VÍTIMA;;;;;CAMPO GRANDE;;;341.0;SUBURBIO;Longo da via;Bom;Sem defeito;Perfeito estado;Seca;Perfeito estado;Faixa de pedestre;Outras;;Dupla;Faixa contínua;;;
COLISÃO COM CICLISTA;FINALIZADA;2020-01-20;07:20:00;TORRE;RUA REAL DA TORRE;1201;;;COLISÃO COM UMA VITIMA AGUARDANDO SAMU;;1.0;;1.0;;;;;;1.0;COM VÍTIMA;;;;;TORRE;;;108.0;CIDADE;Longo da via;Bom;Sem defeito;Perfeito estado;Seca;Perfeito estado;;Outras;50 km/h;Única;Faixa;;;
COLISÃO COM CICLISTA;FINALIZADA;2020-01-24;13:52:00;ROSARINHO;AV NORTE;3476;PRÓX A PADARIA ROSARINHO;;COLISAO COM CICLISTA COM VITIMA;1.0;;;1.0;;;;;;1.0;COM VÍTIMA;;;;;ROSARINHO;;;456.0;SUBURBIO;Longo da via;Bom;Sem defeito;Perfeito estado;Seca;Perfeito estado;Faixa de pedestre;Outras;;Dupla;Canteiro central;;;
COLISÃO COM CICLISTA;FINALIZADA;2020-01-24;16:32:00;TAMARINEIRA;RUA PADRE ROMA;;LADO OPOSTO A HI ACADEMIA;;AUTO PASSEIO X CICLISTA;1.0;;;1.0;;;;;;1.0;COM VÍTIMA;EST DO ARRAIAL;;;;TAMARINEIRA;;;61.0;;Cruzamento;Bom;Sem defeito;Perfeito estado;Seca;Perfeito estado;Faixa de pedestre;Outras;;Única;Faixa seccionada;;;
COLISÃO COM CICLISTA;FINALIZADA;2020-01-25;03:47:00;IMBIRIBEIRA;AV PRESIDENTE DUTRA;;ANTES DA BIFURCAÇÃO- SENTIDO AEROPORTO E APÓS O RESTAURANTE SAL E BRASA;;COLISÃO ENTRE AUTO E BICICLETA- C/V;1.0;;;1.0;;;;;;1.0;COM VÍTIMA;;;;;IMBIRIBEIRA;;;;SUBURBIO;Longo da via;Bom;Não existe;Perfeito estado;Seca;Perfeito estado;Outros;Outras;;Dupla;Faixa seccionada;Faixa contínua;;
COLISÃO COM CICLISTA;FINALIZADA;2020-01-25;07:26:00;ÁGUA FRIA;AV BEBERIBE;1919;EM FRENTE AO MERCADO DE AGUA FRIA. MAGAZINE LUIZA.;;ONIBUS E CICLISTA;;;;1.0;;1.0;;;;1.0;COM VÍTIMA;;;;;ÁGUA FRIA;;;;SUBURBIO;Longo da via;Bom;Não existe;Perfeito estado;Seca;Perfeito estado;Não existe;Outras;;Dupla;Faixa contínua;;;
COLISÃO COM CICLISTA;FINALIZADA;2020-01-25;08:46:00;PINA;PTE GOVERNADOR PAULO GUERRA;;SOBRE A PONTE PISTA DE ACESSO AO SHOPPING RIO MAR;;;1.0;;;1.0;;;;;;0.0;SEM VÍTIMA;;;;;PINA;;;;SUBURBIO;Longo da via;Bom;Não existe;Perfeito estado;Seca;Perfeito estado;Outros;Outras;60 km/h;Única;Faixa seccionada;;;
COLISÃO COM CICLISTA;FINALIZADA;2020-01-25;19:37:00;IBURA;AV RECIFE;;E/F AO POSTO SHELL/ EXTRAFARMA;;AUTO PASSEIO X CICLISTA COM VÍTIMA;1.0;;;1.0;;;;;;1.0;COM VÍTIMA;AV DOM HELDER CAMARA;;;;IBURA;;;55.0;CIDADE;Longo da via;Bom;Sem defeito;Incompleta;Seca;Perfeito estado;Não existe;Não há placas;;Única;Não existe;;;
COLISÃO COM CICLISTA;FINALIZADA;2020-01-26;22:45:00;SANTO AMARO;AV GOVERNADOR AGAMENON MAGALHAES;;LADO OPOSTO AO SHOPPING TACARUNA;;ENTRE AUTO PASSEIO X CICLISTA COM VÍTIMA;1.0;;;1.0;;;;;;1.0;COM VÍTIMA;;;;;SANTO AMARO;;;;CIDADE;Longo da via;Bom;Não existe;Ilegível;Seca;Mal iluminada;Não existe;Não há placas;60 km/h;Dupla;Canal;;;
COLISÃO COM CICLISTA;FINALIZADA;2020-01-28;08:27:00;VASCO DA GAMA;RUA VASCO DA GAMA;405;;;MOTO E CICLISTA;;1.0;;1.0;;;;;;1.0;COM VÍTIMA;;;;;VASCO DA GAMA;;;;SUBURBIO;Longo da via;Bom;Não existe;Incompleta;Seca;Perfeito estado;Não existe;Outras;30 km/h;Dupla;Não existe;;;
COLISÃO COM CICLISTA;CANCELADA;2020-01-29;07:10:00;BOA VIAGEM;RUA VISCONDE DE JEQUITINHONHA;;PARADA 2 SHOPPING RECIFE;;ONIBUS E CICLISTA;;;;1.0;;;;;;1.0;COM VÍTIMA;RUA BRUNO VELOSO;;;;BOA VIAGEM;;;;;;;;;;;;;;;;;;
COLISÃO COM CICLISTA;FINALIZADA;2020-01-29;12:14:00;ESPINHEIRO;AV GOVERNADOR AGAMENON MAGALHAES;;EM FRENTE A CAIXA ECONOMICA/ SENTIDO OLINDA;;COLISÃO COM DOIS AUTOS E UM CICLISTA COM VÍTIMA;2.0;;;1.0;;;;;;1.0;COM VÍTIMA;RUA DR LEOPOLDO LINS;;;;ESPINHEIRO;;;78.0;SUBURBIO;Cruzamento;Bom;Sem defeito;Perfeito estado;Seca;Perfeito estado;Faixa de pedestre;Outras;;Dupla;Canteiro central;;;
COLISÃO COM CICLISTA;FINALIZADA;2020-02-01;17:51:00;BOA VIAGEM;RUA COSMORAMA;;AO LADO DA VILA MILITAR DA AERONAUTICA/ PROX AO COMAR;;AUTO E BICICLETA.;1.0;;;1.0;;;;;;1.0;COM VÍTIMA;AV ARMINDO MOURA;;;;BOA VIAGEM;;;441.0;SUBURBIO;Cruzamento;Bom;Sem defeito;Perfeito estado;Seca;Perfeito estado;Faixa de pedestre;;;;;;;
COLISÃO COM CICLISTA;FINALIZADA;2020-02-02;07:53:00;CAXANGÁ;AV JOAQUIM RIBEIRO;740;AGUA MINERAL CAXANGA;;COLISAO COM VITIMA. VEICULO E CICLISTA;1.0;;;1.0;;;;;;1.0;COM VÍTIMA;;;;;CAXANGÁ;;;;SUBURBIO;Longo da via;Chuvoso;Não existe;Perfeito estado;Seca;Perfeito estado;Não existe;Não há placas;;Dupla;Canteiro central;;;
COLISÃO COM CICLISTA;FINALIZADA;2020-02-02;13:38:00;TAMARINEIRA;RUA CONEGO BARATA;858;PROX. DO DENOX E O FITEIRO SÃO JOSÉ. DNOCS.;;AUTO PASSEIO E CICLISTA;1.0;;;1.0;;;;;;1.0;COM VÍTIMA;;;;;TAMARINEIRA;;;;AV NORTE;Longo da via;Bom;Não existe;Perfeito estado;Seca;Perfeito estado;Não existe;Não há placas;40 km/h;Dupla;Faixa contínua;;;