tipo;situacao;data;hora;bairro;endereco;numero;complemento;natureza;descricao;auto;moto;ciclom;ciclista;pedestre;onibus;caminhao;viatura;outros;vitimas;natureza_acidente;detalhe_endereco_acidente;endereco_cruzamento;numero_cruzamento;referencia_cruzamento;bairro_cruzamento;vitimasfatais;DATA;num_semaforo;sentido_via;acidente_verificado;tempo_clima;situacao_semaforo;sinalizacao;condicao_via;conservacao_via;ponto_controle;situacao_placa;velocidade_max_via;mao_direcao;divisao_via1;divisao_via2;divisao_via3;Protocolo
COLISÃO COM CICLISTA;CANCELADA;2020-02-04;10:03:00;ENCRUZILHADA;AV JOAO DE BARROS;;EM FRENTE AO BANCO BRADESCO;;SEM VITIMAS;;;;1.0;;;1.0;;;0.0;SEM VÍTIMA;AV NORTE;;;;ENCRUZILHADA;;;;;;;;;;;;;;;;;;
COLISÃO COM CICLISTA;FINALIZADA;2020-02-06;18:06:00;DOIS IRMÃOS;RUA DOIS IRMAOS;;AO LADO DO CAMPO DA UNIVERSIDADE DA RURAL;;ENTRE BICICLETA E CAMINHÃO. C/V;;;;1.0;;;1.0;;;1.0;COM VÍTIMA;;;;;DOIS IRMÃOS;;;;SUBURBIO;Longo da via;Bom;Não existe;Incompleta;Seca;Mal conservada;Não existe;Não há placas;;Dupla;Não existe;;;
COLISÃO COM CICLISTA;FINALIZADA;2020-02-10;08:09:00;MADALENA;RUA BENFICA;929;;;COM UMA VÍTIMA;1.0;;;1.0;;;;;;1.0;COM VÍTIMA;;;;;MADALENA;;;;CIDADE;Longo da via;Bom;Sem defeito;Perfeito estado;Seca;Perfeito estado;Não existe;Não há placas;;Dupla;Faixa contínua;;;
COLISÃO COM CICLISTA;FINALIZADA;2020-02-11;19:46:00;CAMPINA DO BARRETO;RUA DA REGENERACAO;1068;ENF. A MERCEARIA DO DIDA // PROX A EMPRESA ESCAVE;;MOTO X CICLISTA;;1.0;;1.0;;;;;;2.0;COM VÍTIMA;;;;;CAMPINA DO BARRETO;;;;CIDADE;Longo da via;Bom;Não existe;Não existente;Seca;Perfeito estado;Não existe;Não há placas;;Dupla;Não existe;;;
COLISÃO COM CICLISTA;FINALIZADA;2020-02-12;16:01:00;BOA VIAGEM;AV CONSELHEIRO AGUIAR;2065;E/F A CAIXA ECONOMICA;;COLISÃO C/CICLISTA;1.0;;;1.0;;;;;;1.0;COM VÍTIMA;;;;;BOA VIAGEM;;;;CIDADE;Longo da via;Bom;Não existe;Perfeito estado;Seca;Perfeito estado;Não existe;Outras;;Única;Faixa contínua;;;
COLISÃO COM CICLISTA;FINALIZADA;2020-02-12;20:41:00;PINA;AV ENGENHEIRO DOMINGOS FERREIRA;;;;COLISÃO ENTRE AUTO E CICLISTA C/V;1.0;;;1.0;;;;;;1.0;COM VÍTIMA;RUA TOME GIBSON;;;;PINA;;;200.0;SUBURBIO;Cruzamento;Bom;Sem defeito;Perfeito estado;Seca;Perfeito estado;Faixa de pedestre;Não há placas;;Única;Faixa contínua;Faixa seccionada;Canteiro central;
COLISÃO COM CICLISTA;FINALIZADA;2020-02-14;19:44:00;BOA VIAGEM;AV FERNANDO SIMOES BARBOSA;140;EDF. SANTO ANDRE // PROX A SAIDA DO SHOPPING RECIFE;;CICLISTA X ONIBUS VERA VCRUZ;;;;1.0;;1.0;;;;1.0;COM VÍTIMA;;;;;BOA VIAGEM;;;;SUBURBIO;Longo da via;Bom;Não existe;Perfeito estado;Seca;Perfeito estado;Não existe;Outras;;Única;Faixa seccionada;Canal;;
COLISÃO COM CICLISTA;FINALIZADA;2020-02-15;11:18:00;SÃO JOSÉ;AV SUL;;EM FRENTE AO ESTACIONAMENTO GERALDO ARAUJO;;ONIBUS E CICLISTA C/V;;;;1.0;;1.0;;;;1.0;COM VÍTIMA;;;;;SÃO JOSÉ;;;;SUBURBIO;Longo da via;Bom;Não existe;Não existente;Seca;Perfeito estado;Não existe;Não há placas;;Dupla;Canteiro central;;;
COLISÃO COM CICLISTA;CANCELADA;2020-02-16;18:42:00;BOA VIAGEM;RUA BARAO DE SOUZA LEAO;1422;PROX A IGREJA CATOLICA E POSTO DE GASOLINA BR DESATIVADO;;CICLISTA X ONIBUS VERA CRUZ;;;;1.0;;1.0;;;;1.0;COM VÍTIMA;RUA CAMBOIM;;;;BOA VIAGEM;;;;;;;;;;;;;;;;;;
COLISÃO COM CICLISTA;CANCELADA;2020-02-17;18:06:00;DOIS UNIDOS;AV HILDEBRANDO DE VASCONCELOS;;E/F AO SUPERMERCADO GALEGO E TERMINAL DE DOIS UNIDOS;;ENTRE AUTO E CICLISTA. C/V;1.0;;;1.0;;;;;;1.0;COM VÍTIMA;;;;;DOIS UNIDOS;;;;;;;;;;;;;;;;;;
COLISÃO COM CICLISTA;FINALIZADA;2020-02-18;08:33:00;ENGENHO DO MEIO;RUA ANTONIO CURADO;80;EM FRENTE ACADEMIA  AG FITNESS;;VITIMA A ESPERA  DO SAMU;1.0;;;1.0;;;;;;1.0;COM VÍTIMA;RUA FRANCISCO BEZERRA MONTEIRO;;;;ENGENHO DO MEIO;;;;;Esquina;Bom;Não existe;Perfeito estado;Seca;Perfeito estado;Não existe;Não há placas;;Dupla;Faixa seccionada;;;
COLISÃO COM CICLISTA;FINALIZADA;2020-02-18;09:53:00;PINA;AV ANTONIO DE GOES;275;EM FRENTE  AO ITC  INTERNACIONAL  TRADE CENTER;;COLISÃO ENTRE AUTO- MOTO E BICICLETA NÃO IDENTIFICADA POIS FOI RETIRADA DO LOCAL POR POPULARES.;1.0;1.0;;1.0;;;;;;1.0;COM VÍTIMA;;;;;PINA;;;;CIDADE;Longo da via;Bom;Não existe;Perfeito estado;Seca;Perfeito estado;Não existe;Não há placas;60 km/h;Única;Faixa seccionada;;;
COLISÃO COM CICLISTA;FINALIZADA;2020-02-20;07:51:00;IMBIRIBEIRA;AV MARECHAL MASCARENHAS DE MORAES;3930;E/F A O LOCALIZA;;COLISÃO C/VITIMAS ENTRE UMA MOTO E UMA BICICLETA;;1.0;;1.0;;;;;;2.0;COM VÍTIMA;;;;;IMBIRIBEIRA;;;218.0;CIDADE;Longo da via;Bom;Sem defeito;Perfeito estado;Seca;Perfeito estado;Faixa de pedestre;Outras;;;Canteiro central;;;
ATROPELAMENTO ANIMAL;FINALIZADA;2020-02-20;15:13:00;JOANA BEZERRA;RUA AGUA DOCE;;E/F AO PORTAO DE ENTRADA DO TERMINAL INTEGRADO JOANA BEZERRA . AO LADO DA ACADEMIA DA CIDADE;;COLISAO ENTRE ONIBUS -CICLISTA E CAVALO;;;;1.0;;1.0;;;1.0;0.0;SEM VÍTIMA;;;;;JOANA BEZERRA;;;;CIDADE;Longo da via;Bom;Não existe;Perfeito estado;Seca;Perfeito estado;Não existe;Não há placas;;Única;Canteiro central;;;
COLISÃO COM CICLISTA;FINALIZADA;2020-02-21;15:32:00;SÍTIO DOS PINTOS;EST DOS PINTOS;;GRANJA DE DONA LOLA. PANIFICADORA NOVA OPÇÃO.;;COLISAO COM VITIMA ENTRE ONIBUS E CICLISTA;;;;1.0;;1.0;;;;1.0;COM VÍTIMA;;;;;SÍTIO DOS PINTOS;;;;SUBURBIO;Longo da via;Bom;Não existe;Perfeito estado;Seca;Perfeito estado;Não existe;Outras;;Dupla;Não existe;;;
COLISÃO COM CICLISTA;FINALIZADA;2020-02-22;06:57:00;CASA AMARELA;RUA PAULA BATISTA;;PROX. A IGREJA DA HARMONIA;;AUTO E CICLISTA;1.0;;;1.0;;;;;;1.0;COM VÍTIMA;RUA MAJOR NEREU GUERRA;;;;CASA AMARELA;;;136.0;SUBURBIO;Cruzamento;Chuvoso;Sem defeito;Perfeito estado;Molhada;Perfeito estado;Faixa de pedestre;R-31;;Dupla;Não existe;;;
COLISÃO COM CICLISTA;FINALIZADA;2020-02-28;18:13:00;CAXANGÁ;AV CAXANGA;5335;EM FRENTE AO GOLF CLUBE;;COLISÃO COM VÍTIMA;1.0;;;1.0;;;;;;1.0;COM VÍTIMA;;;;;CAXANGÁ;;;;CIDADE;Longo da via;Bom;Não existe;Perfeito estado;Seca;Perfeito estado;Não existe;R-6a;;Dupla;Canteiro central;;;
COLISÃO COM CICLISTA;FINALIZADA;2020-03-02;05:39:00;ILHA DO RETIRO;RUA SPORT CLUBE DO RECIFE;;OPOSTO A ILHA DO RETIRO;;COLISÃO ENTRE MOTO E BICICLETA S/V;;1.0;;1.0;;;;;;0.0;SEM VÍTIMA;RUA JOSE MUCIO MONTEIRO;;;;ILHA DO RETIRO;;;367.0;SUBURBIO;Longo da via;Bom;Sem defeito;Perfeito estado;Seca;Perfeito estado;Faixa de pedestre;Não há placas;;Dupla;Canteiro central;;;
COLISÃO COM CICLISTA;FINALIZADA;2020-03-03;12:49:00;CASA AMARELA;AV NORTE;6349;NA ENTRADA DO VASCO DA GAMA NO SEMAFORO 066;;CAMINHAO COLIDIU COM DOIS AUTOS E UM CICLISTA COM UMA VITIMA;2.0;;;1.0;;;1.0;;;1.0;COM VÍTIMA;;;;;CASA AMARELA;;;66.0;CIDADE;Longo da via;Bom;Sem defeito;Perfeito estado;Seca;Perfeito estado;Faixa de retenção;Outras;60 km/h;Única;Canteiro central;;;
COLISÃO COM CICLISTA;FINALIZADA;2020-03-03;15:50:00;APIPUCOS;RUA DE APIPUCOS;866;E/F AO AÇUDE DE APIPUCOS;;COLISAO ENTRE AUTO -MOTO E CICLISTA;1.0;1.0;;1.0;;;;;;1.0;COM VÍTIMA;RUA MANDACARU;;;;APIPUCOS;;;500.0;CIDADE;Cruzamento;Bom;Sem defeito;Perfeito estado;Seca;Perfeito estado;Faixa de pedestre;R-6a;;Dupla;Faixa contínua;;;
COLISÃO COM CICLISTA;FINALIZADA;2020-03-04;09:10:00;CORDEIRO;EST DO FORTE DO ARRAIAL N. DO B. JESUS;341 A;EM FRENTE AO RESTAURANTE O PESCADOR;;MOTO E CICLISTA C/V;;1.0;;1.0;;;;;;2.0;COM VÍTIMA;RUA AUREO XAVIER;;;;CORDEIRO;;;;CIDADE;Cruzamento;Bom;Não existe;Perfeito estado;Seca;Perfeito estado;Não existe;Placas Pare;;Dupla;Faixa contínua;Faixa seccionada;;
COLISÃO COM CICLISTA;FINALIZADA;2020-03-08;13:04:00;MADALENA;RUA BENFICA;1150;EM FRENTE AO MUSEU DA ABOLIÇÃO;;COLISAO COM VITIMA ENTRE ONIBUS E BICICLETA;;;;1.0;;1.0;;;;1.0;COM VÍTIMA;;;;;MADALENA;;;257.0;SUBURBIO;Longo da via;Bom;Sem defeito;Perfeito estado;Seca;Perfeito estado;Faixa de pedestre;R-26;40 km/h;Dupla;Faixa contínua;;;
COLISÃO COM CICLISTA;CANCELADA;2020-03-09;13:59:00;SANTO ANTÔNIO;RUA IMPERADOR PEDRO SEGUNDO;;E/F AO ARQUIVO PUBLICO;;VEICULO COLIDIU COM UM CICLISTA S/V;1.0;;;1.0;;;;;;0.0;SEM VÍTIMA;;;;;SANTO ANTÔNIO;;;;;;;;;;;;;;;;;;
COLISÃO COM CICLISTA;FINALIZADA;2020-03-10;17:32:00;CAXANGÁ;AV CAXANGA;893;E/F A ESTAÇAO ZUMBI;;COLISAO DE MOTO COM CICLISTA;;1.0;;1.0;;;;;;1.0;COM VÍTIMA;;;;;CAXANGÁ;;;;SUBURBIO;Longo da via;Bom;Sem defeito;Perfeito estado;Seca;Perfeito estado;Faixa de pedestre;Outras;;Única;Faixa seccionada;;;
COLISÃO COM CICLISTA;FINALIZADA;2020-03-11;22:28:00;CORDEIRO;AV ENGENHEIRO ABDIAS DE CARVALHO;;LADO OPOSTO DO ESPETINHO LEGAL PRIME - SNT CID / SEMÁFORO 422;;ENTRE MOTO DO BPTRAN E CICLISTA. C/V];;1.0;;1.0;;;;;;1.0;COM VÍTIMA;;;;;CORDEIRO;;;422.0;CIDADE;Longo da via;Bom;Sem defeito;Perfeito estado;Seca;Perfeito estado;Faixa de pedestre;Outras;;Dupla;Faixa seccionada;;;
COLISÃO COM CICLISTA;FINALIZADA;2020-03-16;12:38:00;MADALENA;AV CAXANGA;;E/F AO COMPAZ S/T CID;;COLISAO ENTRE ONIBUS E CICLISTA COM UMA VITIMA;;;;1.0;;1.0;;;;1.0;COM VÍTIMA;;;;;MADALENA;;;439.0;CIDADE;Longo da via;Chuvoso;Sem defeito;Perfeito estado;Molhada;Perfeito estado;Faixa de pedestre;Outras;;Dupla;Faixa contínua;;;
COLISÃO COM CICLISTA;FINALIZADA;2020-03-29;21:27:00;GRAÇAS;RUA CONFEDERACAO DO EQUADOR;;E/F A CASA DOS FRIOS;;ENTRE AUTO E CICLISTA. C/V;1.0;;;1.0;;;;;;1.0;COM VÍTIMA;;;;;GRAÇAS;;;;ROSA E SILVA;Longo da via;Bom;Não existe;Perfeito estado;Seca;Perfeito estado;Faixa de pedestre;Não há placas;;Única;Não existe;;;
COLISÃO COM CICLISTA;FINALIZADA;2020-04-01;21:51:00;CABANGA;AV SUL;;EM BAIXO DO VIADUTO CAPITÃO TEMUDO- NA FAIXA EXCLUSIVA DE ÔNIBUS. APÓS O SEMÁFORO 211;;ÔNIBUS ATROPELOU UMA CRIANÇA. INFORMAÇÕES DO BOLETIM FÍSICO MOSTRAM QUE O ATROPELADO CONDUZIA UMA BICICLETA.;;;;1.0;;1.0;;;;1.0;COM VÍTIMA;;;;;CABANGA;;;211.0;CIDADE;Longo da via;Bom;Não existe;Não existente;Seca;Perfeito estado;Não existe;Não há placas;;Dupla;Não existe;;;
COLISÃO COM CICLISTA;FINALIZADA;2020-04-03;12:50:00;JAQUEIRA;RUA DO FUTURO;;PROXIMO AO PARQUE DA JAQUEIRA EM FRENTE AO VERDE FRUT;;COLISAO COM VITIMAS;1.0;;;1.0;;;;;;1.0;COM VÍTIMA;;;;;JAQUEIRA;;;;SUBURBIO;Longo da via;Bom;Não existe;Perfeito estado;Seca;;Não existe;Outras;40 km/h;Única;Não existe;;;
COLISÃO COM CICLISTA;FINALIZADA;2020-04-15;02:42:00;BOA VIAGEM;AV BOA VIAGEM;1688;2° JARDIM;;AUTO E BICICLETA.;1.0;;;1.0;;;;;;2.0;COM VÍTIMA;;;;;BOA VIAGEM;;;;CIDADE;Longo da via;Bom;Sem defeito;Perfeito estado;Seca;Perfeito estado;;;60 km/h;Única;Faixa seccionada;;;
COLISÃO COM CICLISTA;FINALIZADA;2020-04-16;09:49:00;CASA AMARELA;AV NORTE;;EM FRENTE AO  BANCO  BRADESCO;;VITIMA SOCORRIDA PELO  SAMU;1.0;;;1.0;;;;;;1.0;COM VÍTIMA;RUA DA HARMONIA;;;;CASA AMARELA;;;312.0;CIDADE;Cruzamento;Chuvoso;Sem defeito;Perfeito estado;Molhada;Perfeito estado;Faixa de pedestre;Não há placas;;Dupla;Faixa seccionada;;;
COLISÃO COM CICLISTA;CANCELADA;2020-05-01;09:52:00;SANTO AMARO;RUA FREI CASSIMIRO;;ESQUINA DA CASA DA INDUSTRIA;;MOTO E CICLISTA;;1.0;;1.0;;;;;;1.0;COM VÍTIMA;AV CRUZ CABUGA;;;;SANTO AMARO;;;;;;;;;;;;;;;;;;
COLISÃO COM CICLISTA;FINALIZADA;2020-05-03;06:25:00;TORRE;RUA CONDE DE IRAJA;;;;AUTO E BICICLETA.;1.0;;;1.0;;;;;;1.0;COM VÍTIMA;AV BEIRA RIO;;;;TORRE;;;;SUBURBIO;Cruzamento;Chuvoso;Sem defeito;;Molhada;Perfeito estado;;;;Única;Faixa contínua;;;
COLISÃO COM CICLISTA;FINALIZADA;2020-05-12;07:23:00;BOMBA DO HEMETÉRIO;RUA CHA DE ALEGRIA;107;EM FRENTE AO N 107;;AUTO E CICLISTA.;1.0;;;1.0;;;;;;1.0;COM VÍTIMA;RUA TAMBOARA;;;;BOMBA DO HEMETÉRIO;;;;SUBURBIO;Cruzamento;Bom;Não existe;Não existente;Seca;Perfeito estado;Não existe;Não há placas;;;Não existe;;;
COLISÃO COM CICLISTA;FINALIZADA;2020-05-28;07:39:00;BOA VISTA;AV MANOEL BORBA;738;PRÓXIMO AO HOSPITAL HAPVIDA.;;COLISÃO ENTRE MOTO E BICICLETA;;1.0;;1.0;;;;;;2.0;COM VÍTIMA;;;;;BOA VISTA;;;;SUBURBIO;Longo da via;Bom;Não existe;Perfeito estado;Seca;Perfeito estado;Faixa de pedestre;R-6a;40 km/h;Única;Faixa seccionada;;;
COLISÃO COM CICLISTA;FINALIZADA;2020-06-01;09:33:00;CABANGA;AV SUL;;EM FRENTE AO POSTO BR DESATIVADO;;ENTRE CICLISTA E MOTOQUEIRO;;1.0;;1.0;;;;;;1.0;COM VÍTIMA;;;;;CABANGA;;;;CIDADE;Longo da via;Bom;Não existe;Perfeito estado;Seca;Perfeito estado;;Não há placas;;Dupla;Canteiro central;;;
ABALROAMENTO TRANSVERSAL;FINALIZADA;2020-06-01;11:24:00;CAMPO GRANDE;AV GOVERNADOR AGAMENON MAGALHAES;;;;DOIS AUTOS;2.0;;;1.0;;;;;;1.0;COM VÍTIMA;RUA ODORICO MENDES;;;;CAMPO GRANDE;;;;SUBURBIO;Cruzamento;Bom;Não existe;Incompleta;Seca;Perfeito estado;Faixa de pedestre;Outras;;Única;Não existe;;;
COLISÃO COM CICLISTA;FINALIZADA;2020-06-03;08:07:00;BOA VIAGEM;AV CONSELHEIRO AGUIAR;;POSTO PETROBRAS;;COLISÃO AUTOMÓVEL E BICICLETA;1.0;;;1.0;;;;;;1.0;COM VÍTIMA;RUA RIBEIRO DE BRITO;;;;BOA VIAGEM;;;147.0;CIDADE;Cruzamento;Bom;Sem defeito;Perfeito estado;Seca;Perfeito estado;Agente;Outras;;Única;Faixa contínua;Faixa seccionada;;
COLISÃO COM CICLISTA;FINALIZADA;2020-06-08;18:02:00;SANTO AMARO;AV CRUZ CABUGA;1065;EM FRENTE AO N 1065 E AO LADO DO (D E R);;COLISÃO COM VITIMA;;;;1.0;;1.0;;;;1.0;COM VÍTIMA;AV DR JAYME DA FONTE;;;;SANTO AMARO;;;343.0;SUBURBIO;Cruzamento;Bom;Sem defeito;Perfeito estado;Seca;Perfeito estado;Faixa de pedestre;Outras;;Dupla;;;;
COLISÃO COM CICLISTA;FINALIZADA;2020-06-10;12:47:00;BEBERIBE;AV BEBERIBE;3607;Em frente ao Sest/ Senat;;Condutor informa que transportava ferragem por ser serralheiro e o condutor da bicicleta enroscou-se- chegando a cair. O condutor informa que a viatura 32 está no local.;1.0;;;1.0;;;;;;1.0;COM VÍTIMA;;;;;BEBERIBE;;;517.0;;Longo da via;Bom;Sem defeito;Perfeito estado;Seca;Perfeito estado;;R-6a;;Dupla;Faixa contínua;;;
COLISÃO COM CICLISTA;CANCELADA;2020-06-14;11:24:00;TEJIPIÓ;AV DR JOSE RUFINO;;PROX. AO ARMAZÉM CORAL;;COLISÃO MOTOCICLETA X CICLISTA;;1.0;;1.0;;;;;;3.0;COM VÍTIMA;;;;;TEJIPIÓ;;;;;;;;;;;;;;;;;;
COLISÃO COM CICLISTA;FINALIZADA;2020-06-18;16:16:00;SÃO JOSÉ;AV SUL;488;ANTES DA ENTRADA DO CABANGA;;COLISÃO ÔNIBUS X CICLISTA;;;;1.0;;1.0;;;;1.0;COM VÍTIMA;;;;;SÃO JOSÉ;;;509.0;SUBURBIO;Longo da via;Chuvoso;Sem defeito;Perfeito estado;Molhada;Perfeito estado;Não existe;Outras;60 km/h;Dupla;Faixa seccionada;;;
COLISÃO COM CICLISTA;FINALIZADA;2020-06-19;04:52:00;JOANA BEZERRA;VIADUTO CAPITAO TEMUDO;;SENTIDO DERBY. ALÇA DE ACESSO A RUA IMPERIAL.;;MOTO X BICICLETA C/VITIMA FATAL;;1.0;;1.0;;;;;;1.0;VÍTIMA FATAL;;;;;JOANA BEZERRA;1.0;;;CIDADE;Viaduto;Chuvoso;Não existe;Perfeito estado;Molhada;Perfeito estado;Não existe;R-19;40 km/h;Única;Faixa contínua;;;
COLISÃO COM CICLISTA;FINALIZADA;2020-06-21;16:39:00;SÍTIO DOS PINTOS;EST DOS PINTOS;20;PRÓXIMO UFRPE;;;1.0;;;1.0;2.0;;;;;5.0;COM VÍTIMA;;;;;SÍTIO DOS PINTOS;;;;CIDADE;Longo da via;Bom;Não existe;Incompleta;Seca;Perfeito estado;Não existe;Não há placas;;Dupla;Não existe;;;
TOMBAMENTO;FINALIZADA;2020-06-23;08:10:00;BOA VIAGEM;AVENIDA CELSO FURTADO (VIA MANGUE);;SUBIDA DO VIADUTO DOM JOÃO VI;;ACIDENTE DE PERCURSO/ CICLISTA CAIU NA VIA;;;;1.0;;;;;;1.0;COM VÍTIMA;;;;;BOA VIAGEM;;;;SUBURBIO;Longo da via;Bom;Não existe;Perfeito estado;Seca;Perfeito estado;Não existe;R-19;60 km/h;Dupla;Canteiro central;;;
COLISÃO COM CICLISTA;FINALIZADA;2020-06-23;22:10:00;ARRUDA;RUA DO MACHADO;946;E/F A PRACINHA (MARIA JOSE DOS SANTOS);;COLISAO COM VITIMAS;;;;1.0;;1.0;;;;1.0;COM VÍTIMA;;;;;ARRUDA;;;;;Longo da via;Bom;Não existe;Perfeito estado;Seca;Perfeito estado;Não existe;R-6a;;Dupla;Faixa seccionada;;;
COLISÃO COM CICLISTA;FINALIZADA;2020-06-25;22:29:00;TORRE;PRC PROFESSOR BARRETO CAMPELLO;1199;E/F A PRAÇA;;COLISAO COM VITIMAS;1.0;;;1.0;;;;;;1.0;COM VÍTIMA;;;;;TORRE;;;;SUBURBIO;Longo da via;Bom;Não existe;Perfeito estado;Seca;Perfeito estado;Não existe;R-6a;;Única;Faixa seccionada;;;
COLISÃO COM CICLISTA;FINALIZADA;2020-06-30;12:14:00;PINA;AV ENGENHEIRO DOMINGOS FERREIRA;;EM FRENTE A ESCOLA OSWALDO LIMA FILHO/ PISTA DA ESQUERDA;;COLISÃO COM VÍTMA ENTRE AUTO E BICICLETA.;1.0;;;1.0;;;;;;1.0;COM VÍTIMA;RUA TOME GIBSON;;;;PINA;;;200.0;SUBURBIO;Cruzamento;Bom;Sem defeito;Perfeito estado;Seca;Perfeito estado;Faixa de pedestre;;60 km/h;Única;Faixa contínua;Canteiro central;;
COLISÃO COM CICLISTA;FINALIZADA;2020-06-30;13:38:00;TAMARINEIRA;AV NORTE;;;;APOIO AO ACIDENE COM VÍTIMA NA AV. NORTE;1.0;;;1.0;;;;;;1.0;COM VÍTIMA;RUA CONEGO BARATA;;;;TAMARINEIRA;;;62.0;;Cruzamento;Bom;Sem defeito;Perfeito estado;Seca;Perfeito estado;Agente;Outras;;Dupla;Blocos;;;
COLISÃO COM CICLISTA;FINALIZADA;2020-07-02;11:27:00;MADALENA;RUA BENFICA;;EM FRENTE AO INTERNACIONAL;;AUTO E CICLISTA PONTO FIXO GM´S VALDILENE E BANDEIRA;1.0;;;1.0;;;;;;1.0;COM VÍTIMA;RUA ARLINDO GOUVEIA;;;;MADALENA;;;629.0;CIDADE;Longo da via;Bom;Sem defeito;Perfeito estado;Seca;Perfeito estado;Faixa de pedestre;;30 km/h;Única;;;;
TOMBAMENTO;FINALIZADA;2020-07-07;07:11:00;DOIS UNIDOS;RUA VARZEA DO GILO;;PROX A VILA MIGUEL ARRAIS;;CONDUTOR DA BICICLETA TOMBOU E CAIU;;;;1.0;;;;;;1.0;COM VÍTIMA;RUA VISCONDE DE GARRETT;;;;DOIS UNIDOS;;;;SUBURBIO;;;;;;;;;;;;;;
COLISÃO COM CICLISTA;FINALIZADA;2020-07-07;18:58:00;CASA FORTE;RUA AFONSO DE ALBUQUERQUE MELO;;POR TRAS DO BOMPREÇO DE CASA FORTE E EM FRENTE AO RESTAURANTE TITO;;AUTO E BICICLETA.;1.0;;;1.0;;;;;;1.0;COM VÍTIMA;;;;;CASA FORTE;;;;CIDADE;Longo da via;Bom;Não existe;;;;;;;Única;;;;
COLISÃO COM CICLISTA;FINALIZADA;2020-07-09;11:48:00;IPSEP;AV RECIFE;;APÓS O SAL E BRASA. PONTO DE ÔNIBUS Nº 020133.;;ÔNIBUS E BICICLETA.;;;;1.0;;1.0;;;;1.0;COM VÍTIMA;;;;;IPSEP;;;393.0;CEASA;Longo da via;Bom;Sem defeito;Perfeito estado;Seca;Perfeito estado;Faixa de pedestre;R-32;60 km/h;Dupla;Canteiro central;;;
COLISÃO COM CICLISTA;FINALIZADA;2020-07-13;07:27:00;MADALENA;AV BEIRA RIO;51;EM FRENTE A ACADEMIA DA CIDADE. AO LADO DA PRAÇA DOMINGOS GIOVANETTI.;;AUTO E CICLISTA;1.0;;;1.0;;;;;;1.0;COM VÍTIMA;RUA PADRE ANCHIETA;;;;MADALENA;;;;SUBURBIO;Cruzamento;Bom;Sem defeito;Ilegível;Seca;Perfeito estado;Não existe;R-6a;;Dupla;Faixa;;;
COLISÃO COM CICLISTA;FINALIZADA;2020-07-14;17:48:00;MADALENA;RUA PADRE LANDIM;;E/F A ESCOLA MUNICIPAL CRISTO REI;;COLISAO ENTRE AUTO E CICLISTA VT 14 NO LOCAL;1.0;;;1.0;;;;;;1.0;COM VÍTIMA;RUA DOM MANOEL DA COSTA;;;;MADALENA;;;252.0;CIDADE;Cruzamento;Bom;Não existe;Perfeito estado;Seca;Perfeito estado;Faixa de pedestre;Outras;;Única;Faixa seccionada;;;
COLISÃO COM CICLISTA;FINALIZADA;2020-07-17;06:05:00;IMBIRIBEIRA;AV MARECHAL MASCARENHAS DE MORAES;;EM FRENTE A RENAULT;;COM UMA VITIMA-SAMU JÁ ACIONADO-CTTU NO LOCAL VT 07-SUB INSP MARCILIO;;;;1.0;;1.0;;;;1.0;COM VÍTIMA;RUA JOAQUIM BANDEIRA;;;;IMBIRIBEIRA;;;534.0;CIDADE;Cruzamento;Bom;Sem defeito;Perfeito estado;Seca;Perfeito estado;Faixa de pedestre;;;Dupla;Canteiro central;;;