tipo;situacao;data;hora;bairro;endereco;numero;complemento;natureza;descricao;auto;moto;ciclom;ciclista;pedestre;onibus;caminhao;viatura;outros;vitimas;natureza_acidente;detalhe_endereco_acidente;endereco_cruzamento;numero_cruzamento;referencia_cruzamento;bairro_cruzamento;vitimasfatais;DATA;num_semaforo;sentido_via;acidente_verificado;tempo_clima;situacao_semaforo;sinalizacao;condicao_via;conservacao_via;ponto_controle;situacao_placa;velocidade_max_via;mao_direcao;divisao_via1;divisao_via2;divisao_via3;Protocolo
COLISÃO COM CICLISTA;FINALIZADA;2021-03-27;17:00:00;TEJIPIÓ;AV DR JOSE RUFINO;441;NO SEMAFORO  285 SENTIDO JABOATAO. EM FRENTE A PADARIA PONTO DO TRIGO / FÁBRICA DA PADARIA.;;;1.0;0.0;0.0;1.0;0.0;0.0;0.0;0.0;0.0;1.0;COM VÍTIMA;RUA IGUACU;;;;TEJIPIÓ;0.0;;285;SUBURBIO;Longo da via;Bom;Sem defeito;Perfeito estado;Seca;Mal iluminada;Faixa de pedestre;Outras;50 km/h;Dupla;Faixa contínua;;;
COLISÃO COM CICLISTA;FINALIZADA;2021-03-30;05:13:00;IPUTINGA;AV CAXANGA;;LADO OPOSTO AO BIG BOMPREÇO;;;0.0;1.0;0.0;1.0;0.0;0.0;0.0;0.0;0.0;1.0;COM VÍTIMA;RUA MANOEL JOAQUIM DE ALMEIDA;;;;IPUTINGA;0.0;;533;CIDADE;Cruzamento;Chuvoso;Sem defeito;Perfeito estado;Molhada;Perfeito estado;Faixa de pedestre;Outras;;Única;Outros;;;
COLISÃO COM CICLISTA;FINALIZADA;2021-04-02;21:22:40;TORRE;RUA JOSE BONIFACIO;;CRUZAMENTO DA RUA JOSE BONIFACIO COM CONDE DE IRAJA;;;1.0;0.0;0.0;1.0;0.0;0.0;0.0;0.0;0.0;1.0;COM VÍTIMA;RUA CONDE DE IRAJA;;;;TORRE;0.0;;191;SUBURBIO;Cruzamento;Bom;Sem defeito;Perfeito estado;Seca;Perfeito estado;Faixa de pedestre;;40 km/h;Única;;;;
COLISÃO COM CICLISTA;FINALIZADA;2021-04-05;14:34:00;ÁGUA FRIA;AV BEBERIBE;1824;EM FRENTE A FEIRA NOVA DE ÁGUA FRIA;;;0.0;0.0;0.0;1.0;0.0;0.0;1.0;0.0;0.0;1.0;COM VÍTIMA;EST VELHA DE AGUA FRIA;;;;ÁGUA FRIA;0.0;;405;CIDADE;Longo da via;Bom;Sem defeito;Perfeito estado;Seca;Perfeito estado;Faixa de pedestre;Outras;30 km/h;Dupla;Faixa contínua;;;
COLISÃO COM CICLISTA;FINALIZADA;2021-04-07;10:37:00;AFOGADOS;AV SUL;2176;EM FRENTE A POLICLINICA AGAMENON MAGALHAES;;;0.0;1.0;0.0;1.0;0.0;0.0;0.0;0.0;0.0;4.0;COM VÍTIMA;;;;;AFOGADOS;0.0;;;CIDADE;Longo da via;Bom;Sem defeito;Incompleta;Seca;Perfeito estado;Não existe;Outras;;Única;Faixa seccionada;;;
COLISÃO COM CICLISTA;FINALIZADA;2021-04-16;14:05:00;PINA;AV HERCULANO BANDEIRA;544;EM FRENTE AO AO MARTELINHO;;;1.0;0.0;0.0;1.0;0.0;0.0;0.0;0.0;0.0;1.0;COM VÍTIMA;;;;;PINA;0.0;;;SUBURBIO;Longo da via;Chuvoso;Não existe;Perfeito estado;Molhada;Perfeito estado;Não existe;R-6a;60 km/h;Única;Faixa seccionada;;;
COLISÃO COM CICLISTA;FINALIZADA;2021-04-19;18:26:00;BOA VISTA;RUA AURORA;;DELEGACIA DA POLICIA CIVIL;;;0.0;0.0;0.0;1.0;0.0;1.0;0.0;0.0;0.0;1.0;COM VÍTIMA;PTE PRINCESA IZABEL;;;;BOA VISTA;0.0;;;SUBURBIO;Cruzamento;Chuvoso;Sem defeito;Perfeito estado;Molhada;Perfeito estado;Faixa de pedestre;Não há placas;60 km/h;Única;Faixa contínua;;;
COLISÃO COM CICLISTA;FINALIZADA;2021-04-19;18:56:00;ARRUDA;AV BEBERIBE;;EM FRENTE AO ARMAZEM CORAL;;;1.0;0.0;0.0;1.0;0.0;0.0;0.0;0.0;0.0;1.0;COM VÍTIMA;RUA DAS MOCAS;;;;ARRUDA;0.0;;;;Cruzamento;Chuvoso;Não existe;Perfeito estado;Molhada;Perfeito estado;Faixa de pedestre;"Placas ""Pare""";;Dupla;Faixa seccionada;;;
COLISÃO COM CICLISTA;FINALIZADA;2021-04-19;19:00:00;IMBIRIBEIRA;AV MARECHAL MASCARENHAS DE MORAES;;PRÓXIMO  AO POSTO IPIRANGA;;;0.0;1.0;0.0;1.0;0.0;0.0;0.0;0.0;0.0;1.0;COM VÍTIMA;AV PINHEIROS;;;;IMBIRIBEIRA;0.0;;;SUBURBIO;Cruzamento;Chuvoso;Sem defeito;Perfeito estado;Molhada;Perfeito estado;Faixa de pedestre;Não há placas;;Dupla;Faixa seccionada;Canteiro central;;
COLISÃO COM CICLISTA;FINALIZADA;2021-04-22;15:07:00;IMBIRIBEIRA;AV MARECHAL MASCARENHAS DE MORAES;;OPOSTO AO IBIS HOTEL;;;0.0;0.0;0.0;1.0;0.0;1.0;0.0;0.0;0.0;1.0;COM VÍTIMA;;;;;IMBIRIBEIRA;0.0;;;CIDADE;Longo da via;Bom;Sem defeito;Perfeito estado;Seca;Perfeito estado;Não existe;Outras;60 km/h;Única;Faixa contínua;;;
COLISÃO COM CICLISTA;FINALIZADA;2021-04-26;10:19:00;IMBIRIBEIRA;AV GENERAL MAC ARTHUR;;PROX. DA ESTAÇÃO ANTONIO FALCÃO;;;1.0;0.0;0.0;1.0;0.0;0.0;0.0;0.0;0.0;1.0;COM VÍTIMA;RUA JORGE DE LIMA;;;;IMBIRIBEIRA;0.0;;402;;Cruzamento;Bom;Sem defeito;Perfeito estado;Seca;Perfeito estado;Faixa de pedestre;R-6a;;Única;Faixa contínua;Faixa seccionada;;
COLISÃO COM CICLISTA;FINALIZADA;2021-04-26;17:59:00;ARRUDA;AV PROFESSOR JOSE DOS ANJOS;;EM FRENTE AO BOMPREÇO DO ARRUDA / SEMÁFORO 131;;;0.0;0.0;0.0;1.0;0.0;0.0;1.0;0.0;0.0;1.0;COM VÍTIMA;AV BEBERIBE;;;;ARRUDA;0.0;;131;CIDADE;Cruzamento;Bom;Sem defeito;Perfeito estado;Seca;Perfeito estado;Outros;Outras;40 km/h;Única;Faixa seccionada;;;
COLISÃO COM CICLISTA;FINALIZADA;2021-04-27;08:55:00;MADALENA;RUA DEMOCRITO DE SOUZA FILHO;335;EM FRENTE AO EMPRESARIAL GREEN TOWER;;;1.0;0.0;0.0;1.0;0.0;0.0;0.0;0.0;0.0;1.0;COM VÍTIMA;;;;;MADALENA;0.0;;;;Longo da via;Bom;Não existe;Perfeito estado;Seca;Perfeito estado;Não existe;R-6a;;Única;Não existe;;;
COLISÃO COM CICLISTA;FINALIZADA;2021-05-01;13:01:00;TOTÓ;AV LIBERDADE;;EM FRENTE AO CEMITERIO PARQUE DA FLORES;;;1.0;0.0;0.0;1.0;0.0;0.0;0.0;0.0;0.0;1.0;COM VÍTIMA;;;;;TOTÓ;0.0;;;SUBURBIO;Longo da via;Bom;Sem defeito;Perfeito estado;Seca;Perfeito estado;Não existe;Não há placas;;Dupla;Faixa contínua;;;
COLISÃO COM CICLISTA;FINALIZADA;2021-05-02;18:23:00;IPSEP;RUA PINTOR ANTONIO ALBUQUERQUE;476;EM FRENTE AO SMOPE;;;1.0;0.0;0.0;1.0;0.0;0.0;0.0;0.0;0.0;1.0;COM VÍTIMA;;;;;IPSEP;0.0;;;SUBURBIO;Longo da via;Bom;Não existe;Perfeito estado;Seca;Perfeito estado;Não existe;Não há placas;30 km/h;Única;Faixa contínua;;;
COLISÃO COM CICLISTA;FINALIZADA;2021-05-06;18:52:00;CASA AMARELA;RUA CASA AMARELA;;E/F A PRACA JOTA LEAL ( E/F AO COLEGIO DOM VITA);;;1.0;0.0;0.0;1.0;0.0;0.0;0.0;0.0;0.0;1.0;COM VÍTIMA;RUA SANTA IZABEL;;;;CASA AMARELA;0.0;;;SUBURBIO;Cruzamento;Bom;Não existe;Perfeito estado;Seca;Perfeito estado;Não existe;R-6a;30 km/h;Dupla;Não existe;;;
COLISÃO COM CICLISTA;FINALIZADA;2021-05-06;20:12:00;BOA VIAGEM;RUA VISCONDE DE JEQUITINHONHA;;E/F A LOCALIZA;;;1.0;0.0;0.0;1.0;0.0;0.0;0.0;0.0;0.0;1.0;COM VÍTIMA;RUA DR VICENTE GOMES;;;;BOA VIAGEM;0.0;;433;SUBURBIO;Cruzamento;Bom;Sem defeito;Perfeito estado;Seca;Perfeito estado;Faixa de pedestre;Não há placas;;Única;;;;
COLISÃO COM CICLISTA;FINALIZADA;2021-05-07;19:08:00;IMBIRIBEIRA;AV RECIFE;;NA SUB, DO VIADULTO TANCREDO NEVES , SENTIDO BOA VIAGEM;;;1.0;0.0;0.0;1.0;0.0;0.0;0.0;0.0;0.0;1.0;COM VÍTIMA;;;;;IMBIRIBEIRA;0.0;;;;Longo da via;Bom;Não existe;Perfeito estado;Seca;Perfeito estado;Não existe;Não há placas;60 km/h;Única;Canteiro central;;;
COLISÃO COM CICLISTA;FINALIZADA;2021-05-11;13:33:00;CASA AMARELA;AV NORTE;4766;EM FRENTE AO ARMAZÉM CORAL;;;0.0;0.0;0.0;1.0;0.0;1.0;0.0;0.0;0.0;1.0;COM VÍTIMA;;;;;CASA AMARELA;0.0;;;;;;;;;;;;;;;;;
COLISÃO COM CICLISTA;FINALIZADA;2021-05-15;15:40:00;SANTO AMARO;AV CRUZ CABUGA;;EM FRENTE À IGREJA UNIVERSAL;;;1.0;0.0;0.0;1.0;0.0;0.0;0.0;0.0;0.0;1.0;COM VÍTIMA;;;;;SANTO AMARO;0.0;;;CIDADE;Longo da via;Bom;Não existe;Perfeito estado;Seca;Perfeito estado;Outros;Não há placas;;Dupla;Faixa seccionada;;;
COLISÃO COM CICLISTA;FINALIZADA;2021-05-16;19:09:00;MADALENA;AV BEIRA RIO;;SEMÁFORO 387;;;1.0;0.0;0.0;1.0;0.0;0.0;0.0;0.0;0.0;1.0;COM VÍTIMA;RUA JOSE OSORIO;;;;MADALENA;0.0;;387;CIDADE;Cruzamento;Bom;Sem defeito;Perfeito estado;Seca;Perfeito estado;Faixa de pedestre;R-6a;;Única;;;;
COLISÃO COM CICLISTA;FINALIZADA;2021-05-19;07:17:00;MADALENA;AV BEIRA RIO;771;EM FRENTE AO EDF BEIRA RIO;;;1.0;0.0;0.0;1.0;0.0;0.0;0.0;0.0;0.0;1.0;COM VÍTIMA;;;;;MADALENA;0.0;;;;Longo da via;Bom;Sem defeito;Perfeito estado;Seca;Perfeito estado;Não existe;Não há placas;;Dupla;Faixa seccionada;;;
COLISÃO COM CICLISTA;FINALIZADA;2021-05-20;08:21:00;IPUTINGA;AV CAXANGA;4360;LADO OPOSTO AO HOSPITAL SANTA TEREZINHA;;;0.0;0.0;0.0;1.0;0.0;0.0;0.0;0.0;0.0;1.0;COM VÍTIMA;RUA PROFESSOR CHAVES BATISTA;;;;IPUTINGA;0.0;;230;CIDADE;Cruzamento;Bom;Sem defeito;Perfeito estado;Seca;Perfeito estado;Faixa de pedestre;Outras;;Dupla;Canteiro central;;;
COLISÃO COM CICLISTA;FINALIZADA;2021-05-22;19:26:00;SAN MARTIN;AV JOAO CABRAL DE MELO NETO;2702;SEMÁFORO 250 - RUA TENENTE MINDELO;;;0.0;1.0;0.0;1.0;0.0;0.0;0.0;0.0;0.0;1.0;COM VÍTIMA;RUA TENENTE MINDELO;;;;SAN MARTIN;0.0;;250;SUBURBIO;Cruzamento;Bom;Sem defeito;Perfeito estado;Seca;Perfeito estado;Não existe;Não há placas;;Dupla;Canteiro central;;;
COLISÃO COM CICLISTA;FINALIZADA;2021-05-24;17:46:00;IMBIRIBEIRA;AV RECIFE;;SENTIDO AEROPORTO;;;1.0;0.0;0.0;1.0;0.0;0.0;0.0;0.0;0.0;1.0;COM VÍTIMA;AV SENADOR ROBERT KENNEDY;;;;IMBIRIBEIRA;0.0;;319;;Cruzamento;Bom;Sem defeito;Perfeito estado;Seca;Perfeito estado;Faixa de pedestre;R-18;30 km/h;Dupla;Faixa contínua;Canteiro central;Canal;
COLISÃO COM CICLISTA;CANCELADA;2021-05-25;12:09:00;GRAÇAS;RUA AMELIA;422;EM  FRENTE A  CACHEFERIA TRADICAO;;;1.0;0.0;0.0;1.0;0.0;0.0;0.0;0.0;0.0;1.0;COM VÍTIMA;;;;;GRAÇAS;0.0;;;;;;;;;;;;;;;;;
COLISÃO COM CICLISTA;FINALIZADA;2021-05-31;13:21:00;CASA AMARELA;AV NORTE;5100;EM FRENTE AO REI DA PICANHA;;;0.0;0.0;0.0;1.0;0.0;0.0;1.0;0.0;0.0;1.0;COM VÍTIMA;;;;;CASA AMARELA;0.0;;;SUBURBIO;Longo da via;Bom;Sem defeito;Perfeito estado;Seca;Perfeito estado;Não existe;Outras;;Dupla;Faixa seccionada;;;
COLISÃO COM CICLISTA;FINALIZADA;2021-05-31;16:28:00;SANTO ANTÔNIO;PRC DA REPUBLICA;;ENTRE O PALACIO CAMPO DAS PRINCESA E O TEATRO SANTA ISABEL;;;1.0;0.0;0.0;1.0;0.0;0.0;0.0;0.0;0.0;1.0;COM VÍTIMA;;;;;SANTO ANTÔNIO;0.0;;;;Longo da via;Chuvoso;Não existe;Perfeito estado;Molhada;Perfeito estado;Outros;R-6a;;Única;Outros;;;
COLISÃO COM CICLISTA;FINALIZADA;2021-06-01;08:57:00;ARRUDA;RUA DAS MOCAS;309;ARMAZÉM SÃO JOÃO;;;1.0;0.0;0.0;1.0;0.0;0.0;0.0;0.0;0.0;1.0;COM VÍTIMA;;;;;ARRUDA;0.0;;;SUBURBIO;Longo da via;Bom;Não existe;Perfeito estado;Seca;Perfeito estado;Não existe;"Placas ""Pare""";;Dupla;;;;
COLISÃO COM CICLISTA;FINALIZADA;2021-06-03;19:28:00;CABANGA;VIADUTO CAPITAO TEMUDO;;SOBRE A AV ENGº JOSE ESTELITA SENTIDO OLINDA;;;1.0;0.0;0.0;1.0;0.0;0.0;0.0;0.0;0.0;1.0;COM VÍTIMA;;;;;CABANGA;0.0;;;CIDADE;Longo da via;Bom;Não existe;Perfeito estado;Seca;Perfeito estado;;Não há placas;60 km/h;Dupla;Outros;;;
COLISÃO COM CICLISTA;FINALIZADA;2021-06-06;15:44:00;PINA;AV ANTONIO DE GOES;;SAÍDA DO TÚNEL DO RIO MAR;;;1.0;0.0;0.0;1.0;0.0;0.0;0.0;0.0;0.0;1.0;COM VÍTIMA;RUA MANOEL DE BRITO;;;;PINA;0.0;;;;;;;;;;;;;;;;;
COLISÃO COM CICLISTA;FINALIZADA;2021-06-11;09:15:00;JOANA BEZERRA;RUA DOM PAULO II;50;LADO OPOSTO AO FORUM DES. RODOLFO AURELIANO;;;1.0;0.0;0.0;1.0;0.0;0.0;0.0;0.0;0.0;1.0;COM VÍTIMA;;;;;JOANA BEZERRA;0.0;;;SUBURBIO;Longo da via;Bom;Não existe;Perfeito estado;Seca;Perfeito estado;Não existe;Não há placas;60 km/h;Dupla;Canteiro central;;;
COLISÃO COM CICLISTA;FINALIZADA;2021-06-12;21:10:40;AFOGADOS;RUA DA PAZ;;EM FRENTE A POLICLINICA AGAMENON MAGALHAES;;;1.0;0.0;0.0;1.0;0.0;0.0;0.0;0.0;0.0;1.0;COM VÍTIMA;;;;;AFOGADOS;0.0;;;SUBURBIO;Longo da via;Bom;Não existe;Perfeito estado;Seca;Perfeito estado;Não existe;Outras;;Única;Faixa seccionada;;;
COLISÃO COM CICLISTA;FINALIZADA;2021-06-13;19:11:00;BONGI;EST DO BONGI;;PROX A DELEGACIA DA POLICIA CIVIL;;;0.0;1.0;0.0;1.0;0.0;0.0;0.0;0.0;0.0;1.0;COM VÍTIMA;;;;;BONGI;0.0;;;CIDADE;Longo da via;Bom;Não existe;Perfeito estado;Seca;Perfeito estado;;Não há placas;30 km/h;Dupla;Faixa contínua;;;
COLISÃO COM CICLISTA;FINALIZADA;2021-06-15;13:36:00;ESPINHEIRO;RUA DA HORA;628;APÓS O BRADESCO;;;1.0;0.0;0.0;1.0;0.0;0.0;0.0;0.0;0.0;1.0;COM VÍTIMA;;;;;ESPINHEIRO;0.0;;;;Longo da via;Bom;Não existe;Perfeito estado;Seca;Perfeito estado;Outros;Não há placas;;Única;Não existe;;;
COLISÃO COM CICLISTA;FINALIZADA;2021-06-25;18:20:00;BAIRRO DO RECIFE;;;PONTE 12 DE SETEMBRO / EM FRENTE AO SEMÁFORO DE Nº473;;;1.0;0.0;0.0;1.0;0.0;0.0;0.0;0.0;0.0;0.0;SEM VÍTIMA;;;;;BAIRRO DO RECIFE;0.0;;473;SUBURBIO;;;;;;;;;;;;;;
QUEDA;FINALIZADA;2021-07-02;22:33:40;IMBIRIBEIRA;VIADUTO TANCREDO NEVES;;NO INÍCIO DO VIADUTO SENTIDO BOA VIAGEM.;;;0.0;0.0;0.0;1.0;0.0;0.0;0.0;0.0;0.0;1.0;COM VÍTIMA;;;;;IMBIRIBEIRA;0.0;;;CIDADE;Viaduto;Chuvoso;Não existe;Perfeito estado;Molhada;Perfeito estado;;Não há placas;;Única;Canteiro central;;;
COLISÃO COM CICLISTA;FINALIZADA;2021-07-03;15:12:00;CABANGA;VDO PAPA JOAO PAULO II;;EM CIMA DO VIADUTO/ SENTIDO DERBY;;;0.0;1.0;0.0;1.0;0.0;0.0;0.0;0.0;0.0;2.0;COM VÍTIMA;;;;;CABANGA;0.0;;;CIDADE;Viaduto;Bom;Não existe;Perfeito estado;Seca;Perfeito estado;Não existe;Não há placas;;Dupla;Canteiro central;;;
COLISÃO COM CICLISTA;FINALIZADA;2021-07-09;07:21:00;IMBIRIBEIRA;AV GENERAL MAC ARTHUR;;PROX. AO POSTO DE GASOLINA BR;;;1.0;0.0;0.0;1.0;0.0;0.0;0.0;0.0;0.0;1.0;COM VÍTIMA;RUA SARGENTO SILVINO DE MACEDO;;;;IMBIRIBEIRA;0.0;;640;SUBURBIO;Esquina;Bom;Sem defeito;Perfeito estado;Seca;Perfeito estado;Faixa de pedestre;R-6a;40 km/h;Única;Faixa seccionada;;;
COLISÃO COM CICLISTA;FINALIZADA;2021-07-10;15:12:00;BOA VISTA;AV CONDE DA BOA VISTA;;EM FRENTE À LOJA RENNER;;;0.0;0.0;0.0;1.0;0.0;1.0;0.0;0.0;0.0;1.0;COM VÍTIMA;RUA GERVASIO PIRES;;;;BOA VISTA;0.0;;24;SUBURBIO;Longo da via;Bom;Não existe;Perfeito estado;Seca;Perfeito estado;Não existe;Não há placas;40 km/h;Única;Faixa seccionada;;;
COLISÃO COM CICLISTA;FINALIZADA;2021-07-11;20:19:00;CASA FORTE;EST DO ENCANAMENTO;;COM A RUA MARECHAL RONDON;;;1.0;0.0;0.0;1.0;0.0;0.0;0.0;0.0;0.0;1.0;COM VÍTIMA;;;;;CASA FORTE;0.0;;;CIDADE;Cruzamento;Chuvoso;Não existe;Perfeito estado;Molhada;Perfeito estado;Não existe;Não há placas;;Dupla;Não existe;;;
COLISÃO COM CICLISTA;FINALIZADA;2021-07-12;07:24:00;CAXANGÁ;AV CAXANGA;;EM FRENTE A FIAT ITALIANA, SENTIDO CAMARAGIBE;;;1.0;0.0;0.0;1.0;0.0;1.0;0.0;0.0;0.0;1.0;COM VÍTIMA;;;;;CAXANGÁ;0.0;;;SUBURBIO;Longo da via;Bom;Não existe;Incompleta;Molhada;Perfeito estado;Não existe;R-6a;;Dupla;Faixa contínua;Faixa seccionada;;
COLISÃO COM CICLISTA;FINALIZADA;2021-07-12;12:13:00;BEBERIBE;RUA DALVA DE OLIVEIRA;;PROX A AMBEV  E/F A IGREJA BATISTA DO VALE;;;1.0;0.0;0.0;1.0;0.0;0.0;0.0;0.0;0.0;1.0;COM VÍTIMA;;;;;BEBERIBE;0.0;;;SUBURBIO;Cruzamento;Bom;Não existe;Não existente;Seca;Perfeito estado;Não existe;"Placas ""Dê a preferência""";;Dupla;Não existe;;;
COLISÃO COM CICLISTA;FINALIZADA;2021-07-20;19:30:00;ENCRUZILHADA;AV NORTE;;LADO OPOSTO AO BANCO SANTANDER;;;1.0;0.0;0.0;1.0;0.0;0.0;0.0;0.0;0.0;1.0;COM VÍTIMA;AV JOAO DE BARROS;;;;ENCRUZILHADA;0.0;;;SUBURBIO;Longo da via;Bom;Sem defeito;Perfeito estado;Seca;Mal iluminada;Faixa de pedestre;Outras;60 km/h;Dupla;;;;
COLISÃO COM CICLISTA;FINALIZADA;2021-08-05;08:03:00;IBURA;AV DOIS RIOS;;;;;0.0;1.0;0.0;1.0;0.0;0.0;0.0;0.0;0.0;2.0;COM VÍTIMA;RUA PINTOR AGENOR DE ALBUQUERQUE CESAR;;;;IBURA;0.0;;561;SUBURBIO;;;;;;;;;;;;;;
COLISÃO COM CICLISTA;FINALIZADA;2021-08-05;20:33:40;VASCO DA GAMA;RUA VASCO DA GAMA;1158;EM FRENTE AO N° 1134;;;0.0;0.0;0.0;1.0;0.0;1.0;0.0;0.0;0.0;0.0;VÍTIMA FATAL;;;;;VASCO DA GAMA;1.0;;;SUBURBIO;Longo da via;Chuvoso;Não existe;Incompleta;Molhada;Mal conservada;Não existe;Não há placas;;Dupla;Não existe;;;
COLISÃO COM CICLISTA;FINALIZADA;2021-08-09;13:05:00;IPUTINGA;AV MAURICIO DE NASSAU;86;LA MELIO MODA FEMININA;;;1.0;0.0;0.0;1.0;0.0;0.0;0.0;0.0;0.0;1.0;COM VÍTIMA;;;;;IPUTINGA;0.0;;109;CIDADE;Longo da via;Chuvoso;Sem defeito;Perfeito estado;Molhada;Perfeito estado;Faixa de pedestre;Outras;;Dupla;Faixa contínua;Faixa seccionada;;
COLISÃO COM CICLISTA;FINALIZADA;2021-08-09;14:45:00;ARRUDA;AV BEBERIBE;548;E/F AO LOJÃO DO PETRÓLEO;;;0.0;1.0;0.0;1.0;0.0;0.0;0.0;0.0;0.0;3.0;COM VÍTIMA;;;;;ARRUDA;0.0;;;SUBURBIO;Longo da via;Chuvoso;Sem defeito;Perfeito estado;Molhada;Perfeito estado;Não existe;Outras;;Dupla;Faixa contínua;;;
COLISÃO COM CICLISTA;CANCELADA;2021-08-10;11:35:00;SANTO AMARO;AV JOAO DE BARROS;;PRÓX AO CONSERVATÓRIO PERNAMBUCANO DE MÚSICA;;;1.0;0.0;0.0;1.0;0.0;0.0;0.0;0.0;0.0;1.0;COM VÍTIMA;;;;;SANTO AMARO;0.0;;198;;;;;;;;;;;;;;;
COLISÃO COM CICLISTA;FINALIZADA;2021-08-12;07:25:00;DERBY;AV GOVERNADOR AGAMENON MAGALHAES;;EM FRENTE AO HOSP. DA RESTAURAÇÃO;;;0.0;0.0;0.0;1.0;0.0;1.0;0.0;0.0;0.0;1.0;COM VÍTIMA;;;;;DERBY;0.0;;;BOA VIAGEM;Longo da via;Chuvoso;Sem defeito;;Molhada;Mal conservada;Faixa de pedestre;;60 km/h;Dupla;Canteiro central;;;
COLISÃO COM CICLISTA;FINALIZADA;2021-08-13;19:07:00;SANTO ANTÔNIO;AV SUL;;E/F AO POSTO BR;;;0.0;1.0;0.0;1.0;0.0;0.0;0.0;0.0;0.0;1.0;COM VÍTIMA;;;;;SANTO ANTÔNIO;0.0;;311;CIDADE;Longo da via;Bom;Sem defeito;Perfeito estado;Seca;Perfeito estado;Não existe;Não há placas;;Dupla;Não existe;;;
COLISÃO COM CICLISTA;FINALIZADA;2021-08-17;15:16:00;ZUMBI;AV CAXANGA;340;LADO OPOSTO AO NÚMERO 345;;;0.0;0.0;0.0;1.0;0.0;1.0;0.0;0.0;0.0;1.0;COM VÍTIMA;;;;;ZUMBI;0.0;;;SUBURBIO;Longo da via;Bom;Não existe;Perfeito estado;Seca;Perfeito estado;Não existe;Não há placas;;Dupla;Faixa contínua;Faixa seccionada;Canteiro central;
COLISÃO COM CICLISTA;FINALIZADA;2021-08-17;22:44:40;BAIRRO DO RECIFE;AV ALFREDO LISBOA;;E/F AO FORTE DO BRUM;;;1.0;0.0;0.0;2.0;0.0;0.0;0.0;0.0;0.0;2.0;COM VÍTIMA;;;;;BAIRRO DO RECIFE;0.0;;;SUBURBIO;Longo da via;Bom;Sem defeito;Perfeito estado;Seca;Mal iluminada;Faixa de pedestre;Outras;60 km/h;Única;Faixa seccionada;;;
COLISÃO COM CICLISTA;FINALIZADA;2021-08-19;07:48:00;BEBERIBE;AV BEBERIBE;2238;LOJA KI BIKE;;;0.0;0.0;0.0;1.0;0.0;0.0;0.0;0.0;0.0;1.0;COM VÍTIMA;;;;;BEBERIBE;0.0;;;SUBURBIO;Longo da via;Nublado;Não existe;Perfeito estado;Molhada;Perfeito estado;Não existe;R-6a;;Dupla;Faixa seccionada;;;
COLISÃO COM CICLISTA;FINALIZADA;2021-08-23;16:55:00;CASA FORTE;AV DEZESSETE DE AGOSTO;500;E/F AO PLAZA;;;1.0;0.0;0.0;1.0;0.0;0.0;0.0;0.0;0.0;1.0;COM VÍTIMA;;;;;CASA FORTE;0.0;;345;SUBURBIO;Longo da via;Bom;Sem defeito;Perfeito estado;Seca;Perfeito estado;Faixa de pedestre;R-6a;;Dupla;Faixa contínua;;;
COLISÃO COM CICLISTA;FINALIZADA;2021-08-24;20:50:00;ESPINHEIRO;RUA DO ESPINHEIRO;223;PRÓX A MASCATE LIVRARIA E ANTIGO POSTO IPIRANGA;;;1.0;0.0;0.0;1.0;0.0;0.0;0.0;0.0;0.0;1.0;COM VÍTIMA;RUA SANTO ELIAS;;;;ESPINHEIRO;0.0;;;SUBURBIO;Longo da via;Bom;Não existe;Perfeito estado;Seca;Perfeito estado;Faixa de pedestre;"Placas ""Pare""";;Dupla;;;;
COLISÃO COM CICLISTA;FINALIZADA;2021-08-27;19:49:00;SANTO AMARO;RUA DOS PALMARES;;PRÓX AO COMANDO DA GUARDA;;;0.0;1.0;0.0;1.0;0.0;0.0;0.0;0.0;0.0;1.0;VÍTIMA FATAL;RUA DO POMBAL;;;;SANTO AMARO;1.0;;;SUBURBIO;Cruzamento;Bom;Não existe;Perfeito estado;Seca;Perfeito estado;Faixa de pedestre;Não há placas;;Única;Faixa seccionada;Canteiro central;;