tipo;situacao;data;hora;bairro;endereco;numero;complemento;natureza;descricao;auto;moto;ciclom;ciclista;pedestre;onibus;caminhao;viatura;outros;vitimas;natureza_acidente;detalhe_endereco_acidente;endereco_cruzamento;numero_cruzamento;referencia_cruzamento;bairro_cruzamento;vitimasfatais;DATA;num_semaforo;sentido_via;acidente_verificado;tempo_clima;situacao_semaforo;sinalizacao;condicao_via;conservacao_via;ponto_controle;situacao_placa;velocidade_max_via;mao_direcao;divisao_via1;divisao_via2;divisao_via3;Protocolo
COLISÃO COM CICLISTA;FINALIZADA;2021-08-30;17:57:00;SÃO JOSÉ;AV N S DO CARMO;40;EM FRENTE AO IMPERIO DAS CAPAS E A LUCIANA NOIVAS;;;0.0;1.0;0.0;1.0;0.0;0.0;0.0;0.0;0.0;1.0;COM VÍTIMA;;;;;SÃO JOSÉ;0.0;;;CIDADE;Longo da via;Bom;Sem defeito;Perfeito estado;Seca;Perfeito estado;Não existe;Outras;40 km/h;Dupla;Faixa contínua;;;
COLISÃO COM CICLISTA;FINALIZADA;2021-09-02;08:33:00;SÃO JOSÉ;VDO PAPA JOAO PAULO II;;AÇAI DA DESCIDA DO VIADUTO;;;0.0;0.0;0.0;1.0;0.0;0.0;0.0;0.0;0.0;1.0;COM VÍTIMA;;;;;SÃO JOSÉ;0.0;;;BOA VIAGEM;Longo da via;Bom;Não existe;Perfeito estado;Seca;Perfeito estado;Não existe;Não há placas;60 km/h;Única;Faixa seccionada;;;
COLISÃO COM CICLISTA;FINALIZADA;2021-09-06;19:28:00;ÁGUA FRIA;AV BEBERIBE;2185;E/F A SELECTA ALIMENTOS;;;0.0;0.0;0.0;1.0;0.0;1.0;0.0;0.0;0.0;1.0;COM VÍTIMA;;;;;ÁGUA FRIA;0.0;;187;SUBURBIO;Cruzamento;Bom;Sem defeito;Perfeito estado;Seca;Perfeito estado;Faixa de pedestre;R-6a;;Dupla;Faixa contínua;;;
COLISÃO COM CICLISTA;FINALIZADA;2021-09-07;13:37:00;SÃO JOSÉ;AV MARTINS DE BARROS;;EM FRENTE AO TERMINAL INTEGRADO CAIS DE SANTA RITA;;;1.0;0.0;0.0;1.0;0.0;0.0;0.0;0.0;0.0;1.0;COM VÍTIMA;C SANTA RITA;;;;SÃO JOSÉ;0.0;;383;CIDADE;Longo da via;Bom;Sem defeito;Perfeito estado;Seca;Perfeito estado;Faixa de pedestre;Não há placas;;Dupla;Canteiro central;;;
COLISÃO COM CICLISTA;FINALIZADA;2021-09-10;09:53:00;MADALENA;RUA MONSENHOR JULIO MARIA;94;GRUPO DWL;;;1.0;0.0;0.0;1.0;0.0;0.0;0.0;0.0;0.0;1.0;COM VÍTIMA;;;;;MADALENA;0.0;;;SUBURBIO;Cruzamento;Bom;Não existe;Incompleta;Seca;Perfeito estado;Não existe;Não há placas;;Única;;;;
COLISÃO COM CICLISTA;FINALIZADA;2021-09-13;16:52:00;COELHOS;AV SUL;1500;LADO OPOSTO A LOJA PORTELA;;;0.0;0.0;0.0;1.0;0.0;1.0;0.0;0.0;0.0;1.0;COM VÍTIMA;;;;;COELHOS;0.0;;260;CIDADE;Longo da via;Bom;Sem defeito;Perfeito estado;Seca;Perfeito estado;;;;Dupla;Não existe;;;
COLISÃO COM CICLISTA;FINALIZADA;2021-09-20;10:30:00;AFLITOS;RUA CONS PORTELA;665;OPOSTO AO 665;;;1.0;0.0;0.0;1.0;0.0;0.0;0.0;0.0;0.0;1.0;COM VÍTIMA;RUA CARNEIRO VILELA;;;;AFLITOS;0.0;;;CIDADE;Cruzamento;Bom;Não existe;Perfeito estado;Seca;Perfeito estado;Faixa de pedestre;R-6a;40 km/h;Única;Faixa seccionada;;;
COLISÃO COM CICLISTA;FINALIZADA;2021-09-24;10:39:00;MADALENA;RUA BENFICA;;EM FRENTE AO INTERNACIAL;;;1.0;0.0;0.0;1.0;0.0;0.0;0.0;0.0;0.0;1.0;COM VÍTIMA;;;;;MADALENA;0.0;;;CIDADE;Longo da via;Bom;Não existe;Perfeito estado;Seca;Perfeito estado;Não existe;Não há placas;;Dupla;Outros;;;
COLISÃO COM CICLISTA;FINALIZADA;2021-09-24;18:04:00;AREIAS;AV PRESIDENTE DUTRA;91;E/F AO SAL E BRASA;;;0.0;1.0;0.0;1.0;0.0;0.0;0.0;0.0;0.0;1.0;COM VÍTIMA;;;;;AREIAS;0.0;;;AEROPORTO INTERNACIONA DO RECIFE;Longo da via;Bom;Não existe;Perfeito estado;Seca;Perfeito estado;Não existe;Não há placas;;Dupla;Canteiro central;;;
COLISÃO COM CICLISTA;FINALIZADA;2021-09-26;16:32:00;GRAÇAS;AV RUI BARBOSA;;SOB  O SEMÁROFO  DE NUMERO 126  - RUA CARDEAL  ARCO VERDE ,  REF.  PIZZARIA ATLANTICO;;;1.0;0.0;0.0;1.0;0.0;0.0;0.0;0.0;0.0;1.0;COM VÍTIMA;RUA ESMERALDINO BANDEIRA;;;;GRAÇAS;0.0;;126;CIDADE;Cruzamento;Bom;Sem defeito;Perfeito estado;Seca;Perfeito estado;Faixa de pedestre;Não há placas;;Única;Não existe;;;
COLISÃO COM CICLISTA;FINALIZADA;2021-10-06;12:27:00;ILHA DO LEITE;PTE JOSE DE BARROS LIMA;S/N;ACIDENTE COM UMA VÍTIMA  ( CICLISTA ) RESULTANTE DE COLISÃO COM O ÔNIBUS BORBOREMA  Nº DE ORDEM 881.   EQUIPE CTTU APOIADA PELA EQUIPE ARGUS.  NO LOCAL.;;;0.0;0.0;0.0;1.0;0.0;1.0;0.0;0.0;0.0;1.0;COM VÍTIMA;AV GOVERNADOR AGAMENON MAGALHAES;;;;ILHA DO LEITE;0.0;;;SUBURBIO;Viaduto;Bom;Não existe;Não existente;Seca;Perfeito estado;Não existe;Não há placas;60 km/h;Dupla;Canteiro central;;;
COLISÃO COM CICLISTA;FINALIZADA;2021-10-09;01:20:00;SANTO AMARO;AV GOVERNADOR AGAMENON MAGALHAES;;;;;0.0;0.0;0.0;1.0;0.0;0.0;0.0;0.0;0.0;1.0;COM VÍTIMA;RUA ODORICO MENDES;;;;SANTO AMARO;0.0;;49;SUBURBIO;Cruzamento;Bom;Sem defeito;Perfeito estado;Seca;Perfeito estado;Faixa de pedestre;Outras;60 km/h;Dupla;Faixa contínua;Faixa seccionada;Canteiro central;
COLISÃO COM CICLISTA;FINALIZADA;2021-10-11;14:39:00;IMBIRIBEIRA;AV PRESIDENTE DUTRA;;SOBRE O VIADUTO TANCREDO NEVES;;;1.0;0.0;0.0;1.0;0.0;0.0;0.0;0.0;0.0;1.0;COM VÍTIMA;;;;;IMBIRIBEIRA;0.0;;;CAXANGÁ;Longo da via;Bom;Não existe;Perfeito estado;Seca;Perfeito estado;Não existe;R-26;;Única;Faixa contínua;;;
COLISÃO COM CICLISTA;FINALIZADA;2021-10-13;07:43:00;CASA FORTE;PRC DE CASA FORTE;482;FRENTE A PRAÇÃ DE CASA FORTE;;;1.0;0.0;0.0;1.0;0.0;0.0;0.0;0.0;0.0;1.0;COM VÍTIMA;;;;;CASA FORTE;0.0;;;CIDADE;Longo da via;Bom;Não existe;Perfeito estado;Seca;Perfeito estado;Faixa de pedestre;Outras;;Única;;;;
COLISÃO COM CICLISTA;FINALIZADA;2021-10-15;21:00:40;IMBIRIBEIRA;RUA ARQUITETO LUIZ NUNES;1815;PROX AO SUPERMECADO AÇAI;;;1.0;0.0;0.0;2.0;0.0;0.0;0.0;0.0;0.0;2.0;COM VÍTIMA;;;;;IMBIRIBEIRA;0.0;;635;CIDADE;Longo da via;Bom;Sem defeito;Perfeito estado;Seca;;Não existe;R-6a;40 km/h;Dupla;Não existe;;;
COLISÃO COM CICLISTA;FINALIZADA;2021-10-16;21:57:40;TOTÓ;AV LIBERDADE;1427;EM FRENTE AO PRESIDIO ANIBAL BRUNO;;;0.0;0.0;0.0;1.0;0.0;1.0;0.0;0.0;0.0;1.0;COM VÍTIMA;;;;;TOTÓ;0.0;;;CIDADE;Longo da via;Chuvoso;Não existe;Ilegível;Seca;Perfeito estado;Não existe;Outras;;Dupla;Faixa contínua;;;
COLISÃO COM CICLISTA;FINALIZADA;2021-10-17;18:37:00;IMBIRIBEIRA;AV GENERAL MAC ARTHUR;426;ZUMA AUTO;;;1.0;0.0;0.0;1.0;0.0;0.0;0.0;0.0;0.0;2.0;COM VÍTIMA;RUA MONSENHOR TABOSA;;;;IMBIRIBEIRA;0.0;;;CIDADE;Longo da via;Bom;Não existe;Perfeito estado;Seca;Perfeito estado;;"Placas ""Pare""";40 km/h;Única;;;;
COLISÃO COM CICLISTA;FINALIZADA;2021-10-22;18:10:00;AREIAS;AV RECIFE;3021;POSTO FEDERAL;;;0.0;0.0;0.0;1.0;0.0;0.0;1.0;0.0;0.0;1.0;COM VÍTIMA;RUA ADOLFO FARO;;;;AREIAS;0.0;;;SUBURBIO;Longo da via;Bom;Não existe;Perfeito estado;Seca;Perfeito estado;Não existe;Não há placas;;Dupla;Canteiro central;;;
COLISÃO COM CICLISTA;CANCELADA;2021-10-23;09:18:00;MANGABEIRA;AV NORTE MIGUEL ARRAES DE ALENCAR;;EM FRENTE O SESC DA AV NORTE, SENTIDO CENTRO;;;1.0;0.0;0.0;1.0;0.0;0.0;0.0;0.0;0.0;1.0;COM VÍTIMA;;;;;MANGABEIRA;0.0;;;;;;;;;;;;;;;;;
COLISÃO COM CICLISTA;FINALIZADA;2021-10-24;13:26:00;PINA;AV BRASILIA FORMOSA;;NA PISTA QUE DA ACESSO A ESCULTURA DE BRENNAND;;;0.0;1.0;0.0;1.0;0.0;0.0;0.0;0.0;0.0;1.0;COM VÍTIMA;;;;;PINA;0.0;;;;Longo da via;Bom;Não existe;Não existente;Seca;Perfeito estado;Não existe;Não há placas;;Dupla;Não existe;;;
COLISÃO COM CICLISTA;FINALIZADA;2021-10-24;15:45:00;SANCHO;AV LIBERDADE;648;PIZZARIA E CHURRASCARIA MANÁ;;;1.0;1.0;0.0;1.0;0.0;0.0;0.0;0.0;0.0;2.0;COM VÍTIMA;;;;;SANCHO;0.0;;;CIDADE;Longo da via;Bom;Não existe;Não existente;Seca;;Não existe;Não há placas;;Dupla;Não existe;;;
COLISÃO COM CICLISTA;FINALIZADA;2021-10-27;10:36:00;SÃO JOSÉ;AV SUL;;EM FRENTE AO ESTACIONAMENTO PRIVATIVO DA SECRETARIA DA FAZENDA  / SENT AFOGADOS;;;0.0;0.0;0.0;1.0;0.0;1.0;0.0;0.0;0.0;1.0;COM VÍTIMA;;;;;SÃO JOSÉ;0.0;;;SUBURBIO;Longo da via;Bom;Não existe;Perfeito estado;Seca;Perfeito estado;Não existe;Não há placas;60 km/h;Dupla;Faixa contínua;;;
COLISÃO COM CICLISTA;FINALIZADA;2021-10-28;18:42:00;BOA VIAGEM;RUA HENRIQUE CAPITULINO;;SEMÁFORO 143 / PRÓX A LOJA PRADORMIR;;;1.0;0.0;0.0;1.0;0.0;0.0;0.0;0.0;0.0;1.0;COM VÍTIMA;AV CONSELHEIRO AGUIAR;;;;BOA VIAGEM;0.0;;143;CIDADE;Cruzamento;Bom;Sem defeito;Perfeito estado;Seca;Perfeito estado;Faixa de pedestre;;;Única;Faixa seccionada;;;
COLISÃO COM CICLISTA;FINALIZADA;2021-10-30;11:31:00;MADALENA;RUA JOAO IVO DA SILVA;;OPOSTO AO N° 79;;;1.0;0.0;0.0;1.0;0.0;0.0;0.0;0.0;0.0;1.0;COM VÍTIMA;;;;;MADALENA;0.0;;;SUBURBIO;Longo da via;Bom;Não existe;Perfeito estado;Seca;Perfeito estado;Não existe;R-6a;;Única;Faixa seccionada;;;
COLISÃO COM CICLISTA;FINALIZADA;2021-10-31;19:48:00;SANTO AMARO;AV GOVERNADOR AGAMENON MAGALHAES;2200;PRÓXIMO DA LOMBADA ELETRÔNICA;;;1.0;0.0;0.0;1.0;0.0;0.0;0.0;0.0;0.0;1.0;COM VÍTIMA;;;;;SANTO AMARO;0.0;;;SUBURBIO;Longo da via;Bom;Sem defeito;Perfeito estado;Seca;Perfeito estado;Não existe;Outras;60 km/h;Única;Faixa contínua;;;
COLISÃO COM CICLISTA;FINALIZADA;2021-11-01;16:12:00;JOANA BEZERRA;AV CENTRAL;;ATRÁS DA UNIDADE DE SAÚDE SÃO JOSE DO COQUE;;;0.0;0.0;0.0;1.0;0.0;1.0;0.0;0.0;0.0;1.0;COM VÍTIMA;;;;;JOANA BEZERRA;0.0;;;SUBURBIO;Longo da via;Bom;Não existe;Incompleta;Seca;Perfeito estado;Não existe;Outras;;Única;Não existe;;;
COLISÃO COM CICLISTA;FINALIZADA;2021-11-01;16:53:00;MADALENA;RUA GOMES TABORDA;390;EM FRENTE AO ANTIGO BAILE PERFUMADO;;;1.0;0.0;0.0;1.0;0.0;0.0;0.0;0.0;0.0;1.0;COM VÍTIMA;RUA CARLOS GOMES;;;;MADALENA;0.0;;;SUBURBIO;Cruzamento;Bom;Sem defeito;Perfeito estado;Seca;Perfeito estado;Faixa de pedestre;Não há placas;40 km/h;Dupla;Não existe;;;
COLISÃO FRONTAL;FINALIZADA;2021-11-03;07:38:00;BOA VISTA;RUA GERVASIO PIRES;455;SEMÁFORO 175;;;0.0;0.0;0.0;1.0;0.0;0.0;0.0;0.0;0.0;1.0;COM VÍTIMA;RUA DO RIACHUELO;;;;BOA VISTA;0.0;;175;CIDADE;Cruzamento;Bom;Sem defeito;Perfeito estado;Seca;Perfeito estado;Faixa de pedestre;Não há placas;40 km/h;Única;Não existe;;;
COLISÃO COM CICLISTA;FINALIZADA;2021-11-03;14:54:00;CAXANGÁ;AV CAXANGA;5362;NA FRENTE DO CAXANGÁ GOLF & COUNTRY CLUB;;;1.0;0.0;0.0;1.0;0.0;0.0;0.0;0.0;0.0;1.0;VÍTIMA FATAL;;;;;CAXANGÁ;1.0;;;SUBURBIO;Longo da via;Bom;Não existe;Perfeito estado;Seca;Perfeito estado;Não existe;Não há placas;;Dupla;Canteiro central;;;
COLISÃO COM CICLISTA;FINALIZADA;2021-11-05;10:46:00;TORRÕES;AV ENGENHEIRO ABDIAS DE CARVALHO;618;HELENO SUSPENSÃO;;;1.0;0.0;0.0;1.0;0.0;0.0;0.0;0.0;0.0;1.0;COM VÍTIMA;;;;;TORRÕES;0.0;;;CIDADE;Longo da via;Bom;Não existe;Perfeito estado;Seca;Perfeito estado;Não existe;Não há placas;;Dupla;Canteiro central;;;
COLISÃO COM CICLISTA;FINALIZADA;2021-11-06;08:03:00;ESPINHEIRO;RUA QUARENTA E OITO;;;;;0.0;1.0;0.0;1.0;0.0;0.0;0.0;0.0;0.0;3.0;COM VÍTIMA;RUA DO ESPINHEIRO;;;;ESPINHEIRO;0.0;;166;CIDADE;Cruzamento;Bom;Sem defeito;Perfeito estado;Seca;Perfeito estado;Faixa de pedestre;Não há placas;30 km/h;Única;Faixa seccionada;;;
COLISÃO COM CICLISTA;FINALIZADA;2021-11-10;15:22:00;BOA VIAGEM;AV ENGENHEIRO DOMINGOS FERREIRA;3482;LADO OPOSTO AO HAPVIDA BOA VIAGEM;;;0.0;0.0;0.0;1.0;0.0;1.0;0.0;0.0;0.0;1.0;COM VÍTIMA;;;;;BOA VIAGEM;0.0;;;SUBURBIO;Longo da via;Bom;Não existe;Perfeito estado;Seca;Perfeito estado;Outros;Outras;;Única;Faixa contínua;Canteiro central;;
COLISÃO COM CICLISTA;FINALIZADA;2021-11-11;18:37:00;SANTO AMARO;AV GOVERNADOR AGAMENON MAGALHAES;;EM CIMA DO VIADUTO SENTIDO OLINDA -;;;1.0;0.0;0.0;1.0;0.0;0.0;0.0;0.0;0.0;1.0;COM VÍTIMA;;;;;SANTO AMARO;0.0;;;;;;;;;;;;;;;;;
COLISÃO COM CICLISTA;FINALIZADA;2021-11-12;11:32:00;BOA VISTA;RUA TABIRA;220;APOS O BRADESCO AUTO CENTER;;;1.0;0.0;0.0;1.0;0.0;0.0;0.0;0.0;0.0;1.0;COM VÍTIMA;AV MONTEVIDEU;;;;BOA VISTA;0.0;;;CIDADE;Cruzamento;Bom;Não existe;Perfeito estado;Seca;Perfeito estado;Não existe;Não há placas;60 km/h;Única;Faixa seccionada;;;
COLISÃO COM CICLISTA;FINALIZADA;2021-11-12;14:01:00;BOA VIAGEM;AV BOA VIAGEM;3962;EM FRENTE AO EDIFICIO QUEEN MARY;;;1.0;0.0;0.0;1.0;0.0;0.0;0.0;0.0;0.0;1.0;COM VÍTIMA;RUA RIBEIRO DE BRITO;;;;BOA VIAGEM;0.0;;;CIDADE;Longo da via;Bom;Não existe;Perfeito estado;Seca;Perfeito estado;Não existe;Não há placas;60 km/h;Única;Faixa seccionada;;;
COLISÃO COM CICLISTA;FINALIZADA;2021-11-13;18:14:00;VÁRZEA;RUA AMARO GOMES POROCA;232;PRÓXIMO AO RESTAURANTE BRAZETUS;;;0.0;0.0;0.0;1.0;0.0;1.0;0.0;0.0;0.0;1.0;COM VÍTIMA;;;;;VÁRZEA;0.0;;;;Longo da via;Bom;Não existe;Perfeito estado;Seca;Perfeito estado;Não existe;Não há placas;;Dupla;Faixa seccionada;;;
COLISÃO COM CICLISTA;CANCELADA;2021-11-16;15:49:00;ARRUDA;AV PEDRO DE MELO PEDROZA;95;EM FRENTE AO CONDOMINIO ARISTOTELES DE ANDRADE;;;1.0;0.0;0.0;1.0;0.0;0.0;0.0;0.0;0.0;0.0;SEM VÍTIMA;;;;;ARRUDA;0.0;;;;;;;;;;;;;;;;;
COLISÃO TRASEIRA;FINALIZADA;2021-11-18;15:58:00;IMBIRIBEIRA;AV MARECHAL MASCARENHAS DE MORAES;1511;EM FRENTE AO DEPOSITO LASER;;;0.0;0.0;0.0;1.0;0.0;1.0;0.0;0.0;0.0;1.0;COM VÍTIMA;;;;;IMBIRIBEIRA;0.0;;;CIDADE;Longo da via;Bom;Não existe;Perfeito estado;Seca;Perfeito estado;Não existe;Não há placas;;Dupla;Canteiro central;;;
COLISÃO FRONTAL;FINALIZADA;2021-11-22;00:06:00;BOA VIAGEM;AVENIDA CELSO FURTADO (VIA MANGUE);;CONVENTO SÃO FELIX;;;0.0;0.0;0.0;1.0;0.0;0.0;0.0;0.0;0.0;2.0;COM VÍTIMA;RUA TOME GIBSON;;;;BOA VIAGEM;0.0;;;CIDADE;Longo da via;Bom;Não existe;Perfeito estado;Seca;Perfeito estado;Não existe;Não há placas;60 km/h;Dupla;Canteiro central;;;
COLISÃO COM CICLISTA;FINALIZADA;2021-11-23;08:41:00;VÁRZEA;RUA VALE DO SIRIJI;78;LADO OPOSTO FELIPE JATO;;;1.0;0.0;0.0;1.0;0.0;0.0;0.0;0.0;0.0;1.0;COM VÍTIMA;;;;;VÁRZEA;0.0;;;SUBURBIO;Cruzamento;Bom;Não existe;Incompleta;Seca;Perfeito estado;Não existe;R-6a;;Dupla;Outros;;;
COLISÃO COM CICLISTA;FINALIZADA;2021-11-23;08:41:00;CABANGA;AV ENGENHEIRO JOSE ESTELITA;S/N;EM FRENTE AO CABANGA IATE CLUBE;;;0.0;0.0;0.0;1.0;0.0;1.0;0.0;0.0;0.0;1.0;COM VÍTIMA;;;;;CABANGA;0.0;;;CIDADE;Longo da via;Bom;Não existe;Incompleta;Seca;Perfeito estado;Não existe;Outras;60 km/h;Dupla;Faixa contínua;;;
COLISÃO COM CICLISTA;FINALIZADA;2021-11-25;09:12:00;VÁRZEA;AV CAXANGA;;EM FRENTE AO GOLF CLUBE;;;0.0;1.0;0.0;1.0;0.0;0.0;0.0;0.0;0.0;1.0;COM VÍTIMA;;;;;VÁRZEA;0.0;;;SUBURBIO;Longo da via;Bom;Não existe;Perfeito estado;Seca;Perfeito estado;Não existe;Outras;60 km/h;Dupla;Faixa contínua;Faixa seccionada;Canteiro central;
COLISÃO COM CICLISTA;FINALIZADA;2021-12-04;01:03:00;ARRUDA;RUA DA REGENERACAO;1258;;;;1.0;0.0;0.0;1.0;0.0;0.0;0.0;0.0;0.0;1.0;COM VÍTIMA;AV PROFESSOR JOSE DOS ANJOS;;;;ARRUDA;0.0;;;CIDADE;Longo da via;Bom;Não existe;Não existente;Seca;Perfeito estado;Não existe;Não há placas;;Dupla;Não existe;;;
COLISÃO COM CICLISTA;FINALIZADA;2021-12-07;12:21:00;CASA AMARELA;EST DO ARRAIAL;4526;ENFRENTE AO COSRISCO E DADA;;;1.0;0.0;0.0;1.0;0.0;0.0;0.0;0.0;0.0;1.0;COM VÍTIMA;RUA ENGENHEIRO OSCAR FERREIRA;;;;CASA AMARELA;0.0;;;SUBURBIO;Esquina;Bom;Não existe;Perfeito estado;Seca;Perfeito estado;Faixa de retenção;Outras;;Única;Faixa seccionada;;;
COLISÃO COM CICLISTA;CANCELADA;2021-12-09;17:43:00;SAN MARTIN;RUA VINTE E UM DE ABRIL;;ENFRENTE AO DEPOSITO DA BRASIL GAS;;;0.0;0.0;0.0;1.0;0.0;0.0;0.0;0.0;0.0;1.0;COM VÍTIMA;RUA MANOEL VIEIRA;;;;SAN MARTIN;0.0;;;;;;;;;;;;;;;;;
COLISÃO COM CICLISTA;FINALIZADA;2021-12-11;08:57:00;TORRÕES;RUA ONZE DE FEVEREIRO;460;E/F A EDIFICIO MORADA DO FORTE;;;2.0;0.0;0.0;1.0;0.0;0.0;0.0;0.0;0.0;1.0;COM VÍTIMA;EST DO FORTE DO ARRAIAL N. DO B. JESUS;;;;TORRÕES;0.0;;460;SUBURBIO;Longo da via;Bom;Não existe;Incompleta;Seca;Perfeito estado;Não existe;Não há placas;;Dupla;Não existe;;;
COLISÃO COM CICLISTA;FINALIZADA;2021-12-12;14:44:00;CAMPO GRANDE;AV GOVERNADOR AGAMENON MAGALHAES;700;E/F A CEPLANC  CENTRAL DE PLANTÕES  DE FLAGRANTES;;;1.0;0.0;0.0;1.0;0.0;0.0;0.0;0.0;0.0;1.0;COM VÍTIMA;RUA ODORICO MENDES;;;;CAMPO GRANDE;0.0;;49;SUBURBIO;Longo da via;Bom;Sem defeito;Perfeito estado;Seca;Perfeito estado;Não existe;Não há placas;60 km/h;Dupla;Faixa seccionada;Canteiro central;;
COLISÃO COM CICLISTA;FINALIZADA;2021-12-13;09:53:00;SANTO AMARO;AV CRUZ CABUGA;;LADO OPOSTO AO SHOPPING TACARUNA, SENTIDO OLINA;;;0.0;0.0;0.0;1.0;0.0;0.0;1.0;0.0;0.0;1.0;COM VÍTIMA;;;;;SANTO AMARO;0.0;;202;;Longo da via;Chuvoso;Desligado;Perfeito estado;Molhada;Perfeito estado;Outros;Outras;;Dupla;Canteiro central;;;
COLISÃO COM CICLISTA;FINALIZADA;2021-12-13;14:55:00;ESTÂNCIA;AV DR JOSE RUFINO;;EM FRENTE AO COLÉGIO VISÃO;;;1.0;0.0;0.0;1.0;0.0;0.0;0.0;0.0;0.0;1.0;COM VÍTIMA;;;;;ESTÂNCIA;0.0;;;CIDADE;Longo da via;Bom;Não existe;Perfeito estado;Seca;Perfeito estado;Não existe;Outras;;Dupla;Faixa contínua;;;
COLISÃO COM CICLISTA;FINALIZADA;2021-12-14;08:37:00;BOA VISTA;AV CONDE DA BOA VISTA;280;PROX. AO POSTO SHELL;;;0.0;1.0;0.0;1.0;0.0;0.0;0.0;0.0;0.0;1.0;COM VÍTIMA;RUA GONCALVES MAIA;;;;BOA VISTA;0.0;;;SUBURBIO;Cruzamento;Bom;Sem defeito;Perfeito estado;Seca;Perfeito estado;Faixa de pedestre;R-6c;;Dupla;Canteiro central;;;
COLISÃO COM CICLISTA;FINALIZADA;2021-12-14;09:01:00;BOA VISTA;AV CONDE DA BOA VISTA;;EM FRENTE AO GRAU TECNICO E TINTAS SHERWIN WILLIANS;;;1.0;0.0;0.0;1.0;0.0;0.0;0.0;0.0;0.0;1.0;COM VÍTIMA;;;;;BOA VISTA;0.0;;;CIDADE;Longo da via;Bom;Não existe;Perfeito estado;Seca;Perfeito estado;;;;Dupla;Canteiro central;;;
COLISÃO COM CICLISTA;CANCELADA;2021-12-15;12:08:00;SANTO AMARO;AV GOVERNADOR AGAMENON MAGALHAES;;ACIDENTE ENTRE MOTO E  BICICLETA;;;0.0;1.0;0.0;1.0;0.0;0.0;0.0;0.0;0.0;0.0;SEM VÍTIMA;;;;;SANTO AMARO;0.0;;;SUBURBIO;;;;;;;;;;;;;;
COLISÃO COM CICLISTA;CANCELADA;2021-12-16;08:41:00;CAMPO GRANDE;EST DE BELEM;764;;;;1.0;0.0;0.0;1.0;0.0;0.0;0.0;0.0;0.0;1.0;COM VÍTIMA;;;;;CAMPO GRANDE;0.0;;;;;;;;;;;;;;;;;
COLISÃO COM CICLISTA;FINALIZADA;2021-12-17;12:20:00;BOA VIAGEM;AV GENERAL MAC ARTHUR;;EM FRENTE AO LE PARC;;;0.0;1.0;0.0;1.0;0.0;0.0;0.0;0.0;0.0;1.0;COM VÍTIMA;;;;;BOA VIAGEM;0.0;;673;SUBURBIO;Longo da via;Bom;Sem defeito;Perfeito estado;Seca;Perfeito estado;Faixa de pedestre;Outras;40 km/h;Única;Faixa seccionada;;;
COLISÃO COM CICLISTA;FINALIZADA;2021-12-18;07:48:00;SAN MARTIN;AV GENERAL SAN MARTIN;2479;;;;0.0;1.0;0.0;1.0;0.0;0.0;0.0;0.0;0.0;3.0;COM VÍTIMA;AV JOAO CABRAL DE MELO NETO;;;;SAN MARTIN;0.0;;250;SUBURBIO;Longo da via;Bom;Sem defeito;Perfeito estado;Seca;Perfeito estado;Não existe;Não há placas;40 km/h;Dupla;Faixa contínua;;;
COLISÃO COM CICLISTA;FINALIZADA;2021-12-22;11:54:00;SANTO AMARO;RUA DA AURORA;;PONTE LIMOEIRO E AO LADO DO HOSPITAL;;;1.0;0.0;0.0;1.0;0.0;0.0;0.0;0.0;0.0;1.0;COM VÍTIMA;;;;;SANTO AMARO;0.0;;;SUBURBIO;Longo da via;Bom;Sem defeito;Perfeito estado;Seca;Perfeito estado;Agente;Não há placas;;Única;Faixa contínua;;;
COLISÃO COM CICLISTA;CANCELADA;2021-12-24;12:47:00;PINA;AVENIDA CELSO FURTADO (VIA MANGUE);;PRÓX AO 19° BPM;;;0.0;1.0;0.0;1.0;0.0;0.0;0.0;0.0;0.0;2.0;COM VÍTIMA;;;;;PINA;0.0;;;;;;;;;;;;;;;;;