tipo;situacao;data;hora;bairro;endereco;numero;complemento;natureza;descricao;auto;moto;ciclom;ciclista;pedestre;onibus;caminhao;viatura;outros;vitimas;natureza_acidente;detalhe_endereco_acidente;endereco_cruzamento;numero_cruzamento;referencia_cruzamento;bairro_cruzamento;vitimasfatais;DATA;num_semaforo;sentido_via;acidente_verificado;tempo_clima;situacao_semaforo;sinalizacao;condicao_via;conservacao_via;ponto_controle;situacao_placa;velocidade_max_via;mao_direcao;divisao_via1;divisao_via2;divisao_via3;Protocolo
COLISÃO COM CICLISTA;FINALIZADA;2021-12-29;16:50:00;DERBY;AV GOVERNADOR AGAMENON MAGALHAES;;SOB O SEMÁFORO 075;;;0.0;1.0;0.0;1.0;0.0;0.0;0.0;0.0;0.0;1.0;COM VÍTIMA;;;;;DERBY;0.0;;75;BOA VIAGEM;Cruzamento;Bom;Sem defeito;Perfeito estado;Seca;Perfeito estado;Agente;;60 km/h;Única;Faixa seccionada;Canteiro central;;
COLISÃO COM CICLISTA;CANCELADA;2021-12-29;20:34:00;SÃO JOSÉ;RUA IMPERIAL;1222;PRÓX AO VIADUTO DA IMPERIAL;;;0.0;0.0;0.0;1.0;0.0;0.0;0.0;0.0;0.0;1.0;COM VÍTIMA;;;;;SÃO JOSÉ;0.0;;;;;;;;;;;;;;;;;
COLISÃO COM CICLISTA;FINALIZADA;2021-12-31;10:13:00;SAN MARTIN;RUA DELMIRO GOUVEIA;333;EM FRENTE A CHESF;;;1.0;0.0;0.0;1.0;0.0;0.0;0.0;0.0;0.0;1.0;COM VÍTIMA;;;;;SAN MARTIN;0.0;;586;;Longo da via;Bom;Sem defeito;Perfeito estado;Seca;Perfeito estado;Não existe;Não há placas;;Dupla;Não existe;;;
COLISÃO LATERAL;CANCELADA;2022-01-03;;CAXANGÁ;AV CAXANGA;;PROX AO POSTO DISLUBE;COM VÍTIMA;;1.0;0.0;0.0;1.0;0.0;0.0;0.0;0.0;0.0;1.0;;;;;;CAXANGÁ;0.0;;;CAMARAGIBE;;;;;;;;;;;;;;202200154,0
COLISÃO COM CICLISTA;FINALIZADA;2022-01-04;;IMBIRIBEIRA;AV ANTONIO TORRES GALVAO;360,0;E/F A AMERICA FORD;COM VÍTIMA;;1.0;0.0;0.0;1.0;0.0;0.0;0.0;0.0;0.0;1.0;;;;;;IMBIRIBEIRA;0.0;;;;Longo da via;Bom;Sem defeito;Perfeito estado;Seca;Perfeito estado;Agente;R-6a;;Única;Faixa seccionada;;;202200211,0
COLISÃO COM CICLISTA;CANCELADA;2022-01-05;;CAXANGÁ;AV CAXANGA;;E/F AO MUSEU DA ABOLIÇAO PROX AO VIADUTO;COM VÍTIMA;;1.0;0.0;0.0;1.0;0.0;0.0;0.0;0.0;0.0;1.0;;;;;;CAXANGÁ;0.0;;;;;;;;;;;;;;;;;202200259,0
COLISÃO COM CICLISTA;FINALIZADA;2022-01-10;;IPUTINGA;AV CAXANGA;4190,0;E/F A PAGUE MENOS E TI NOVA, SNT CAMARAGIBE / POR BAIXO DO VIADUTO;COM VÍTIMA;;0.0;1.0;0.0;1.0;0.0;0.0;0.0;0.0;0.0;1.0;;;;;;IPUTINGA;0.0;;290,0;SUBURBIO;Longo da via;Bom;Sem defeito;Perfeito estado;Seca;Perfeito estado;Faixa de pedestre;Não há placas;60 km/h;Única;Faixa seccionada;;;202200691,0
COLISÃO COM CICLISTA;FINALIZADA;2022-01-11;;CORDEIRO;RUA GOMES TABORDA;1583,0;PROX AO BAR VAPOR E/F A CASA DE BAQTERIA QWS MOURA POWER CAR;COM VÍTIMA;;2.0;0.0;0.0;1.0;0.0;0.0;0.0;0.0;0.0;1.0;;RUA FIRMINO DE BARROS;;;;CORDEIRO;0.0;;;SUBURBIO;Cruzamento;Bom;Não existe;Não existente;Seca;Mal conservada;Não existe;Não há placas;;Dupla;Faixa seccionada;;;202200762,0
COLISÃO COM CICLISTA;FINALIZADA;2022-01-12;;PINA;AVENIDA CELSO FURTADO (VIA MANGUE);;PROXIMO AO RIO MAR, COMEÇO DA VIA MANGUE/ SENTIDO PIEDADE;COM VÍTIMA;;0.0;1.0;0.0;1.0;0.0;0.0;0.0;0.0;0.0;1.0;;;;;;PINA;0.0;;;SUBURBIO;Longo da via;Bom;Não existe;Perfeito estado;Seca;Perfeito estado;Outros;Outras;;Única;Faixa seccionada;;;202200834,0
COLISÃO TRASEIRA;FINALIZADA;2022-01-17;;SANTO AMARO;AV NORTE MIGUEL ARRAES DE ALENCAR;;VIADUTO DA AVENIDA NORTE  SOBRE A AV AGAMENON MAGALHÃES;COM VÍTIMA;;0.0;1.0;0.0;1.0;0.0;1.0;1.0;0.0;0.0;1.0;;;;;;SANTO AMARO;0.0;;;SUBÚRBIO;Viaduto;Bom;Não existe;Perfeito estado;Seca;Perfeito estado;Não existe;Não há placas;60 km/h;Dupla;Faixa seccionada;;;202201132,0
COLISÃO COM CICLISTA;FINALIZADA;2022-01-23;;CAMPO GRANDE;RUA JERONIMO VILELA;477,0;E/F AO BAR ESQUENTA;COM VÍTIMA;;0.0;1.0;0.0;2.0;0.0;0.0;0.0;0.0;0.0;1.0;;RUA DR MACHADO;;;;CAMPO GRANDE;0.0;;565,0;SUBURBIO;Cruzamento;Bom;Sem defeito;Perfeito estado;Seca;Perfeito estado;Faixa de pedestre;R-28;;Dupla;Faixa seccionada;;;202201508,0
COLISÃO COM CICLISTA;FINALIZADA;2022-01-25;;NOVA DESCOBERTA;AV VEREADOR OTACILIO AZEVEDO;2332,0;EM FRENE AO MECADO PUBLICO DE NOVA DESCOBERTA / FAIXA DA DIREITA;COM VÍTIMA;;1.0;0.0;0.0;1.0;0.0;0.0;0.0;0.0;0.0;1.0;;RUA DR ANTONIO DA ROSA BORGES;;;;NOVA DESCOBERTA;0.0;;;SUBURBIO;Esquina;Bom;Não existe;Perfeito estado;Seca;Perfeito estado;;R-6a;;Dupla;Não existe;;;202201587,0
COLISÃO COM CICLISTA;FINALIZADA;2022-01-26;;IMBIRIBEIRA;AV PRESIDENTE DUTRA;;LADO OPOSTO AO ANTIGO OUT LET SENTIDO BOA VIAGEM;COM VÍTIMA;;0.0;1.0;0.0;1.0;0.0;0.0;0.0;0.0;0.0;1.0;;;;;;IMBIRIBEIRA;0.0;;;;Longo da via;Bom;Não existe;Perfeito estado;Seca;Perfeito estado;Não existe;Não há placas;;Única;Faixa seccionada;;;202201708,0
COLISÃO COM CICLISTA;FINALIZADA;2022-01-27;;SANTO AMARO;AV DR JAYME DA FONTE;;NO SEMÁFORO 049;COM VÍTIMA;;1.0;0.0;0.0;1.0;0.0;0.0;0.0;0.0;0.0;1.0;;AV GOVERNADOR AGAMENON MAGALHAES;;;;SANTO AMARO;0.0;;49,0;CIDADE;Cruzamento;Chuvoso;Sem defeito;Perfeito estado;Seca;Perfeito estado;Faixa de pedestre;Não há placas;60 km/h;Dupla;Canteiro central;;;202201781,0
COLISÃO COM CICLISTA;FINALIZADA;2022-02-03;;GRAÇAS;RUA DO FUTURO;480,0;E/F AO EDIFICIO CHAMPERY;COM VÍTIMA;;1.0;0.0;0.0;1.0;0.0;0.0;0.0;0.0;0.0;1.0;;;;;;GRAÇAS;0.0;;;CIDADE;Longo da via;Bom;Não existe;Perfeito estado;Seca;Perfeito estado;Não existe;Outras;;Única;Faixa seccionada;;;202202343,0
COLISÃO COM CICLISTA;FINALIZADA;2022-02-09;;SANTO ANTÔNIO;PRC DA REPUBLICA;S/N;EM FRENTE AO PALACIO DO GOVERNO;COM VÍTIMA;;1.0;0.0;0.0;1.0;0.0;0.0;0.0;0.0;0.0;1.0;;;;;;SANTO ANTÔNIO;0.0;;488,0;SUBURBIO;Cruzamento;Bom;Sem defeito;Perfeito estado;Seca;Perfeito estado;Faixa de pedestre;Outras;40 km/h;Única;Faixa seccionada;;;202202800,0
COLISÃO COM CICLISTA;FINALIZADA;2022-02-10;;SANTO AMARO;AV GOVERNADOR AGAMENON MAGALHAES;;;COM VÍTIMA;;0.0;1.0;0.0;1.0;0.0;0.0;0.0;0.0;0.0;1.0;;;;;;SANTO AMARO;0.0;;;;Longo da via;Bom;Sem defeito;Perfeito estado;Seca;Perfeito estado;Faixa de pedestre;Não há placas;60 km/h;Dupla;Canteiro central;;;202202939,0
COLISÃO TRASEIRA;CANCELADA;2022-02-13;;TEJIPIÓ;AV DR JOSE RUFINO;3254,0;E/F AO 14  BATALHAO / SEMAFORO 208;COM VÍTIMA;;1.0;1.0;0.0;1.0;0.0;0.0;0.0;0.0;0.0;1.0;;;;;;TEJIPIÓ;0.0;;;;;;;;;;;;;;;;;202203199,0
COLISÃO COM CICLISTA;FINALIZADA;2022-02-15;;ALTO JOSÉ BONIFÁCIO;RUA ALTO JOSE BONIFACIO;192,0;PROX. A RODINHA;COM VÍTIMA;;0.0;1.0;0.0;1.0;0.0;0.0;0.0;0.0;0.0;1.0;;RUA CORREGO DO EUCLIDES;;;;ALTO JOSÉ BONIFÁCIO;0.0;;;CIDADE;Esquina;Bom;Não existe;Perfeito estado;Seca;Perfeito estado;Faixa de pedestre;Outras;;Dupla;Faixa contínua;Faixa seccionada;;202203313,0
COLISÃO COM CICLISTA;FINALIZADA;2022-02-15;;ÁGUA FRIA;EST VELHA DE AGUA FRIA;727,0;ESPAÇO TAMARINEIRA,  JPK ENERGY;COM VÍTIMA;;0.0;1.0;0.0;1.0;0.0;0.0;0.0;0.0;0.0;1.0;;;;;;ÁGUA FRIA;0.0;;;CIDADE;Longo da via;Bom;Não existe;Perfeito estado;Seca;Perfeito estado;Não existe;R-6a;60 km/h;Dupla;Faixa contínua;;;202203330,0
COLISÃO COM CICLISTA;FINALIZADA;2022-02-17;;SANTO AMARO;AV GOVERNADOR AGAMENON MAGALHAES;;SOB O VIADUTO DA AV NORTE;COM VÍTIMA;;1.0;0.0;0.0;1.0;0.0;0.0;0.0;0.0;0.0;1.0;;;;;;SANTO AMARO;0.0;;684,0;OLINDA;Longo da via;Bom;Sem defeito;Perfeito estado;Seca;Perfeito estado;Faixa de pedestre;Não há placas;60 km/h;Dupla;Faixa contínua;Canal;;202203524,0
COLISÃO COM CICLISTA;FINALIZADA;2022-02-19;;AFOGADOS;RUA NICOLAU PEREIRA;;PROXIMO À ESTAÇÃO DO METRÔ;COM VÍTIMA;;1.0;0.0;0.0;1.0;0.0;0.0;0.0;0.0;0.0;1.0;;;;;;AFOGADOS;0.0;;;SUBURBIO;Longo da via;Bom;Não existe;Perfeito estado;Seca;Perfeito estado;Não existe;R-6a;;Única;Faixa seccionada;;;202203664,0
QUEDA;FINALIZADA;2022-02-19;;SAN MARTIN;AV GENERAL SAN MARTIN;;LADO OPOSTO AO NOVO ATACAREJO;COM VÍTIMA;;0.0;0.0;0.0;1.0;0.0;0.0;0.0;0.0;0.0;1.0;;;;;;SAN MARTIN;0.0;;58,0;SUBURBIO;Longo da via;Bom;Sem defeito;Perfeito estado;Seca;Perfeito estado;Faixa de retenção;Não há placas;;Dupla;Faixa contínua;;;202203681,0
COLISÃO COM CICLISTA;FINALIZADA;2022-02-22;;IMBIRIBEIRA;RUA ARQUITETO LUIZ NUNES;1373,0;;COM VÍTIMA;;1.0;0.0;0.0;1.0;0.0;0.0;0.0;0.0;0.0;1.0;;RUA MIS JOEL CARLSON;;;;IMBIRIBEIRA;0.0;;633,0;CIDADE;Cruzamento;Bom;Sem defeito;Perfeito estado;Seca;Perfeito estado;Faixa de pedestre;R-19;30 km/h;Dupla;Faixa contínua;;;202203938,0
COLISÃO COM CICLISTA;CANCELADA;2022-02-24;;MADALENA;RUA BENFICA;;E/F AO CLUBE INTERNACIONAL;COM VÍTIMA;;1.0;0.0;0.0;1.0;0.0;0.0;0.0;0.0;0.0;1.0;;;;;;MADALENA;0.0;;;;;;;;;;;;;;;;;202204055,0
QUEDA;FINALIZADA;2022-02-24;;IPSEP;RUA HELIO BRANDAO;351,0;ESCOLA CANDIDO PORTINARIO  /   EM FRENTE;VÍTIMA FATAL;;0.0;0.0;0.0;1.0;0.0;0.0;0.0;0.0;0.0;0.0;;;;;;IPSEP;1.0;;;;;;;;;;;;;;;;;202204084,0
COLISÃO COM CICLISTA;FINALIZADA;2022-03-01;;CABANGA;VDO PAPA JOAO PAULO II;;SENTIDO CENTRO SOBRE O VIADUTO;COM VÍTIMA;;1.0;0.0;0.0;1.0;0.0;0.0;0.0;0.0;0.0;1.0;;;;;;CABANGA;0.0;;;CIDADE;Viaduto;Bom;Não existe;Perfeito estado;Seca;Perfeito estado;Outros;Não há placas;60 km/h;Única;Faixa seccionada;;;202204498,0
COLISÃO COM CICLISTA;FINALIZADA;2022-03-02;;ARRUDA;AV PROFESSOR JOSE DOS ANJOS;162,0;LADO OPOSTO AO BOMBREÇO;COM VÍTIMA;;0.0;1.0;0.0;1.0;0.0;0.0;0.0;0.0;0.0;2.0;;;;;;ARRUDA;0.0;;;CIDADE;Longo da via;Bom;Não existe;Perfeito estado;Seca;Perfeito estado;Faixa de pedestre;Outras;40 km/h;Única;Faixa seccionada;;;202204553,0
COLISÃO COM CICLISTA;FINALIZADA;2022-03-05;;SAN MARTIN;RUA COMENDADOR FRANCO FERREIRA;307,0;ESQUINA COM A GALERIA JARDIM;COM VÍTIMA;;1.0;0.0;0.0;1.0;0.0;0.0;0.0;0.0;0.0;1.0;;RUA DUARTE FILHO;;;;SAN MARTIN;0.0;;;CIDADE;Cruzamento;Chuvoso;Não existe;Ilegível;Molhada;Perfeito estado;Não existe;;30 km/h;Dupla;Não existe;;;202204837,0
COLISÃO LATERAL;CANCELADA;2022-03-07;;BOA VISTA;RUA VELHA;;EM FRENTE A  ANTIGA CELPE;COM VÍTIMA;;0.0;1.0;0.0;1.0;0.0;0.0;0.0;0.0;0.0;2.0;;;;;;BOA VISTA;0.0;;;;;;;;;;;;;;;;;202204944,0
COLISÃO COM CICLISTA;FINALIZADA;2022-03-09;;BOA VISTA;RUA DO HOSPICIO;875,0;MINISTERIO PUBLICO;COM VÍTIMA;;0.0;1.0;0.0;1.0;0.0;0.0;0.0;0.0;0.0;1.0;;RUA JOAO LIRA;;;;BOA VISTA;0.0;;32,0;CIDADE;Cruzamento;Bom;Sem defeito;Perfeito estado;Seca;Perfeito estado;Faixa de pedestre;Outras;;Dupla;Faixa contínua;;;202205212,0
COLISÃO COM CICLISTA;FINALIZADA;2022-03-10;;ZUMBI;AV CAXANGA;;EM FRENTE A PLAZA VEICULOS;COM VÍTIMA;;0.0;0.0;0.0;1.0;0.0;1.0;0.0;0.0;0.0;1.0;;;;;;ZUMBI;0.0;;274,0;CIDADE;Longo da via;Bom;Sem defeito;Perfeito estado;Seca;Perfeito estado;Não existe;Outras;50 km/h;Dupla;Canteiro central;;;202205276,0
COLISÃO COM CICLISTA;FINALIZADA;2022-03-10;;SANTO AMARO;RUA DOS PALMARES;263,0;PRÓX AO INSS;COM VÍTIMA;;1.0;0.0;0.0;1.0;0.0;0.0;0.0;0.0;0.0;1.0;;RUA TREZE DE MAIO;;;;SANTO AMARO;0.0;;30,0;CIDADE;;Chuvoso;Sem defeito;Perfeito estado;Molhada;Perfeito estado;Faixa de pedestre;Outras;;Dupla;Canteiro central;;;202205355,0
COLISÃO COM CICLISTA;FINALIZADA;2022-03-12;;TORREÃO;RUA DJALMA FARIAS;365,0;EM FRENTE AO DELICIA DO AÇAI;COM VÍTIMA;;1.0;0.0;0.0;1.0;0.0;0.0;0.0;0.0;0.0;1.0;;RUA OTHON PARAISO;;;;TORREÃO;0.0;;;SUBURBIO;Cruzamento;Bom;Não existe;Incompleta;Seca;Perfeito estado;Não existe;Outras;;Dupla;Canteiro central;;;202205505,0
COLISÃO COM CICLISTA;FINALIZADA;2022-03-13;;APIPUCOS;RUA DOIS IRMAOS;389,0;;VÍTIMA FATAL;;0.0;0.0;0.0;1.0;0.0;1.0;0.0;0.0;0.0;0.0;;;;;;APIPUCOS;1.0;;535,0;SUBURBIO;Longo da via;Bom;Sem defeito;Perfeito estado;Seca;Perfeito estado;Faixa de pedestre;Outras;60 km/h;Dupla;Faixa contínua;Faixa seccionada;;202205592,0
COLISÃO COM CICLISTA;FINALIZADA;2022-03-17;;BOA VIAGEM;AV ENGENHEIRO DOMINGOS FERREIRA;315,0;PROX. A FORNERIA DOM FERREIRA;COM VÍTIMA;;1.0;0.0;0.0;1.0;0.0;0.0;0.0;0.0;0.0;1.0;;RUA ERNESTO DE PAULA SANTOS;;;;BOA VIAGEM;0.0;;217,0;SUBURBIO;Longo da via;Bom;Sem defeito;Perfeito estado;Seca;Perfeito estado;;"Placas ""Pare""";;Dupla;Canteiro central;;;202205917,0
COLISÃO COM CICLISTA;FINALIZADA;2022-03-20;;CASA AMARELA;EST DO ARRAIAL;;EM FRENTE A IGREJA JESUS CRISTO DOS SANTOS DOS ULTIMOS DIAS;COM VÍTIMA;;1.0;0.0;0.0;1.0;0.0;0.0;0.0;0.0;0.0;1.0;;;;;;CASA AMARELA;0.0;;291,0;SUBURBIO;Longo da via;Bom;Sem defeito;Perfeito estado;Seca;Perfeito estado;Faixa de pedestre;Outras;;Única;;;;202206098,0
COLISÃO COM CICLISTA;FINALIZADA;2022-03-22;;ÁGUA FRIA;RUA SAO SEBASTIAO;130,0;POR TRÁS DO GIGANTE DOI SAMBA,  EM FRENTE AO ESPETINHO DA NEIDE;COM VÍTIMA;;1.0;0.0;0.0;1.0;0.0;0.0;0.0;0.0;0.0;1.0;;;;;;ÁGUA FRIA;0.0;;;SUBURBIO;Longo da via;Chuvoso;Não existe;Perfeito estado;Molhada;Perfeito estado;Não existe;Não há placas;;Dupla;Faixa contínua;;;202206324,0
COLISÃO COM CICLISTA;FINALIZADA;2022-03-23;;BOA VIAGEM;RUA JORNALISTA FRANCISCO ALMEIDA;;PROX. AO POSTO POLICIAL E PRAÇA CIDADE DO PORTO;COM VÍTIMA;;1.0;0.0;0.0;1.0;0.0;0.0;0.0;0.0;0.0;1.0;;AV CONSELHEIRO AGUIAR;;;;BOA VIAGEM;0.0;;;;;;;;;;;;;;;;;202206345,0
QUEDA;FINALIZADA;2022-03-25;;ILHA JOANA BEZERRA;PTE JOSE DE BARROS LIMA;;ACIDENTE COM VÍTIMA, ENVOLVENDO CICLISTA, NO SENTIDO PAISSANDU / ILHA DO LEITE. SAMU NO LOCAL PRESTANDO SOCORRO.  EQUIPE DE BAT DA CTTU EM DESLOCAMENTO;COM VÍTIMA;;0.0;0.0;0.0;1.0;0.0;0.0;0.0;0.0;0.0;1.0;;AV GOVERNADOR AGAMENON MAGALHAES;;;;ILHA JOANA BEZERRA;0.0;;;SUBURBIO;Viaduto;Bom;Não existe;Perfeito estado;Seca;Perfeito estado;Não existe;Não há placas;60 km/h;Dupla;Canteiro central;;;202206560,0
COLISÃO COM CICLISTA;FINALIZADA;2022-03-28;;TORRÕES;AV ENGENHEIRO ABDIAS DE CARVALHO;603,0;PROX A DLP E/F AO POSTO SHELL  S/T CID;COM VÍTIMA;;1.0;0.0;0.0;1.0;0.0;0.0;0.0;0.0;0.0;1.0;;;;;;TORRÕES;0.0;;;CIDADE;Longo da via;Bom;Não existe;Perfeito estado;Seca;Perfeito estado;Não existe;Outras;60 km/h;Dupla;Canteiro central;;;202206841,0
COLISÃO COM CICLISTA;FINALIZADA;2022-03-29;;IPSEP;RUA POTENGI;87,0;REF: PRAÇA DA MAURICEIA;COM VÍTIMA;;0.0;1.0;0.0;1.0;0.0;0.0;0.0;0.0;0.0;1.0;;RUA ARARAQUARA;;;;IPSEP;0.0;;;SUBURBIO;Cruzamento;Bom;Não existe;Incompleta;Seca;Perfeito estado;Não existe;Não há placas;;Única;Não existe;;;202206961,0
COLISÃO COM CICLISTA;FINALIZADA;2022-03-30;;SANTO ANTÔNIO;AV MARTINS DE BARROS;;PROX AO ITAU;COM VÍTIMA;;1.0;0.0;0.0;1.0;0.0;0.0;0.0;0.0;0.0;1.0;;;;;;SANTO ANTÔNIO;0.0;;194,0;SUBURBIO;Cruzamento;Bom;Sem defeito;Perfeito estado;Seca;Perfeito estado;Faixa de pedestre;Outras;30 km/h;Única;;;;202207057,0
COLISÃO COM CICLISTA;FINALIZADA;2022-03-31;;PINA;RUA MANOEL DE BRITO;711,0;EM FRENTE A FACULDADE IDE;COM VÍTIMA;;0.0;0.0;0.0;1.0;0.0;1.0;0.0;0.0;0.0;1.0;;AV CONSUL JOSEPH NOUJAIM;;;;PINA;0.0;;659,0;SUBURBIO;Cruzamento;Bom;Sem defeito;Perfeito estado;Seca;Perfeito estado;Não existe;R-6a;;Única;Não existe;;;202207151,0
COLISÃO COM CICLISTA;FINALIZADA;2022-04-08;;ÁGUA FRIA;AV BEBERIBE;2692,0;EM FRENTE A EQUIPADORA NÓS;COM VÍTIMA;;0.0;0.0;0.0;1.0;0.0;1.0;0.0;0.0;0.0;1.0;;;;;;ÁGUA FRIA;0.0;;307,0;SUBURBIO;Longo da via;Bom;Sem defeito;Perfeito estado;Seca;Perfeito estado;Faixa de pedestre;Outras;;Dupla;Faixa contínua;;;202207845,0
COLISÃO COM CICLISTA;FINALIZADA;2022-04-14;;CORDEIRO;AV CAXANGA;2015,0;AO LADO DA PRONTOCLÍNICA ODONTOLÓGICA VALÉRIA DIAS.;COM VÍTIMA;;0.0;0.0;0.0;1.0;0.0;1.0;0.0;0.0;0.0;1.0;;EST DO FORTE DO ARRAIAL N. DO B. JESUS;;;;CORDEIRO;0.0;;;CIDADE;Cruzamento;Bom;Não existe;Perfeito estado;Seca;Perfeito estado;Não existe;Outras;60 km/h;Dupla;Faixa contínua;Faixa seccionada;Canteiro central;202208294,0
COLISÃO COM CICLISTA;FINALIZADA;2022-04-20;;VÁRZEA;AV CAXANGA;;PRÓX. À UPA;COM VÍTIMA;;1.0;0.0;0.0;1.0;0.0;0.0;0.0;0.0;0.0;1.0;;RUA RIBEIRO PESSOA;;;;VÁRZEA;0.0;;281,0;SUBURBIO;Cruzamento;Chuvoso;Sem defeito;Perfeito estado;Molhada;Perfeito estado;Agente;Não há placas;60 km/h;Dupla;Canteiro central;;;202208725,0
COLISÃO COM CICLISTA;FINALIZADA;2022-04-22;;DERBY;PRC DO DERBY;;EM FRENTE O QUARTEL;COM VÍTIMA;;0.0;0.0;0.0;1.0;0.0;1.0;0.0;0.0;0.0;1.0;;RUA JENER DE SOUZA;;;;DERBY;0.0;;40,0;CIDADE;Cruzamento;Bom;Sem defeito;Perfeito estado;Seca;Perfeito estado;Faixa de pedestre;;50 km/h;Dupla;Faixa seccionada;Canteiro central;;202208847,0
COLISÃO TRASEIRA;FINALIZADA;2022-04-28;;BOA VIAGEM;RUA PADRE CARAPUCEIRO;3575,0;E/F A EMPRESARIAL RIO AVE;COM VÍTIMA;;2.0;0.0;0.0;1.0;0.0;0.0;0.0;0.0;0.0;1.0;;AV CONSELHEIRO AGUIAR;;;;BOA VIAGEM;0.0;;115,0;CIDADE;Cruzamento;Bom;Sem defeito;Perfeito estado;Seca;Perfeito estado;Faixa de pedestre;R-6a;60 km/h;Única;Faixa contínua;;;202209391,0
COLISÃO COM CICLISTA;FINALIZADA;2022-04-30;;JAQUEIRA;RUA LEONARDO BEZERRA CAVALCANTE;300,0;PRÓX. AO EDIFÍCIO ESTAÇÃO JAQUEIRA;COM VÍTIMA;;1.0;0.0;0.0;1.0;0.0;0.0;0.0;0.0;0.0;1.0;;;;;;JAQUEIRA;0.0;;;SUBURBIO;Esquina;Bom;Não existe;Incompleta;Seca;Perfeito estado;Não existe;;;Única;Faixa contínua;;;202209622,0
COLISÃO COM CICLISTA;CANCELADA;2022-04-30;;ESPINHEIRO;RUA DA HORA;;PRÓX. À PADARIA DONA MARIA - CASA DO PÃO;COM VÍTIMA;;1.0;0.0;0.0;1.0;0.0;0.0;0.0;0.0;0.0;1.0;;RUA SANTO ELIAS;;;;ESPINHEIRO;0.0;;;;;;;;;;;;;;;;;202209637,0
COLISÃO COM CICLISTA;FINALIZADA;2022-05-09;;DOIS UNIDOS;AV HILDEBRANDO DE VASCONCELOS;121,0;PROX. AO CANIL. ACADEMIA OXY;COM VÍTIMA;;0.0;0.0;0.0;1.0;0.0;1.0;0.0;0.0;0.0;1.0;;;;;;DOIS UNIDOS;0.0;;;CIDADE;Longo da via;Bom;Não existe;Não existente;Seca;Perfeito estado;Não existe;Não há placas;;Dupla;Não existe;;;202210389,0
QUEDA;FINALIZADA;2022-05-13;;SÃO JOSÉ;VDO DAS CINCO PONTAS;;;COM VÍTIMA;;0.0;0.0;0.0;1.0;0.0;0.0;0.0;0.0;0.0;1.0;;;;;;SÃO JOSÉ;0.0;;;;;;;;;;;;;;;;;202210868,0
COLISÃO COM CICLISTA;FINALIZADA;2022-05-14;;AFOGADOS;AV SUL;2372,0;NA SUBIDA DA PONTE. EM FRENTE AO TROCÃO;COM VÍTIMA;;0.0;0.0;0.0;1.0;0.0;1.0;0.0;0.0;0.0;1.0;;;;;;AFOGADOS;0.0;;39,0;CIDADE;Longo da via;Chuvoso;Sem defeito;Perfeito estado;Molhada;Perfeito estado;Não existe;Não há placas;;Única;Faixa seccionada;;;202210975,0
COLISÃO COM CICLISTA;FINALIZADA;2022-05-16;;SANTO AMARO;AV NORTE MIGUEL ARRAES DE ALENCAR;;EM CIMA DA PONTE;COM VÍTIMA;;1.0;0.0;0.0;1.0;0.0;0.0;0.0;0.0;0.0;1.0;;RUA AURORA;;;;SANTO AMARO;0.0;;243,0;SUBURBIO;Cruzamento;Bom;Sem defeito;Perfeito estado;Seca;Perfeito estado;Faixa de pedestre;R-6a;;Dupla;Faixa seccionada;Canteiro central;;202211114,0
COLISÃO COM CICLISTA;FINALIZADA;2022-05-17;;CORDEIRO;AV CAXANGA;1214,0;EM FRENTE A CASA FUNERARIA SANTA PAULA;COM VÍTIMA;;0.0;1.0;0.0;1.0;0.0;0.0;0.0;0.0;0.0;2.0;;RUA GREGORIO JUNIOR;;;;CORDEIRO;0.0;;236,0;SUBURBIO;Cruzamento;Bom;Sem defeito;Perfeito estado;Seca;Perfeito estado;Faixa de pedestre;Não há placas;60 km/h;Única;Faixa contínua;;;202211180,0
COLISÃO COM CICLISTA;FINALIZADA;2022-05-21;;TORRE;RUA PROFESSOR TRAJANO DE MENDONCA;;FARMÁCIA DROGASIL;COM VÍTIMA;;1.0;0.0;0.0;1.0;0.0;0.0;0.0;0.0;0.0;1.0;;;;;;TORRE;0.0;;;CIDADE;Longo da via;Bom;Não existe;Perfeito estado;Seca;Perfeito estado;Não existe;Não há placas;;Única;Faixa seccionada;;;202211575,0