tipo;situacao;data;hora;bairro;endereco;numero;complemento;natureza;descricao;auto;moto;ciclom;ciclista;pedestre;onibus;caminhao;viatura;outros;vitimas;natureza_acidente;detalhe_endereco_acidente;endereco_cruzamento;numero_cruzamento;referencia_cruzamento;bairro_cruzamento;vitimasfatais;DATA;num_semaforo;sentido_via;acidente_verificado;tempo_clima;situacao_semaforo;sinalizacao;condicao_via;conservacao_via;ponto_controle;situacao_placa;velocidade_max_via;mao_direcao;divisao_via1;divisao_via2;divisao_via3;Protocolo
COLISÃO COM CICLISTA;FINALIZADA;2022-05-23;;PINA;RUA MANOEL DE BRITO;243,0;LADO OPOSTO AO CORPUS MOTEL.;COM VÍTIMA;;1.0;0.0;0.0;1.0;0.0;0.0;0.0;0.0;0.0;1.0;;;;;;PINA;0.0;;;CIDADE;Longo da via;Bom;Não existe;Perfeito estado;Seca;Perfeito estado;Outros;Não há placas;;Única;Faixa seccionada;;;202211687,0
COLISÃO COM CICLISTA;FINALIZADA;2022-05-24;;VÁRZEA;AV CAXANGA;;SEMÁFORO 568;COM VÍTIMA;;0.0;0.0;0.0;1.0;0.0;1.0;0.0;0.0;0.0;1.0;;AV AFONSO OLINDENSE;;;;VÁRZEA;0.0;;568,0;SUBURBIO;Longo da via;Chuvoso;Sem defeito;Perfeito estado;Molhada;Perfeito estado;Faixa de pedestre;Outras;;Dupla;Faixa contínua;;;202211854,0
COLISÃO COM CICLISTA;FINALIZADA;2022-06-02;;ILHA DO RETIRO;AV ENGENHEIRO ABDIAS DE CARVALHO;;EM FRENTE AO CLUBE DO SPORT,  MC DONALDS;COM VÍTIMA;;0.0;1.0;0.0;1.0;0.0;0.0;0.0;0.0;0.0;2.0;;AV JOSE GONCALVES DE MEDEIROS;;;;ILHA DO RETIRO;0.0;;355,0;SUBURBIO;Cruzamento;Bom;Sem defeito;Perfeito estado;Molhada;Perfeito estado;Faixa de pedestre;Não há placas;60 km/h;Dupla;Canteiro central;;;202212461,0
COLISÃO COM CICLISTA;FINALIZADA;2022-06-06;;TEJIPIÓ;RUA GENERAL MANUEL RABELO;498,0;EM FRENTE A PRAÇA DO PACHECO;COM VÍTIMA;;1.0;1.0;0.0;1.0;0.0;0.0;0.0;0.0;0.0;3.0;;;;;;TEJIPIÓ;0.0;;;SUBURBIO;Longo da via;Chuvoso;Não existe;Perfeito estado;Molhada;Perfeito estado;Não existe;Não há placas;;Dupla;Faixa contínua;;;202212790,0
COLISÃO FRONTAL;CANCELADA;2022-06-09;;PINA;AV ENGENHEIRO DOMINGOS FERREIRA;1274,0;E/F A CASA PRONTA, COLISAO ENTRE AUTO E ONIBUS E CICLISTA  COM UMA VITINMA ,  -  PGQ 7710 ONIBUS DA BORBOREMA / PCI 2794 ETIOS;COM VÍTIMA;;1.0;0.0;0.0;1.0;0.0;1.0;0.0;0.0;0.0;1.0;;;;;;PINA;0.0;;;SUBURBIO;;;;;;;;;;;;;;202213212,0
COLISÃO TRANSVERSAL;FINALIZADA;2022-06-10;;CAMPO GRANDE;AV GOVERNADOR AGAMENON MAGALHAES;;;COM VÍTIMA;;2.0;0.0;0.0;1.0;0.0;0.0;0.0;0.0;0.0;2.0;;RUA ODORICO MENDES;;;;CAMPO GRANDE;0.0;;49,0;CIDADE;Cruzamento;Bom;Com defeito;Perfeito estado;Seca;Perfeito estado;Outros;Outras;;Dupla;Faixa contínua;;;202213269,0
COLISÃO COM CICLISTA;FINALIZADA;2022-06-11;;JAQUEIRA;RUA PADRE ROMA;;ANTES DO HOSPITAL ALBERT SABIN NO SEMAFORO 223;COM VÍTIMA;;0.0;0.0;0.0;1.0;0.0;1.0;0.0;0.0;0.0;1.0;;RUA DO FUTURO;;;;JAQUEIRA;0.0;;223,0;SUBURBIO;Longo da via;Chuvoso;Sem defeito;Perfeito estado;Molhada;Perfeito estado;Faixa de retenção;R-4b;;Dupla;Canteiro central;;;202213388,0
COLISÃO COM CICLISTA;FINALIZADA;2022-06-14;;BONGI;AV ENGENHEIRO ABDIAS DE CARVALHO;;EM FRENTE À BIG CAR;COM VÍTIMA;;0.0;1.0;0.0;1.0;0.0;0.0;0.0;0.0;0.0;1.0;;RUA CARLOS GOMES;;;;BONGI;0.0;;57,0;CIDADE;Cruzamento;Bom;Sem defeito;Perfeito estado;Seca;Perfeito estado;Não existe;Não há placas;30 km/h;Única;Não existe;;;202213556,0
COLISÃO COM CICLISTA;FINALIZADA;2022-06-15;;SAN MARTIN;AV GENERAL SAN MARTIN;2482,0;EM FRENTE A CLINICA AMOR DE BICHO. FERRO VELHO REI DA SUCATA.;COM VÍTIMA;;1.0;0.0;0.0;1.0;0.0;0.0;0.0;0.0;0.0;1.0;;;;;;SAN MARTIN;0.0;;;SUL;Longo da via;Bom;Não existe;Perfeito estado;Seca;Perfeito estado;Não existe;Não há placas;40 km/h;Dupla;Faixa seccionada;;;202213705,0
COLISÃO COM CICLISTA;CANCELADA;2022-06-18;;CASA FORTE;AV DEZESSETE DE AGOSTO;;NO SEMÁFORO 469;COM VÍTIMA;;0.0;1.0;0.0;1.0;0.0;0.0;0.0;0.0;0.0;1.0;;;;;;CASA FORTE;0.0;;469,0;;;;;;;;;;;;;;;202214001,0
COLISÃO COM CICLISTA;FINALIZADA;2022-06-22;;GRAÇAS;PRC DO ENTRONCAMENTO;50,0;LA LHAMBRA;COM VÍTIMA;;1.0;0.0;0.0;2.0;0.0;0.0;0.0;0.0;0.0;1.0;;;;;;GRAÇAS;0.0;;;;;;;;;;;;;;;;;202214390,0
COLISÃO COM CICLISTA;FINALIZADA;2022-06-25;;AREIAS;AV TENENTE FELIPE BANDEIRA DE MELO;97,0;EM FRENTE A ESQUINA DO MALTE;COM VÍTIMA;;1.0;0.0;0.0;1.0;0.0;0.0;0.0;0.0;0.0;1.0;;RUA ANTONIO PINHEIRO;;;;AREIAS;0.0;;;SUBURBIO;Longo da via;Bom;;;Seca;Perfeito estado;;;;Dupla;Não existe;;;202214539,0
COLISÃO COM CICLISTA;FINALIZADA;2022-06-27;;JIQUIÁ;AV DR JOSE RUFINO;2181,0;PONTE DO IOLANDA;COM VÍTIMA;;1.0;0.0;0.0;1.0;0.0;0.0;0.0;0.0;0.0;1.0;;;;;;JIQUIÁ;0.0;;;CIDADE;Ponte;Bom;Não existe;Perfeito estado;Seca;Perfeito estado;Não existe;R-6a;60 km/h;Dupla;Faixa seccionada;;;202214591,0
COLISÃO COM CICLISTA;FINALIZADA;2022-07-01;;CORDEIRO;AV CAXANGA;1319,0;EM FRENTE AO BRADESCO;COM VÍTIMA;;0.0;0.0;0.0;1.0;0.0;1.0;0.0;0.0;0.0;1.0;;;;;;CORDEIRO;0.0;;80,0;CIDADE;Longo da via;Bom;Sem defeito;Perfeito estado;Seca;Perfeito estado;Não existe;;;Dupla;Faixa contínua;Faixa seccionada;Canteiro central;202215019,0
COLISÃO COM CICLISTA;FINALIZADA;2022-07-01;;JOANA BEZERRA;AV MARTIN LUTHER KING;;AO LADO DA ACADEMIA DA CIDADE;COM VÍTIMA;;1.0;0.0;0.0;1.0;0.0;0.0;0.0;0.0;0.0;1.0;;;;;;JOANA BEZERRA;0.0;;;;;;;;;;;;;;;;;202215029,0
COLISÃO COM CICLISTA;FINALIZADA;2022-07-01;;IMBIRIBEIRA;AV GENERAL MAC ARTHUR;;PRÓXIMO AO LE PARC;COM VÍTIMA;;1.0;0.0;0.0;1.0;0.0;0.0;0.0;0.0;0.0;1.0;;AV DOM JOAO VI;;;;IMBIRIBEIRA;0.0;;;SUBURBIO;Esquina;Bom;Não existe;Perfeito estado;Seca;Perfeito estado;Não existe;"Placas ""Pare""";;Única;Faixa seccionada;;;202215056,0
COLISÃO COM CICLISTA;FINALIZADA;2022-07-07;;BOA VIAGEM;RUA VISCONDE DE JEQUITINHONHA;;SEM. 433 - CRUZAMENTO C/A RUA CAP ZUZINHA;COM VÍTIMA;;0.0;0.0;0.0;1.0;0.0;1.0;0.0;0.0;0.0;1.0;;RUA CAPITAO ZUZINHA;;;;BOA VIAGEM;0.0;;433,0;;Cruzamento;Bom;Sem defeito;Perfeito estado;Seca;Perfeito estado;;Outras;;;;;;202215475,0
COLISÃO COM CICLISTA;FINALIZADA;2022-07-08;;IPUTINGA;EST DO BARBALHO;532,0;EM FRENTE A CARLOS PEÇAS;COM VÍTIMA;;0.0;1.0;0.0;1.0;0.0;0.0;0.0;0.0;0.0;1.0;;;;;;IPUTINGA;0.0;;;CIDADE;Longo da via;Bom;Não existe;Incompleta;Seca;Perfeito estado;Não existe;Não há placas;;Única;Não existe;;;202215611,0
COLISÃO COM CICLISTA;FINALIZADA;2022-07-15;;SAN MARTIN;AV GENERAL SAN MARTIN;2489,0;PRÓXIMO A RUA TENENTE MINDELO;COM VÍTIMA;;1.0;0.0;0.0;1.0;0.0;0.0;0.0;0.0;0.0;1.0;;;;;;SAN MARTIN;0.0;;;SUBURBIO;Longo da via;Chuvoso;Não existe;Perfeito estado;Molhada;;;;;Dupla;Não existe;;;202216190,0
COLISÃO COM CICLISTA;FINALIZADA;2022-07-19;;ESPINHEIRO;AV CONS ROSA E SILVA;;AO LADO DA EXTRAFARMA;COM VÍTIMA;;0.0;1.0;0.0;1.0;0.0;0.0;0.0;0.0;0.0;1.0;;RUA AMELIA;;;;ESPINHEIRO;0.0;;46,0;SUBURBIO;Cruzamento;Bom;Sem defeito;Perfeito estado;Seca;Perfeito estado;Faixa de pedestre;Outras;;Única;Faixa contínua;;;202216469,0
COLISÃO COM CICLISTA;FINALIZADA;2022-07-20;;SANTO ANTÔNIO;RUA FLORIANO PEIXOTO;;PRÓX. AO BRADESCO;COM VÍTIMA;;1.0;0.0;0.0;1.0;0.0;0.0;0.0;0.0;0.0;1.0;;PRC JOAQUIM NABUCO;;;;SANTO ANTÔNIO;0.0;;;;Cruzamento;Bom;Não existe;Ilegível;Seca;Mal conservada;Não existe;Não há placas;;Única;Faixa seccionada;;;202216483,0
COLISÃO COM CICLISTA;FINALIZADA;2022-07-20;;IPSEP;AV RECIFE;;E/F AO ARMAZEM CORAL S/T BOA VIAGEM;COM VÍTIMA;;1.0;0.0;0.0;1.0;0.0;0.0;0.0;0.0;0.0;1.0;;AV DOM HELDER CAMARA;;;;IPSEP;0.0;;55,0;;Cruzamento;Bom;Sem defeito;Perfeito estado;Seca;Perfeito estado;Agente;Outras;60 km/h;Dupla;Canteiro central;;;202216516,0
COLISÃO COM CICLISTA;FINALIZADA;2022-07-23;;SANTO AMARO;AV GOVERNADOR AGAMENON MAGALHAES;;EM FRENTE A REITORIA DA UPE SENTIDO OLINDA;COM VÍTIMA;;1.0;0.0;0.0;1.0;0.0;0.0;0.0;0.0;0.0;1.0;;;;;;SANTO AMARO;0.0;;465,0;SUBURBIO;Cruzamento;Chuvoso;Intermitente;Perfeito estado;Molhada;Perfeito estado;Faixa de pedestre;Outras;60 km/h;Dupla;Canal;;;202216764,0
COLISÃO COM CICLISTA;FINALIZADA;2022-07-25;;GRAÇAS;RUA AMELIA;330,0;NO SEMÁFORO 177,  EDIFICIL JOAQUIM DE BRITO;COM VÍTIMA;;0.0;1.0;0.0;1.0;0.0;0.0;0.0;0.0;0.0;1.0;;RUA JOAO RAMOS;;;;GRAÇAS;0.0;;177,0;CIDADE;Cruzamento;Bom;Sem defeito;Perfeito estado;Seca;Perfeito estado;Faixa de pedestre;R-25d;;Única;Faixa seccionada;;;202216957,0
COLISÃO COM CICLISTA;FINALIZADA;2022-07-27;;MANGABEIRA;RUA DA MANGABEIRA;;NA SUBIDA DO ALTO JOSÉ DO PINHO. VT 07 SE ENCONTRA NO LOCAL;COM VÍTIMA;;1.0;0.0;0.0;1.0;0.0;0.0;0.0;0.0;0.0;1.0;;AV NORTE MIGUEL ARRAES DE ALENCAR;;;;MANGABEIRA;0.0;;96,0;;Esquina;Bom;Sem defeito;Incompleta;Seca;Outros;Faixa de pedestre;Outras;;Dupla;Canteiro central;;;202217098,0
;DUPLICIDADE;2022-07-29;;SÍTIO DOS PINTOS;;;;COM VÍTIMA;;1.0;0.0;0.0;1.0;0.0;0.0;0.0;0.0;0.0;1.0;;;;;;SÍTIO DOS PINTOS;0.0;;;;;;;;;;;;;;;;;202217235,0
COLISÃO COM CICLISTA;FINALIZADA;2022-07-29;;VÁRZEA;RUA RIBEIRO PESSOA;345,0;PROX HOTEL TURQUESA;COM VÍTIMA;;1.0;0.0;0.0;1.0;0.0;0.0;0.0;0.0;0.0;1.0;;;;;;VÁRZEA;0.0;;;SUBURBIO;Longo da via;Bom;Não existe;Perfeito estado;Seca;Perfeito estado;Não existe;Não há placas;;Dupla;Faixa seccionada;;;202217238,0
COLISÃO COM CICLISTA;FINALIZADA;2022-07-29;;IPSEP;RUA ADERBAL DE MELO;135,0;DE ESQUINA COM RESTAURANTE CHAMBARIL E FEIJOADA DO JOÃO, MOTORISTA  COLIDIU COM UM CICLISTA E JÁ FOI ACIOANDO O SAMU, PDV4367 FIAT PRATA.;COM VÍTIMA;;1.0;0.0;0.0;1.0;0.0;0.0;0.0;0.0;0.0;1.0;;RUA HELIO BRANDAO;;;;IPSEP;0.0;;;SUBURBIO;Cruzamento;Bom;Não existe;Incompleta;Seca;Perfeito estado;Não existe;"Placas ""Pare""";;Dupla;Não existe;;;202217284,0
COLISÃO COM CICLISTA;FINALIZADA;2022-08-02;;MADALENA;AV CAXANGA;;PRÓXIMO AO TÚNEL DA ABOLIÇÃO;COM VÍTIMA;;0.0;1.0;0.0;1.0;0.0;0.0;0.0;0.0;0.0;2.0;;RUA JOAO IVO DA SILVA;;;;MADALENA;0.0;;257,0;CIDADE;Longo da via;Bom;Sem defeito;Perfeito estado;Seca;Perfeito estado;Faixa de pedestre;Outras;;Dupla;Faixa contínua;;;202217638,0
COLISÃO COM CICLISTA;FINALIZADA;2022-08-04;;CORDEIRO;EST DO FORTE DO ARRAIAL N. DO B. JESUS;922,0;EM FRENTE A PEIXARIA  PAPESCANDO;COM VÍTIMA;;1.0;0.0;0.0;1.0;0.0;0.0;0.0;0.0;0.0;1.0;;;;;;CORDEIRO;0.0;;;;Longo da via;Bom;Não existe;Perfeito estado;Seca;Perfeito estado;Não existe;Não há placas;40 km/h;Dupla;Faixa contínua;;;202217803,0
COLISÃO COM CICLISTA;FINALIZADA;2022-08-09;;SANTO AMARO;RUA DOS PALMARES;225,0;EM FRENTE AO JULIÃO;COM VÍTIMA;;1.0;0.0;0.0;1.0;0.0;0.0;0.0;0.0;0.0;1.0;;RUA ARNOBIO MARQUES;;;;SANTO AMARO;0.0;;;SUBURBIO;Cruzamento;Bom;Não existe;Perfeito estado;Seca;Perfeito estado;Faixa de pedestre;Outras;;Única;Faixa seccionada;;;202218345,0
COLISÃO COM CICLISTA;FINALIZADA;2022-08-09;;TAMARINEIRA;RUA PADRE ROMA;;EM FRENTE AO HOSPITAL ALBERT SABIN;COM VÍTIMA;;0.0;1.0;0.0;1.0;0.0;0.0;0.0;0.0;0.0;1.0;;RUA DO FUTURO;;;;TAMARINEIRA;0.0;;;;Cruzamento;Bom;Sem defeito;Perfeito estado;Seca;Perfeito estado;Faixa de pedestre;Não há placas;40 km/h;Única;Faixa seccionada;;;202218373,0
COLISÃO COM CICLISTA;FINALIZADA;2022-08-14;;ÁGUA FRIA;AV BEBERIBE;2584,0;PROX AO PAGODE DA PRESSÃO;COM VÍTIMA;;0.0;0.0;0.0;1.0;0.0;1.0;0.0;0.0;0.0;1.0;;;;;;ÁGUA FRIA;0.0;;;SUBURBIO;Longo da via;Bom;Não existe;Perfeito estado;Seca;Perfeito estado;Não existe;R-6a;;Dupla;Faixa seccionada;;;202218776,0
COLISÃO COM CICLISTA;FINALIZADA;2022-08-20;;PINA;AV ENGENHEIRO DOMINGOS FERREIRA;1097,0;;COM VÍTIMA;;0.0;1.0;0.0;1.0;0.0;0.0;0.0;0.0;0.0;1.0;;;;;;PINA;0.0;;200,0;SUBURBIO;Cruzamento;Bom;Sem defeito;Perfeito estado;Seca;Perfeito estado;Não existe;R-6a;60 km/h;Única;Canteiro central;;;202219414,0
COLISÃO COM CICLISTA;FINALIZADA;2022-08-21;;GRAÇAS;RUA DA AMIZADE;67,0;EM FRENTE A PADARIA VILA DA AMIZADE;COM VÍTIMA;;1.0;0.0;0.0;1.0;0.0;0.0;0.0;0.0;0.0;1.0;;;;;;GRAÇAS;0.0;;;;Longo da via;Bom;Não existe;Perfeito estado;Seca;Perfeito estado;Não existe;Não há placas;30 km/h;Única;Não existe;;;202219441,0
COLISÃO COM CICLISTA;FINALIZADA;2022-08-21;;BOA VIAGEM;RUA BALTAZAR PASSOS;;POSTO BR;COM VÍTIMA;;1.0;0.0;0.0;1.0;0.0;0.0;0.0;0.0;0.0;1.0;;RUA COSMORAMA;;;;BOA VIAGEM;0.0;;556,0;LESTE;Cruzamento;Bom;Sem defeito;Perfeito estado;Seca;Perfeito estado;Faixa de pedestre;Não há placas;;Única;Faixa contínua;;;202219467,0
COLISÃO COM CICLISTA;FINALIZADA;2022-08-28;;PARNAMIRIM;AV NORTE MIGUEL ARRAES DE ALENCAR;4223,0;;COM VÍTIMA;;0.0;1.0;0.0;1.0;0.0;0.0;0.0;0.0;0.0;1.0;;RUA GOMES COUTINHO;;;;PARNAMIRIM;0.0;;;CIDADE;Cruzamento;Bom;Sem defeito;Perfeito estado;Seca;Perfeito estado;Faixa de pedestre;R-6a;;Dupla;Canteiro central;;;202220141,0
COLISÃO COM CICLISTA;FINALIZADA;2022-09-01;;IMBIRIBEIRA;AV MARECHAL MASCARENHAS DE MORAES;;EM FRENTE A FACULDADE UNIVERSO;COM VÍTIMA;;0.0;1.0;0.0;1.0;0.0;0.0;0.0;0.0;0.0;1.0;;;;;;IMBIRIBEIRA;0.0;;501,0;CIDADE;Longo da via;Bom;Sem defeito;Perfeito estado;Seca;Perfeito estado;Faixa de pedestre;Outras;60 km/h;Única;Faixa contínua;;;202220455,0
COLISÃO COM CICLISTA;CANCELADA;2022-09-02;;GRAÇAS;RUA DO FUTURO;;BEM NO CRUZAMENTO DAS RUAS;COM VÍTIMA;;1.0;0.0;0.0;1.0;0.0;0.0;0.0;0.0;0.0;1.0;;RUA AMELIA;;;;GRAÇAS;0.0;;;;;;;;;;;;;;;;;202220628,0
COLISÃO TRASEIRA;FINALIZADA;2022-09-03;;JIQUIÁ;AV JOAO CABRAL DE MELO NETO;756,0;COLISÃO ENTRE DOIS VEÍCULOS;COM VÍTIMA;;1.0;0.0;0.0;1.0;0.0;0.0;0.0;0.0;0.0;1.0;;AV RECIFE;;;;JIQUIÁ;0.0;;;SUBURBIO;Longo da via;Bom;Não existe;Perfeito estado;Seca;Perfeito estado;Não existe;Não há placas;;Dupla;Canteiro central;;;202220721,0
COLISÃO COM CICLISTA;FINALIZADA;2022-09-11;;BOA VIAGEM;RUA BARAO DE SOUZA LEAO;;E/F AO BOA VIAGEM MEDICAL CENTER;COM VÍTIMA;;0.0;0.0;0.0;1.0;0.0;1.0;0.0;0.0;0.0;1.0;;AV ENGENHEIRO DOMINGOS FERREIRA;;;;BOA VIAGEM;0.0;;129,0;SUBURBIO;Cruzamento;Bom;Sem defeito;Perfeito estado;Seca;Perfeito estado;Faixa de pedestre;Outras;;Única;Faixa seccionada;;;202221449,0
COLISÃO COM CICLISTA;FINALIZADA;2022-09-13;;AFOGADOS;RUA VINTE E UM DE ABRIL;1254,0;PROX. AO ARMAZEM CONSTRUAÇO;COM VÍTIMA;;0.0;1.0;0.0;1.0;0.0;0.0;0.0;0.0;0.0;1.0;;AV MANOEL GONCALVES DA LUZ;;;;AFOGADOS;0.0;;245,0;CIDADE;Longo da via;Bom;Sem defeito;Incompleta;Seca;Mal conservada;Faixa de pedestre;Não há placas;40 km/h;Dupla;Faixa seccionada;Faixa contínua;;202221605,0
COLISÃO COM CICLISTA;FINALIZADA;2022-09-13;;CORDEIRO;AV CAXANGA;2319,0;SOB O SEMÁFORO: 235;COM VÍTIMA;;1.0;0.0;0.0;1.0;0.0;0.0;0.0;0.0;0.0;1.0;;RUA CLAUDIO BROTHERHOOD;;;;CORDEIRO;0.0;;235,0;CIDADE;Outros;Bom;Sem defeito;Ilegível;Seca;Perfeito estado;Outros;Não há placas;60 km/h;Única;Faixa seccionada;;;202221611,0
COLISÃO COM CICLISTA;CANCELADA;2022-09-16;;BONGI;EST DO BONGI;;E/F A IGREJA BATISTA DO BONGI;COM VÍTIMA;;1.0;0.0;0.0;1.0;0.0;0.0;0.0;0.0;0.0;1.0;;;;;;BONGI;0.0;;;;;;;;;;;;;;;;;202221998,0
COLISÃO COM CICLISTA;FINALIZADA;2022-09-16;;SANTO ANTÔNIO;PTE DO LIMOEIRO;;EM FRENTE AO ANTIGO DE COVID-19 DO RECIFE;COM VÍTIMA;;0.0;1.0;0.0;1.0;0.0;0.0;0.0;0.0;0.0;2.0;;;;;;SANTO ANTÔNIO;0.0;;243,0;CIDADE / PREFEITURA DO RECIFE;Longo da via;Bom;Sem defeito;Perfeito estado;Seca;Perfeito estado;Faixa de pedestre;Não há placas;60 km/h;Dupla;Faixa contínua;;;202222007,0
COLISÃO COM CICLISTA;FINALIZADA;2022-09-17;;BOA VIAGEM;RUA BALTAZAR PASSOS;;BEIRA CANAL  NO SEMAFORO 154;COM VÍTIMA;;1.0;0.0;0.0;1.0;0.0;0.0;0.0;0.0;0.0;1.0;;RUA VISCONDE DE JEQUITINHONHA;;;;BOA VIAGEM;0.0;;154,0;SUBURBIO;Cruzamento;Bom;Sem defeito;Perfeito estado;Seca;Perfeito estado;Faixa de pedestre;Outras;40 km/h;Única;Faixa contínua;;;202222094,0
COLISÃO FRONTAL;FINALIZADA;2022-09-19;;ARRUDA;AV BEBERIBE;1628,0;APÓS O ARMAZÉM CORAL;COM VÍTIMA;;0.0;0.0;0.0;1.0;0.0;1.0;0.0;0.0;0.0;2.0;;RUA SAO BENTO;;;;ARRUDA;0.0;;64,0;CIDADE;Esquina;Bom;Sem defeito;Perfeito estado;Seca;Perfeito estado;Faixa de pedestre;R-6a;30 km/h;Dupla;Faixa contínua;Outros;;202222200,0
COLISÃO COM CICLISTA;FINALIZADA;2022-09-22;;IMBIRIBEIRA;AV PRESIDENTE DUTRA;347,0;APÓS O RESTAURANTE SAL E BRASA;COM VÍTIMA;;0.0;1.0;0.0;1.0;0.0;0.0;0.0;0.0;0.0;1.0;;;;;;IMBIRIBEIRA;0.0;;;;Longo da via;Bom;Não existe;Perfeito estado;Seca;Perfeito estado;Não existe;Outras;;Dupla;Canteiro central;;;202222505,0
COLISÃO COM CICLISTA;CANCELADA;2022-09-23;;AREIAS;AV RECIFE;;EM FRENTE AO RESTAURANTE PAJUÇARA;COM VÍTIMA;;0.0;1.0;0.0;1.0;0.0;0.0;0.0;0.0;0.0;3.0;;;;;;AREIAS;0.0;;;SUBURBIO;;;;;;;;;;;;;;202222651,0
COLISÃO COM CICLISTA;FINALIZADA;2022-10-03;;SÃO JOSÉ;TRV DO RAPOSO;;NO PONTILÃO;COM VÍTIMA;;1.0;0.0;0.0;1.0;0.0;0.0;0.0;0.0;0.0;1.0;;;;;;SÃO JOSÉ;0.0;;;;Cruzamento;Bom;Não existe;Não existente;Seca;Mal iluminada;Não existe;Não há placas;;Dupla;Não existe;;;202223479,0
COLISÃO COM CICLISTA;FINALIZADA;2022-10-08;;SANTO AMARO;PTE PRINCESA IZABEL;;TEATRO SANTA IZABEL;COM VÍTIMA;;0.0;0.0;0.0;1.0;0.0;0.0;1.0;0.0;0.0;1.0;;;;;;SANTO AMARO;0.0;;;CIDADE;Longo da via;Bom;Não existe;Perfeito estado;Seca;Perfeito estado;Não existe;R-6a;;Única;Faixa seccionada;;;202223884,0
COLISÃO COM CICLISTA;FINALIZADA;2022-10-11;;MADALENA;RUA REAL DA TORRE;907,0;WIZARD ESCOLA INGLÊS;COM VÍTIMA;;1.0;0.0;0.0;1.0;0.0;0.0;0.0;0.0;0.0;1.0;;;;;;MADALENA;0.0;;;;Longo da via;Bom;Não existe;Perfeito estado;Seca;Outros;Não existe;Não há placas;60 km/h;Única;Faixa seccionada;;;202224129,0
COLISÃO COM CICLISTA;FINALIZADA;2022-10-14;;BOA VISTA;AV CONDE DA BOA VISTA;;PROX AO SEMÁFORO 027;COM VÍTIMA;;0.0;0.0;0.0;1.0;0.0;1.0;0.0;0.0;0.0;1.0;;RUA DOM BOSCO;;;;BOA VISTA;0.0;;27,0;SUBURBIO;Longo da via;Bom;Sem defeito;Perfeito estado;Seca;Perfeito estado;Faixa de pedestre;Não há placas;60 km/h;Dupla;Canteiro central;;;202224451,0
COLISÃO COM CICLISTA;FINALIZADA;2022-10-17;;AFOGADOS;AV SUL;;PISTA PRINCIPAL;COM VÍTIMA;;0.0;0.0;0.0;1.0;0.0;1.0;0.0;0.0;0.0;1.0;;;;;;AFOGADOS;0.0;;205,0;;Longo da via;Bom;Não existe;Perfeito estado;Seca;Perfeito estado;Não existe;Não há placas;;Dupla;Canteiro central;;;202224649,0
COLISÃO COM CICLISTA;FINALIZADA;2022-10-19;;CAXANGÁ;AV CAXANGA;4951,0;GOLF MOTOS;COM VÍTIMA;;0.0;1.0;0.0;1.0;0.0;0.0;0.0;0.0;0.0;2.0;;;;;;CAXANGÁ;0.0;;;;Longo da via;Bom;Não existe;Perfeito estado;Seca;Perfeito estado;;;60 km/h;Dupla;;;;202224770,0
COLISÃO COM CICLISTA;FINALIZADA;2022-10-20;;BOA VIAGEM;RUA COSMORAMA;;SEMAFORO 556, PROX. AO COLEGIO MADRE DE DEUS;COM VÍTIMA;;0.0;0.0;0.0;1.0;0.0;1.0;0.0;0.0;0.0;1.0;;RUA BALTAZAR PASSOS;;;;BOA VIAGEM;0.0;;556,0;CIDADE;Cruzamento;Bom;Sem defeito;Perfeito estado;Seca;Perfeito estado;Faixa de pedestre;Outras;;Única;Não existe;;;202224845,0
COLISÃO COM CICLISTA;FINALIZADA;2022-10-21;;BOA VIAGEM;AVENIDA CELSO FURTADO (VIA MANGUE);;POR TRAS DO ANTIGO EXTRA/ SENTIDO PIEDADE;COM VÍTIMA;;0.0;1.0;0.0;1.0;0.0;0.0;0.0;0.0;0.0;2.0;;;;;;BOA VIAGEM;0.0;;;SUBURBIO;Longo da via;Bom;Não existe;Perfeito estado;Seca;Perfeito estado;Não existe;Outras;60 km/h;Única;Faixa seccionada;;;202224997,0