tipo;situacao;data;hora;bairro;endereco;numero;complemento;natureza;descricao;auto;moto;ciclom;ciclista;pedestre;onibus;caminhao;viatura;outros;vitimas;natureza_acidente;detalhe_endereco_acidente;endereco_cruzamento;numero_cruzamento;referencia_cruzamento;bairro_cruzamento;vitimasfatais;DATA;num_semaforo;sentido_via;acidente_verificado;tempo_clima;situacao_semaforo;sinalizacao;condicao_via;conservacao_via;ponto_controle;situacao_placa;velocidade_max_via;mao_direcao;divisao_via1;divisao_via2;divisao_via3;Protocolo
COLISÃO COM CICLISTA;FINALIZADA;2022-10-22;;JOANA BEZERRA;VIADUTO CAPITAO TEMUDO;;NA DESCIDA DO VIADUTO;COM VÍTIMA;;0.0;1.0;0.0;1.0;0.0;0.0;0.0;0.0;0.0;2.0;;;;;;JOANA BEZERRA;0.0;;;;Longo da via;Bom;Não existe;Perfeito estado;Seca;Perfeito estado;Não existe;Não há placas;60 km/h;Dupla;Canteiro central;;;202225077,0
TOMBAMENTO;FINALIZADA;2022-10-23;;BOA VISTA;RUA DA SOLEDADE;257,0;EM FRENTE AO INSTITUTO EMBELEZE;COM VÍTIMA;;0.0;0.0;0.0;1.0;0.0;0.0;0.0;0.0;0.0;1.0;;;;;;BOA VISTA;0.0;;;;Longo da via;Bom;Sem defeito;Perfeito estado;Seca;Mal conservada;Outros;R-6a;;Única;Faixa seccionada;;;202225135,0
COLISÃO COM CICLISTA;CANCELADA;2022-10-24;;BARRO;RUA AMADOR ARAUJO;115,0;;COM VÍTIMA;;0.0;0.0;0.0;1.0;0.0;0.0;0.0;0.0;0.0;1.0;;;;;;BARRO;0.0;;;;;;;;;;;;;;;;;202225260,0
COLISÃO COM CICLISTA;FINALIZADA;2022-10-25;;IMBIRIBEIRA;AV MARECHAL MASCARENHAS DE MORAES;3402,0;SAMIS CLUB / SUPERMERCADO DESCONTÃO;COM VÍTIMA;;0.0;0.0;0.0;1.0;0.0;0.0;1.0;0.0;0.0;1.0;;;;;;IMBIRIBEIRA;0.0;;;SUBURBIO;Longo da via;Bom;Não existe;Não existente;Seca;Perfeito estado;Não existe;Não há placas;60 km/h;Única;Faixa contínua;;;202225330,0
COLISÃO COM CICLISTA;FINALIZADA;2022-10-25;;PARNAMIRIM;RUA PADRE ROMA;259,0;RESTAURANTE FACA;COM VÍTIMA;;1.0;0.0;0.0;1.0;0.0;0.0;0.0;0.0;0.0;1.0;;RUA SEBASTIAO ALVES;;;;PARNAMIRIM;0.0;;;SUBURBIO;Cruzamento;Bom;Não existe;Perfeito estado;Seca;Perfeito estado;Faixa de pedestre;Outras;;Única;Faixa seccionada;Outros;;202225331,0
COLISÃO COM CICLISTA;FINALIZADA;2022-10-26;;IBURA;RUA RIO BRIGIDA;588,0;E/F A FARMACIA DIARIAMENTE;COM VÍTIMA;;1.0;0.0;0.0;1.0;0.0;0.0;0.0;0.0;0.0;1.0;;;;;;IBURA;0.0;;;SUBURBIO;Longo da via;Bom;Não existe;Perfeito estado;Seca;Perfeito estado;Não existe;Não há placas;30 km/h;Única;Não existe;;;202225424,0
ATROPELAMENTO DE PESSOA;CANCELADA;2022-10-28;;SAN MARTIN;AV RECIFE;;AÇAI ATACADISTA;COM VÍTIMA;;1.0;0.0;0.0;1.0;0.0;0.0;0.0;0.0;0.0;1.0;;;;;;SAN MARTIN;0.0;;;;;;;;;;;;;;;;;202225587,0
COLISÃO COM CICLISTA;FINALIZADA;2022-10-28;;ESTÂNCIA;AV JOAO CABRAL DE MELO NETO;2000,0;AO LADO DO LABORATÓRIO CERPE;COM VÍTIMA;;1.0;0.0;0.0;1.0;0.0;0.0;0.0;0.0;0.0;1.0;;;;;;ESTÂNCIA;0.0;;259,0;CIDADE;Longo da via;Bom;Sem defeito;Perfeito estado;Seca;Perfeito estado;Agente;Outras;60 km/h;;Canteiro central;;;202225594,0
COLISÃO COM CICLISTA;FINALIZADA;2022-10-28;;BOA VISTA;RUA SETE DE SETEMBRO;187,0;AV CONDE DA BOA VISTA;COM VÍTIMA;;0.0;0.0;0.0;1.0;0.0;1.0;0.0;0.0;0.0;1.0;;AV CONDE DA BOA VISTA;;;;BOA VISTA;0.0;;486,0;CIDADE;Longo da via;Bom;Sem defeito;Perfeito estado;Seca;Perfeito estado;Faixa de pedestre;Outras;40 km/h;Dupla;Faixa contínua;Faixa seccionada;Canteiro central;202225636,0
COLISÃO COM CICLISTA;FINALIZADA;2022-10-29;;ESTÂNCIA;AV RECIFE;5453,0;EM FRENTE AO ANTIGO CAFE ROYAL, SENT. BOA VIAGEM;COM VÍTIMA;;1.0;0.0;0.0;1.0;0.0;1.0;0.0;0.0;0.0;1.0;;;;;;ESTÂNCIA;0.0;;;;Longo da via;Bom;Não existe;Perfeito estado;Seca;Perfeito estado;Não existe;Não há placas;60 km/h;Única;Faixa seccionada;;;202225679,0
COLISÃO COM CICLISTA;FINALIZADA;2022-10-30;;JOANA BEZERRA;RUA DES RODOLFO AURELIANO;;PROX A ACADEMIA DA CIDADE;COM VÍTIMA;;1.0;0.0;0.0;1.0;0.0;0.0;0.0;0.0;0.0;1.0;;;;;;JOANA BEZERRA;0.0;;;;;;;;;;;;;;;;;202225773,0
COLISÃO COM CICLISTA;FINALIZADA;2022-10-31;;IMBIRIBEIRA;AV MARECHAL MASCARENHAS DE MORAES;570,0;EM FRENTE AO ARAMZEM CORAL;COM VÍTIMA;;0.0;1.0;0.0;1.0;0.0;0.0;0.0;0.0;0.0;1.0;;RUA ARQUITETO FERNANDO ALMEIDA;;;;IMBIRIBEIRA;0.0;;286,0;SUBURBIO;Longo da via;Chuvoso;Sem defeito;Perfeito estado;Molhada;Perfeito estado;Faixa de retenção;R-6a;;Única;Faixa seccionada;;;202225820,0
COLISÃO COM CICLISTA;FINALIZADA;2022-11-01;;PINA;PTE VICE PRESIDENTE JOSE ALENCAR;;SENTIDO BOA VIAGEM;COM VÍTIMA;;1.0;0.0;0.0;1.0;0.0;0.0;0.0;0.0;0.0;1.0;;;;;;PINA;0.0;;;;Ponte;Bom;Não existe;Perfeito estado;Seca;Perfeito estado;Não existe;Não há placas;60 km/h;Única;Faixa seccionada;;;202225956,0
COLISÃO COM CICLISTA;FINALIZADA;2022-11-04;;IMBIRIBEIRA;RUA ITACARI;301,0;VERIFICAR ACIDENTE COM VÍTIMIA- SEM MAIS INFORMAÇÕES NO MOMENTO;COM VÍTIMA;;1.0;0.0;0.0;1.0;0.0;0.0;0.0;0.0;0.0;1.0;;RUA ITAJAI;;;;IMBIRIBEIRA;0.0;;;;Longo da via;Bom;Não existe;Não existente;Seca;Mal conservada;Faixa de pedestre;Placas Pare;40 km/h;Única;Não existe;;;202226186,0
COLISÃO COM CICLISTA;DUPLICIDADE;2022-11-04;;IMBIRIBEIRA;RUA JAMAICA;162,0;INOVE PVC;COM VÍTIMA;;1.0;0.0;0.0;1.0;0.0;0.0;0.0;0.0;0.0;1.0;;;;;;IMBIRIBEIRA;0.0;;;;;;;;;;;;;;;;;202226187,0
COLISÃO COM CICLISTA;FINALIZADA;2022-11-07;;BOA VIAGEM;RUA ERNESTO DE PAULA SANTOS;;RUA VISCONDE DE JEQUITINHONHA;COM VÍTIMA;;0.0;0.0;0.0;1.0;0.0;1.0;0.0;0.0;0.0;1.0;;;;;;BOA VIAGEM;0.0;;304,0;CIDADE;Longo da via;Bom;Sem defeito;Perfeito estado;Seca;Perfeito estado;Não existe;Não há placas;30 km/h;Única;Faixa seccionada;;;202226475,0
COLISÃO COM CICLISTA;FINALIZADA;2022-11-09;;SANTO AMARO;RUA DOS PALMARES;;COMANDO DA GUARDA MUNICIPAL DO RECIFE;COM VÍTIMA;;2.0;0.0;0.0;1.0;0.0;0.0;0.0;0.0;0.0;1.0;;;;;;SANTO AMARO;0.0;;;;Longo da via;Bom;Não existe;Perfeito estado;Seca;Perfeito estado;Não existe;Outras;40 km/h;;Faixa seccionada;;;202226597,0
COLISÃO COM CICLISTA;FINALIZADA;2022-11-11;;ESPINHEIRO;RUA DA HORA;;EM FRENTE AO BANCO DO BRASIL;COM VÍTIMA;;0.0;1.0;0.0;1.0;0.0;0.0;0.0;0.0;0.0;2.0;;RUA AMELIA;;;;ESPINHEIRO;0.0;;;;Cruzamento;Bom;Sem defeito;Perfeito estado;Seca;Perfeito estado;Faixa de pedestre;Outras;40 km/h;Única;Faixa contínua;Faixa seccionada;;202226862,0
COLISÃO COM CICLISTA;FINALIZADA;2022-11-13;;PARNAMIRIM;RUA DR JOAO SANTOS FILHO;;AO LADO DO GUAIAMUM GIGANTE/ PROXIMO AO SHOPPING PLAZA;COM VÍTIMA;;1.0;0.0;0.0;1.0;0.0;0.0;0.0;0.0;0.0;1.0;;;;;;PARNAMIRIM;0.0;;;;Esquina;Bom;Não existe;Perfeito estado;Seca;Perfeito estado;Não existe;R-6a;;Única;Não existe;;;202226968,0
COLISÃO COM CICLISTA;FINALIZADA;2022-11-13;;PRADO;RUA ARMANDO SORIANO;103,0;COM  A RUA GOMES TABORDA;COM VÍTIMA;;1.0;0.0;0.0;1.0;0.0;0.0;0.0;0.0;0.0;1.0;;;;;;PRADO;0.0;;558,0;SUBURBIO;Longo da via;Bom;Não existe;Não existente;Seca;Perfeito estado;Não existe;Outras;;Dupla;Não existe;;;202226985,0
COLISÃO COM CICLISTA;FINALIZADA;2022-11-16;;CAXANGÁ;AV CAXANGA;;E/F AO RESIDENCIAL MARCOS FREIRE  S/T SUB;COM VÍTIMA;;1.0;0.0;0.0;1.0;0.0;0.0;0.0;0.0;0.0;2.0;;;;;;CAXANGÁ;0.0;;;;;;;;;;;;;;;;;202227210,0
COLISÃO LATERAL;FINALIZADA;2022-11-21;;VÁRZEA;AV CAXANGA;5775,0;EM FRENTE AO POSTO SHELL, PROX AO TERMINAL INTEGRADO DA CAXANGÁ;COM VÍTIMA;;1.0;1.0;0.0;1.0;0.0;1.0;0.0;0.0;0.0;1.0;;;;;;VÁRZEA;0.0;;;SUBURBIO;Longo da via;Bom;Sem defeito;Incompleta;Seca;Perfeito estado;Não existe;Não há placas;60 km/h;Única;Não existe;;;202227658,0
COLISÃO COM CICLISTA;FINALIZADA;2022-11-22;;SANTO AMARO;AV DR JAYME DA FONTE;67,0;CAMPO DE FUTEBOL / NA RUA DA COMPESA;COM VÍTIMA;;1.0;0.0;0.0;1.0;0.0;0.0;0.0;0.0;0.0;1.0;;;;;;SANTO AMARO;0.0;;;CIDADE;Longo da via;Bom;Sem defeito;Perfeito estado;Seca;Perfeito estado;Não existe;Não há placas;;;Não existe;;;202227776,0
COLISÃO COM CICLISTA;FINALIZADA;2022-12-02;;CASA AMARELA;RUA DOIS DE FEVEREIRO;459,0;PROX A MERCEARIA DOIS IRMÃOS;COM VÍTIMA;;1.0;0.0;0.0;1.0;0.0;0.0;0.0;0.0;0.0;2.0;;;;;;CASA AMARELA;0.0;;;CIDADE;Longo da via;Bom;Não existe;Incompleta;Seca;Mal conservada;Não existe;Não há placas;;Dupla;Não existe;;;202228689,0
COLISÃO COM CICLISTA;FINALIZADA;2022-12-03;;MUSTARDINHA;AV MANOEL GONCALVES DA LUZ;396,0;LANCHONETE BOCA LOCA;COM VÍTIMA;;0.0;0.0;0.0;1.0;0.0;1.0;0.0;0.0;0.0;1.0;;;;;;MUSTARDINHA;0.0;;;;Cruzamento;Bom;Não existe;Incompleta;Seca;Perfeito estado;Não existe;"Placas ""Pare""";30 km/h;Dupla;Faixa seccionada;;;202228813,0
COLISÃO LATERAL;CANCELADA;2022-12-03;;CASA FORTE;RUA JAYME LOYO;;AO LADO DA DROGARIA BRASIL;COM VÍTIMA;;2.0;0.0;0.0;1.0;0.0;0.0;0.0;0.0;0.0;1.0;;;;;;CASA FORTE;0.0;;;;;;;;;;;;;;;;;202228814,0
COLISÃO COM CICLISTA;FINALIZADA;2022-12-07;;TEJIPIÓ;AV DR JOSE RUFINO;2930,0;PROX AO COND MIRANTE DO RECIFE;COM VÍTIMA;;1.0;0.0;0.0;1.0;0.0;0.0;0.0;0.0;0.0;1.0;;;;;;TEJIPIÓ;0.0;;;;Cruzamento;Bom;Não existe;Não existente;Seca;Perfeito estado;Não existe;Não há placas;;Dupla;Não existe;;;202229223,0
COLISÃO COM CICLISTA;FINALIZADA;2022-12-07;;CASA AMARELA;AV PEDRO ALLAIN;;NA RUA DA RETIFICA PADRAO   S/T  SUB;COM VÍTIMA;;1.0;0.0;0.0;1.0;0.0;0.0;0.0;0.0;0.0;1.0;;;;;;CASA AMARELA;0.0;;;;Longo da via;Bom;Não existe;Incompleta;Seca;Perfeito estado;Não existe;Outras;30 km/h;Única;Não existe;;;202229242,0
COLISÃO COM CICLISTA;FINALIZADA;2022-12-11;;BOA VIAGEM;RUA VISCONDE DE JEQUITINHONHA;;NO SEMÁFORO 154;COM VÍTIMA;;1.0;0.0;0.0;1.0;0.0;0.0;0.0;0.0;0.0;1.0;;RUA BALTAZAR PASSOS;;;;BOA VIAGEM;0.0;;154,0;;Cruzamento;Bom;Sem defeito;Perfeito estado;Seca;Perfeito estado;Faixa de pedestre;Outras;;Dupla;Faixa contínua;;;202229568,0
COLISÃO COM CICLISTA;FINALIZADA;2022-12-12;;ENCRUZILHADA;AV NORTE MIGUEL ARRAES DE ALENCAR;;EM FRENTE AO SUPERMERCADO RECIBOM;COM VÍTIMA;;0.0;1.0;0.0;1.0;0.0;0.0;0.0;0.0;0.0;1.0;;;;;;ENCRUZILHADA;0.0;;;;Longo da via;Bom;Sem defeito;Perfeito estado;Seca;Perfeito estado;Faixa de pedestre;Não há placas;60 km/h;Dupla;Canteiro central;;;202229595,0
COLISÃO FRONTAL;FINALIZADA;2022-12-13;;BOA VIAGEM;RUA ZEFERINO GALVAO;68,0;EM FRENTE AO EDF. VALEIRO, PROX AO HOTEL RADISSON;COM VÍTIMA;;1.0;0.0;0.0;1.0;0.0;0.0;0.0;0.0;0.0;1.0;;;;;;BOA VIAGEM;0.0;;;;Longo da via;Bom;Não existe;Não existente;Seca;Perfeito estado;Não existe;Não há placas;;Única;Não existe;;;202229737,0
COLISÃO COM CICLISTA;FINALIZADA;2022-12-17;;AFOGADOS;RUA VINTE E UM DE ABRIL;220,0;PRÓX. À MASTERBOI;COM VÍTIMA;;1.0;0.0;0.0;1.0;0.0;0.0;0.0;0.0;0.0;1.0;;;;;;AFOGADOS;0.0;;;;Longo da via;Bom;Sem defeito;Perfeito estado;Seca;Perfeito estado;Faixa de pedestre;Não há placas;;Única;Não existe;;;202230253,0
COLISÃO COM CICLISTA;FINALIZADA;2022-12-21;;CORDEIRO;RUA SOUZA BANDEIRA;54,0;PROX A FARMACIA DROGASIL;COM VÍTIMA;;1.0;0.0;0.0;1.0;0.0;0.0;0.0;0.0;0.0;1.0;;;;;;CORDEIRO;0.0;;;CIDADE;Longo da via;Bom;Não existe;Perfeito estado;Seca;Perfeito estado;Não existe;Outras;;Única;Faixa seccionada;;;202230671,0
COLISÃO COM CICLISTA;FINALIZADA;2022-12-22;;CASA AMARELA;AV NORTE MIGUEL ARRAES DE ALENCAR;6607,0;PROX. A MATERNIDADE BARROS LIMA, SENT. CIDADE;COM VÍTIMA;;0.0;0.0;0.0;1.0;0.0;1.0;0.0;0.0;0.0;1.0;;RUA BONITO DE SANTA FE;;;;CASA AMARELA;0.0;;256,0;CIDADE;Longo da via;Nublado;Sem defeito;Perfeito estado;Seca;;;Outras;;Única;Canteiro central;;;202230755,0
COLISÃO COM CICLISTA;FINALIZADA;2022-12-28;;BOMBA DO HEMETÉRIO;RUA CHA DE ALEGRIA;107,0;E/F AO ARMAZEM CARVALHO;COM VÍTIMA;;0.0;0.0;0.0;1.0;0.0;1.0;0.0;0.0;0.0;1.0;;;;;;BOMBA DO HEMETÉRIO;0.0;;;;Esquina;Bom;Não existe;Perfeito estado;Seca;Perfeito estado;Não existe;"Placas ""Pare""";;Dupla;Não existe;;;202231323,0
COLISÃO COM CICLISTA;FINALIZADA;2023-01-03;05:39:00;ESTÂNCIA;AV RECIFE;;PROX AO ARMAZÉM CORAL  S/T BR;COM VÍTIMA;;0.0;1.0;0.0;1.0;0.0;0.0;0.0;0.0;0.0;1.0;;AV ESTANCIA;;;;ESTÂNCIA;0.0;;;SUBURBIO;;;;;;;;;;;;;;202300172,0
COLISÃO COM CICLISTA;FINALIZADA;2023-01-05;04:26:00;TORRÕES;AV ENGENHEIRO ABDIAS DE CARVALHO;3974;E/F A MICHEL ELETRICA  S/T BR;COM VÍTIMA;;0.0;0.0;0.0;1.0;0.0;1.0;0.0;0.0;0.0;1.0;;;;;;TORRÕES;0.0;;;SUBURBIO;;;;;;;;;;;;;;202300321,0
COLISÃO COM CICLISTA;FINALIZADA;2023-01-06;01:49:00;BOA VIAGEM;RUA VISCONDE DE JEQUITINHONHA;4650;RESTAURANTE PONTEIO;COM VÍTIMA;;0.0;0.0;0.0;1.0;0.0;1.0;0.0;0.0;0.0;1.0;;;;;;BOA VIAGEM;0.0;;;SUBURBIO;;;;;;;;;;;;;;202300378,0
COLISÃO FRONTAL;FINALIZADA;2023-01-11;07:11:00;PINA;AV HERCULANO BANDEIRA;;EM FRENTE A JBS MOTORS;COM VÍTIMA;;0.0;0.0;0.0;1.0;0.0;0.0;0.0;0.0;0.0;1.0;;RUA NOGUEIRA DE SOUZA;;;;PINA;0.0;;;;;;;;;;;;;;;;;202300730,0
COLISÃO FRONTAL;FINALIZADA;2023-01-11;07:44:00;IPUTINGA;RUA PEREIRA COUTINHO FILHO;;COLÉGIO INSTITUTO SANTA TEREZINHA;COM VÍTIMA;;1.0;0.0;0.0;1.0;0.0;0.0;0.0;0.0;0.0;1.0;;;;;;IPUTINGA;0.0;;;;;;;;;;;;;;;;;202300731,0
COLISÃO COM CICLISTA;FINALIZADA;2023-01-14;03:02:00;PINA;AV HERCULANO BANDEIRA;348;RUA MANOEL CORIOLANO;COM VÍTIMA;;1.0;0.0;0.0;1.0;0.0;0.0;0.0;0.0;0.0;1.0;;RUA MANOEL CORIOLANO;;;;PINA;0.0;;;;;;;;;;;;;;;;;202300956,0
COLISÃO LATERAL;FINALIZADA;2023-01-16;08:33:00;BARRO;RUA CAPITAO PONCIANO;;EM FRENTE AO CLUBE UMUARAMA;COM VÍTIMA;;1.0;0.0;0.0;1.0;0.0;0.0;0.0;0.0;0.0;1.0;;;;;;BARRO;0.0;;;;;;;;;;;;;;;;;202301090,0
COLISÃO COM CICLISTA;FINALIZADA;2023-01-26;08:22:00;MANGUEIRA;RUA ALEXANDRE RODRIGUES FERREIRA;601;IGREJA EVANGELICA;COM VÍTIMA;;1.0;0.0;0.0;1.0;0.0;0.0;0.0;0.0;0.0;1.0;;;;;;MANGUEIRA;0.0;;;;;;;;;;;;;;;;;202301850,0
COLISÃO COM CICLISTA;FINALIZADA;2023-01-31;07:46:00;CORDEIRO;AV CAXANGA;;;COM VÍTIMA;;0.0;1.0;0.0;1.0;0.0;0.0;0.0;0.0;0.0;2.0;;AV GENERAL SAN MARTIN;;;;CORDEIRO;0.0;;;;;;;;;;;;;;;;;202302256,0
COLISÃO LATERAL;FINALIZADA;2023-02-02;07:20:00;IPSEP;RUA JEAN EMILE FAVRE;1261;;COM VÍTIMA;;0.0;0.0;0.0;1.0;0.0;1.0;0.0;0.0;0.0;1.0;;;;;;IPSEP;0.0;;;;;;;;;;;;;;;;;202302416,0
COLISÃO COM CICLISTA;CANCELADA;2023-02-09;06:47:00;CASA AMARELA;EST DO ARRAIAL;;EM FRENTE AO SITIO DA TRINDADE;COM VÍTIMA;;1.0;0.0;0.0;1.0;0.0;0.0;0.0;0.0;0.0;1.0;;;;;;CASA AMARELA;0.0;;;;;;;;;;;;;;;;;202303029,0
COLISÃO TRASEIRA;FINALIZADA;2023-02-10;10:34:00;IPSEP;AV RECIFE;1600;SPJ SÃO PAULO LOJA DE VEÍCULOS;COM VÍTIMA;;1.0;0.0;0.0;1.0;0.0;0.0;0.0;0.0;0.0;1.0;;;;;;IPSEP;0.0;;212,0;SUBURBIO;;;;;;;;;;;;;;202303257,0
COLISÃO COM CICLISTA;FINALIZADA;2023-02-23;07:19:00;BONGI;AV ENGENHEIRO ABDIAS DE CARVALHO;1767;POSTO BR;COM VÍTIMA;;0.0;0.0;0.0;1.0;0.0;1.0;0.0;0.0;0.0;1.0;;;;;;BONGI;0.0;;;;;;;;;;;;;;;;;202304352,0
COLISÃO COM CICLISTA;FINALIZADA;2023-02-28;08:07:00;SANTO ANTÔNIO;PRC DA REPUBLICA;;AO LADO DO TEATRO SANTA IZABEL;COM VÍTIMA;;1.0;0.0;0.0;1.0;0.0;0.0;0.0;0.0;0.0;1.0;;;;;;SANTO ANTÔNIO;0.0;;;;;;;;;;;;;;;;;202304672,0
COLISÃO COM CICLISTA;FINALIZADA;2023-02-28;03:20:00;SANTO AMARO;AV CRUZ CABUGA;;;COM VÍTIMA;;1.0;0.0;0.0;1.0;0.0;0.0;0.0;0.0;0.0;1.0;;;;;;SANTO AMARO;0.0;;;CIDADE;;;;;;;;;;;;;;202304709,0
COLISÃO COM CICLISTA;FINALIZADA;2023-03-01;04:46:00;BOA VIAGEM;RUA COSMORAMA;25;PROX A GARAGEM DA BORBOREMA;COM VÍTIMA;;0.0;0.0;0.0;1.0;0.0;1.0;0.0;0.0;0.0;1.0;;;;;;BOA VIAGEM;0.0;;;;;;;;;;;;;;;;;202304781,0
COLISÃO COM CICLISTA;FINALIZADA;2023-03-02;06:45:00;JAQUEIRA;AV RUI BARBOSA;;PROX. AO HOSPITAL MARIA LUCINDA;COM VÍTIMA;;1.0;0.0;0.0;1.0;0.0;0.0;0.0;0.0;0.0;1.0;;RUA MUNIZ TAVARES;;;;JAQUEIRA;0.0;;460,0;;;;;;;;;;;;;;;202304813,0
COLISÃO COM CICLISTA;FINALIZADA;2023-03-08;03:11:00;PARNAMIRIM;RUA PADRE ROMA;489;E/F AO BAR FAACA;COM VÍTIMA;;1.0;0.0;0.0;1.0;0.0;0.0;0.0;0.0;0.0;1.0;;;;;;PARNAMIRIM;0.0;;;SUBURBIO;;;;;;;;;;;;;;202305316,0
COLISÃO COM CICLISTA;FINALIZADA;2023-03-13;12:44:00;BOA VIAGEM;RUA FELIX DE BRITO E MELO;728;APOS O BIG BOMPREÇO;COM VÍTIMA;;1.0;0.0;0.0;1.0;0.0;0.0;0.0;0.0;0.0;1.0;;;;;;BOA VIAGEM;0.0;;;CIDADE;;;;;;;;;;;;;;202305721,0
QUEDA;FINALIZADA;2023-03-14;09:01:00;IMBIRIBEIRA;RUA ARQUITETO LUIZ NUNES;99;NO FINAL DA PONTE GILBERTO FREIRES;COM VÍTIMA;;0.0;0.0;0.0;1.0;0.0;0.0;0.0;0.0;0.0;1.0;;;;;;IMBIRIBEIRA;0.0;;;CIDADE;;;;;;;;;;;;;;202305782,0
COLISÃO COM CICLISTA;CANCELADA;2023-03-14;01:59:00;CASA AMARELA;RUA DA HARMONIA;584;PROX A ESCOLA VILA SÉZAMO;COM VÍTIMA;;1.0;0.0;0.0;1.0;0.0;0.0;0.0;0.0;0.0;1.0;;;;;;CASA AMARELA;0.0;;;;;;;;;;;;;;;;;202305820,0
COLISÃO COM CICLISTA;FINALIZADA;2023-03-09;09:37:00;IPSEP;RUA SAO NICOLAU;;CRUZAMANTO;COM VÍTIMA;;1.0;0.0;0.0;1.0;0.0;0.0;0.0;0.0;0.0;1.0;;RUA ABDIAS CABRAL DE MOURA;;;;IPSEP;0.0;;;;;;;;;;;;;;;;;202305883,0
COLISÃO COM CICLISTA;FINALIZADA;2023-03-25;12:39:00;ILHA DO RETIRO;RUA SPORT CLUBE DO RECIFE;;EM FRENTE AO CLUBE;COM VÍTIMA;;0.0;1.0;0.0;1.0;0.0;0.0;0.0;0.0;0.0;1.0;;;;;;ILHA DO RETIRO;0.0;;;;;;;;;;;;;;;;;202306665,0
COLISÃO COM CICLISTA;FINALIZADA;2023-03-28;08:05:00;CASA AMARELA;EST DO ARRAIAL;;APÓS A IGREJA DA HARMONIA, PRÓX AO CONJUNTO  ARRAIAL;COM VÍTIMA;;1.0;0.0;0.0;1.0;0.0;0.0;0.0;0.0;0.0;1.0;;;;;;CASA AMARELA;0.0;;;;;;;;;;;;;;;;;202306855,0
COLISÃO COM CICLISTA;FINALIZADA;2023-03-28;01:32:00;ROSARINHO;AV NORTE MIGUEL ARRAES DE ALENCAR;;NA ESQUINA DO POSTO SHELL;COM VÍTIMA;;0.0;0.0;0.0;1.0;0.0;0.0;1.0;0.0;0.0;1.0;;RUA DELMIRO GOUVEIA;;;;ROSARINHO;0.0;;;;;;;;;;;;;;;;;202306886,0
COLISÃO COM CICLISTA;FINALIZADA;2023-03-29;12:09:00;PINA;AV ANTONIO DE GOES;;EM FRENTE A LOJA CASA DE BATERIA/ PROX A HONDA;COM VÍTIMA;;0.0;1.0;0.0;1.0;0.0;0.0;0.0;0.0;0.0;1.0;;AV CONSELHEIRO AGUIAR;;;;PINA;0.0;;;;;;;;;;;;;;;;;202306969,0
COLISÃO COM CICLISTA;FINALIZADA;2023-03-30;12:58:00;IMBIRIBEIRA;AV MARECHAL MASCARENHAS DE MORAES;;EM FRENTE A FIAT ITALIANA;COM VÍTIMA;;0.0;0.0;0.0;1.0;0.0;1.0;0.0;0.0;0.0;1.0;;;;;;IMBIRIBEIRA;0.0;;;;;;;;;;;;;;;;;202307062,0
COLISÃO FRONTAL;CANCELADA;2023-04-01;10:32:00;IBURA;RUA VALE DO ITAJAI;;EM FRENTE A UPA;COM VÍTIMA;;0.0;1.0;0.0;1.0;0.0;0.0;0.0;0.0;0.0;2.0;;;;;;IBURA;0.0;;;;;;;;;;;;;;;;;202307301,0
COLISÃO TRASEIRA;FINALIZADA;2023-04-03;08:00:00;BAIRRO DO RECIFE;RUA AURORA;;INICIO DA PONTE DO LIMOEIRO;COM VÍTIMA;;1.0;0.0;0.0;1.0;0.0;0.0;0.0;0.0;0.0;1.0;;AV NORTE MIGUEL ARRAES DE ALENCAR;;;;BAIRRO DO RECIFE;0.0;;;;;;;;;;;;;;;;;202307383,0
COLISÃO COM CICLISTA;DUPLICIDADE;2023-04-03;08:28:00;SANTO AMARO;RUA DA AURORA;;EM CIMA DA PONTE, PRÓX AO ANTIGO HOSPITAL DA COVID;COM VÍTIMA;;1.0;0.0;0.0;1.0;0.0;0.0;0.0;0.0;0.0;1.0;;;;;;SANTO AMARO;0.0;;;;;;;;;;;;;;;;;202307389,0
COLISÃO COM CICLISTA;FINALIZADA;2023-04-04;01:02:00;MADALENA;RUA BENFICA;1092;EM FRENTE AO MARTELINHO DE OURO;COM VÍTIMA;;0.0;0.0;0.0;1.0;0.0;1.0;0.0;0.0;0.0;1.0;;;;;;MADALENA;0.0;;;;;;;;;;;;;;;;;202307527,0
COLISÃO COM CICLISTA;FINALIZADA;2023-04-06;11:48:00;CORDEIRO;RUA DR MIGUEL VIEIRA FERREIRA;721;;COM VÍTIMA;;0.0;1.0;0.0;1.0;0.0;0.0;0.0;0.0;0.0;2.0;;RUA PROFESSOR JOAQUIM XAVIER DE BRITO;;;;CORDEIRO;0.0;;;;;;;;;;;;;;;;;202307702,0