tipo;situacao;data;hora;bairro;endereco;numero;complemento;natureza;descricao;auto;moto;ciclom;ciclista;pedestre;onibus;caminhao;viatura;outros;vitimas;natureza_acidente;detalhe_endereco_acidente;endereco_cruzamento;numero_cruzamento;referencia_cruzamento;bairro_cruzamento;vitimasfatais;DATA;num_semaforo;sentido_via;acidente_verificado;tempo_clima;situacao_semaforo;sinalizacao;condicao_via;conservacao_via;ponto_controle;situacao_placa;velocidade_max_via;mao_direcao;divisao_via1;divisao_via2;divisao_via3;Protocolo
COLISÃO COM CICLISTA;FINALIZADA;2023-10-19;11:57:00;BOA VIAGEM;RUA MAMANGUAPE;583;PROX. AO CARREFOUR;COM VÍTIMA;;1.0;0.0;0.0;1.0;0.0;0.0;0.0;0.0;0.0;1.0;;;;;;BOA VIAGEM;0.0;;;;;;;;;;;;;;;;;202324591,0
COLISÃO COM CICLISTA;FINALIZADA;2023-10-20;01:30:00;BEBERIBE;AV BEBERIBE;;;COM VÍTIMA;;1.0;0.0;0.0;2.0;0.0;0.0;0.0;0.0;0.0;1.0;;AV PROFESSOR JOSE DOS ANJOS;;;;BEBERIBE;0.0;;;;;;;;;;;;;;;;;202324716,0
COLISÃO COM CICLISTA;FINALIZADA;2023-10-25;09:53:00;ARRUDA;AV PROFESSOR JOSE DOS ANJOS;972;PROX A PADARIA PAN CRISTAL;COM VÍTIMA;;1.0;0.0;0.0;1.0;1.0;0.0;0.0;0.0;0.0;2.0;;;;;;ARRUDA;0.0;;;;;;;;;;;;;;;;;202325110,0
COLISÃO TRASEIRA;FINALIZADA;2023-10-26;08:33:00;BOA VISTA;AV CONDE DA BOA VISTA;1512;EM FRENTE AO COPE, SENTIDO GUARARAPES;COM VÍTIMA;;0.0;0.0;0.0;1.0;0.0;1.0;0.0;0.0;0.0;1.0;;;;;;BOA VISTA;0.0;;;;;;;;;;;;;;;;;202325190,0
COLISÃO COM CICLISTA;FINALIZADA;2023-10-27;10:47:00;NOVA DESCOBERTA;RUA NOVA DESCOBERTA;1068;EM FRENTE AO BAR DO VVVI E ASSEMBLEIA DE DEUS;VÍTIMA FATAL;;1.0;0.0;0.0;1.0;0.0;0.0;0.0;0.0;0.0;1.0;;;;;;NOVA DESCOBERTA;1.0;;;;;;;;;;;;;;;;;202325309,0
COLISÃO COM CICLISTA;FINALIZADA;2023-10-28;05:44:00;DERBY;AV GOVERNADOR AGAMENON MAGALHAES;;EM FRENTE A MECDONALDS;COM VÍTIMA;;0.0;1.0;0.0;1.0;0.0;0.0;0.0;0.0;0.0;1.0;;;;;;DERBY;0.0;;75,0;;;;;;;;;;;;;;;202325453,0
COLISÃO;FINALIZADA;2023-11-01;07:58:00;BOA VIAGEM;VIADUTO TANCREDO NEVES;;;COM VÍTIMA;;0.0;1.0;0.0;1.0;0.0;0.0;0.0;0.0;0.0;2.0;;;;;;BOA VIAGEM;0.0;;;;;;;;;;;;;;;;;202325844,0
COLISÃO;FINALIZADA;2023-11-05;08:20:00;BOA VISTA;AV GOVERNADOR CARLOS DE LIMA CAVALCANTI;;ESQUINA COM HAPVIDA;COM VÍTIMA;;0.0;0.0;0.0;1.0;0.0;0.0;0.0;1.0;0.0;1.0;;RUA SILVA RAMOS;;;;BOA VISTA;0.0;;;;;;;;;;;;;;;;;202326142,0
COLISÃO;FINALIZADA;2023-11-05;10:16:00;IPSEP;AV RECIFE;;NA ENTRADA DO IBURA;COM VÍTIMA;;0.0;1.0;0.0;1.0;0.0;0.0;0.0;0.0;0.0;2.0;;;;;;IPSEP;0.0;;;;;;;;;;;;;;;;;202326147,0
COLISÃO LATERAL;FINALIZADA;2023-11-06;05:24:00;VARZEA;RUA FRANCISCO LACERDA;442;RESTAURANTE MANGO;COM VÍTIMA;;0.0;1.0;0.0;1.0;0.0;0.0;0.0;0.0;0.0;1.0;;;;;;VARZEA;0.0;;;;;;;;;;;;;;;;;202326225,0
COLISÃO;FINALIZADA;2023-11-07;10:46:00;AGUA FRIA;AV BEBERIBE;;EM FRENTE A DROGASIL;COM VÍTIMA;;0.0;1.0;0.0;1.0;0.0;0.0;0.0;0.0;0.0;1.0;;;;;;AGUA FRIA;0.0;;;;;;;;;;;;;;;;;202326376,0
COLISÃO COM CICLISTA;FINALIZADA;2023-11-09;10:56:00;BOA VISTA;AV CONDE DA BOA VISTA;;AO LADO DO BANCO ITAU;COM VÍTIMA;;1.0;0.0;0.0;1.0;0.0;0.0;0.0;0.0;0.0;2.0;;RUA DA UNIAO;;;;BOA VISTA;0.0;;;;;;;;;;;;;;;;;202326559,0
COLISÃO COM CICLISTA;DUPLICIDADE;2023-11-09;04:20:00;AFOGADOS;RUA SAO MIGUEL;577;EM FRENTE AO PONTO DAS BATERIAS;COM VÍTIMA;;0.0;0.0;0.0;1.0;0.0;0.0;0.0;0.0;0.0;1.0;;;;;;AFOGADOS;0.0;;;;;;;;;;;;;;;;;202326593,0
COLISÃO COM CICLISTA;FINALIZADA;2023-11-09;04:38:00;AFOGADOS;RUA SAO MIGUEL;553;E/F A IGREJA DA FE DO BRASIL  VT  18 NO LOCAL;COM VÍTIMA;;0.0;0.0;0.0;1.0;0.0;0.0;0.0;0.0;0.0;1.0;;;;;;AFOGADOS;0.0;;;;;;;;;;;;;;;;;202326595,0
COLISÃO COM CICLISTA;FINALIZADA;2023-11-11;02:11:00;CAXANGA;RUA ELIZEU CAVALCANTE;;PROX A ENTRADA DA ESTAÇAO DO BRT NO SEMFORO 265;COM VÍTIMA;;0.0;0.0;0.0;1.0;0.0;0.0;0.0;0.0;0.0;1.0;;;;;;CAXANGA;0.0;;;;;;;;;;;;;;;;;202326807,0
COLISÃO LATERAL;FINALIZADA;2023-11-13;07:26:00;CAMPO GRANDE;AV PROFESSOR JOSE DOS ANJOS;1556;UNIDADE DE SAUDE ANTONIO FRANCISCO AREIAS;COM VÍTIMA;;1.0;0.0;0.0;1.0;0.0;0.0;0.0;0.0;0.0;1.0;;;;;;CAMPO GRANDE;0.0;;;;;;;;;;;;;;;;;202327010,0
COLISÃO FRONTAL;FINALIZADA;2023-11-21;06:10:00;SAO JOSE;AV SUL;S/N;PROXIMO AO HOTEL LUA DE MEL;COM VÍTIMA;;0.0;0.0;0.0;1.0;0.0;1.0;0.0;0.0;0.0;1.0;;;;;;SAO JOSE;0.0;;;;;;;;;;;;;;;;;202327766,0
COLISÃO COM CICLISTA;FINALIZADA;2023-11-25;07:52:00;SANTO AMARO;RUA ALVARES DE AZEVEDO;;EM FRENTE AO PROCAPE E LABORATORIO DE SAUDE;COM VÍTIMA;;1.0;0.0;0.0;1.0;0.0;0.0;0.0;0.0;0.0;1.0;;RUA DOS PALMARES;;;;SANTO AMARO;0.0;;;;;;;;;;;;;;;;;202328134,0
COLISÃO COM CICLISTA;FINALIZADA;2023-12-01;06:17:00;IPSEP;AV MARECHAL MASCARENHAS DE MORAES;;SENTIDO AEROPORTO PRÓXIMO AO BANCO ITAU  , PRÓXIMO AO BANCO IPIRANGA VÍTIMA NO LOCAL FOI A OBTO,;VÍTIMA FATAL;;0.0;0.0;0.0;1.0;0.0;0.0;1.0;0.0;0.0;0.0;;RUA ITACARI;;;;IPSEP;1.0;;;;;;;;;;;;;;;;;202328802,0
COLISÃO COM CICLISTA;FINALIZADA;2023-12-02;12:21:00;CAXANGA;AV CAXANGA;;EM FRENTE AO ANTIGO BOMPREÇO DA CAXANGA / PROX DO VIADUTO;COM VÍTIMA;;1.0;0.0;0.0;1.0;0.0;0.0;0.0;0.0;0.0;1.0;;;;;;CAXANGA;0.0;;;SUBURBIO;;;;;;;;;;;;;;202328871,0
ATROPELAMENTO DE PESSOA;FINALIZADA;2023-12-03;06:08:00;CAXANGA;AV CAXANGA;;UPA DA CAXANGA;COM VÍTIMA;;1.0;0.0;0.0;1.0;0.0;0.0;0.0;0.0;0.0;1.0;;;;;;CAXANGA;0.0;;;;;;;;;;;;;;;;;202328981,0
COLISÃO COM CICLISTA;FINALIZADA;2023-12-05;02:05:00;AREIAS;AV RECIFE;;LADO OPOSTO AO ATACADAO / SENTIDO CAXANGA;COM VÍTIMA;;0.0;0.0;0.0;1.0;0.0;1.0;0.0;0.0;0.0;1.0;;;;;;AREIAS;0.0;;;;;;;;;;;;;;;;;202329172,0
COLISÃO COM CICLISTA;FINALIZADA;2023-12-08;01:19:00;ALTO SANTA TERESINHA;RUA LADEIRA DE PEDRA;378;ESCOLA DEUS É AMOR;COM VÍTIMA;;0.0;1.0;0.0;1.0;0.0;0.0;0.0;0.0;0.0;2.0;;;;;;ALTO SANTA TERESINHA;0.0;;;;;;;;;;;;;;;;;202329503,0
COLISÃO COM CICLISTA;FINALIZADA;2023-12-11;06:56:00;MACAXEIRA;AV NORTE MIGUEL ARRAES DE ALENCAR;;EM FRENTE  A ACADEMIA DA CIDADE, PROXIMO AO PARQUE DA MACAXEIRA;COM VÍTIMA;;0.0;1.0;0.0;1.0;0.0;0.0;0.0;0.0;0.0;1.0;;;;;;MACAXEIRA;0.0;;;CIDADE;;;;;;;;;;;;;;202329724,0
COLISÃO FRONTAL;FINALIZADA;2023-12-13;06:24:00;AFOGADOS;AV SUL;;SOB O SEMÁFORO 320;COM VÍTIMA;;0.0;1.0;0.0;1.0;0.0;0.0;0.0;0.0;0.0;1.0;;;;;;AFOGADOS;0.0;;320,0;;;;;;;;;;;;;;;202330052,0
COLISÃO COM CICLISTA;FINALIZADA;2023-12-20;06:51:00;AFOGADOS;AV SUL;;EM FRENTE AO HOTEL LUA DE MEL;COM VÍTIMA;;0.0;1.0;0.0;1.0;0.0;0.0;0.0;0.0;0.0;3.0;;;;;;AFOGADOS;0.0;;;;;;;;;;;;;;;;;202330671,0
COLISÃO COM CICLISTA;FINALIZADA;2023-12-21;09:11:00;AFLITOS;RUA DO FUTURO;;EM FRENTE A FARMÁCIA PAGUE MENOS;COM VÍTIMA;;1.0;0.0;0.0;1.0;0.0;0.0;0.0;0.0;0.0;1.0;;AV DR MALAQUIAS;;;;AFLITOS;0.0;;;;;;;;;;;;;;;;;202330859,0
COLISÃO COM CICLISTA;FINALIZADA;2023-12-23;12:30:00;ARRUDA;AV PROFESSOR JOSE DOS ANJOS;;EM FRENTE A ECO ESTAÇÃO DO ARRUDA / SENTIDO OLINDA;COM VÍTIMA;;1.0;0.0;0.0;1.0;0.0;0.0;1.0;0.0;0.0;1.0;;;;;;ARRUDA;0.0;;;;;;;;;;;;;;;;;202330972,0
COLISÃO COM CICLISTA;FINALIZADA;2023-12-28;08:43:00;SANTO AMARO;AV CRUZ CABUGA;;AO LADO DA CASA DA INDUSTRIA SENAI;COM VÍTIMA;;0.0;0.0;0.0;1.0;0.0;1.0;0.0;0.0;0.0;1.0;;;;;;SANTO AMARO;0.0;;;;;;;;;;;;;;;;;202331314,0
COLISÃO LATERAL;FINALIZADA;2023-12-28;06:07:00;BEBERIBE;RUA DALVA DE OLIVEIRA;;EM FRENTE A AMBEV E PROX AO SESC SENAC;COM VÍTIMA;;1.0;1.0;0.0;1.0;0.0;0.0;0.0;0.0;0.0;3.0;;;;;;BEBERIBE;0.0;;;;;;;;;;;;;;;;;202331359,0
COLISÃO COM CICLISTA;FINALIZADA;2024-01-05;04:43:00;MADALENA;AV CAXANGA;;EM FRENTE AO COMPAZ;COM VÍTIMA;;0.0;0.0;0.0;1.0;0.0;0.0;0.0;1.0;0.0;1.0;;RUA JOSE OSORIO;;;;MADALENA;0.0;;489,0;SUBURBIO;;;;;;;;;;;;;;293267,0
COLISÃO COM CICLISTA;FINALIZADA;2024-01-06;10:45:00;TORRE;RUA JOSE BONIFACIO;1315;ESTACIONAMENTO SUPERMERCADO CARREFOUR;COM VÍTIMA;;1.0;0.0;0.0;1.0;0.0;0.0;0.0;0.0;0.0;1.0;;;;;;TORRE;0.0;;;;;;;;;;;;;;;;;293332,0
COLISÃO;FINALIZADA;2024-01-06;03:31:00;ENCRUZILHADA;AV BEBERIBE;;EM FRENTE DA FARMACIA PAGUE MENOS;COM VÍTIMA;;1.0;0.0;0.0;1.0;0.0;0.0;0.0;0.0;0.0;1.0;;;;;;ENCRUZILHADA;0.0;;;;;;;;;;;;;;;;;293344,0
COLISÃO COM CICLISTA;FINALIZADA;2024-01-19;08:50:00;SANTO AMARO;AV CRUZ CABUGA;;CONTAX;COM VÍTIMA;;1.0;0.0;0.0;1.0;0.0;0.0;0.0;0.0;0.0;1.0;;RUA VINTE E QUATRO DE MAIO;;;;SANTO AMARO;0.0;;;;;;;;;;;;;;;;;294474,0
COLISÃO COM CICLISTA;FINALIZADA;2024-01-22;01:54:00;AFOGADOS;RUA SAO MIGUEL;516;PROX AO BANCO DO BRASIL;COM VÍTIMA;;0.0;1.0;0.0;1.0;0.0;0.0;0.0;0.0;0.0;2.0;;;;;;AFOGADOS;0.0;;;;;;;;;;;;;;;;;294785,0
COLISÃO COM CICLISTA;FINALIZADA;2024-01-27;07:39:00;IPUTINGA;AV MAURICIO DE NASSAU;243;PADARIA ATLANTICO;COM VÍTIMA;;0.0;0.0;1.0;1.0;0.0;0.0;0.0;0.0;0.0;1.0;;;;;;IPUTINGA;0.0;;;;;;;;;;;;;;;;;295339,0
COLISÃO COM CICLISTA;FINALIZADA;2024-01-28;07:21:00;LINHA DO TIRO;RUA CORREGO DA JAQUEIRA;8;PROXIMO AOS PRÉDIOS NANÁ VASCONCELOS;COM VÍTIMA;;1.0;0.0;0.0;1.0;0.0;0.0;0.0;0.0;0.0;1.0;;;;;;LINHA DO TIRO;0.0;;;;;;;;;;;;;;;;;295444,0
ATROPELAMENTO DE PESSOA;FINALIZADA;2024-01-30;12:43:00;SANTO ANTONIO;AV DANTAS BARRETO;;E/F AO BRT  DOS CORREIOS S/T CID;COM VÍTIMA;;0.0;1.0;0.0;1.0;0.0;0.0;0.0;0.0;0.0;1.0;;;;;;SANTO ANTONIO;0.0;;;;;;;;;;;;;;;;;295594,0
COLISÃO COM CICLISTA;FINALIZADA;2024-01-31;08:32:00;CAXANGA;AV CAXANGA;642;APOS JOSE OSORIO;COM VÍTIMA;;0.0;1.0;0.0;1.0;0.0;0.0;0.0;0.0;0.0;2.0;;;;;;CAXANGA;0.0;;;;;;;;;;;;;;;;;295747,0
COLISÃO COM CICLISTA;FINALIZADA;2024-02-03;01:08:00;MADALENA;AV BEIRA RIO;;PROX AO EDIFICIO VILA RICA;COM VÍTIMA;;0.0;1.0;0.0;1.0;0.0;0.0;0.0;0.0;0.0;1.0;;;;;;MADALENA;0.0;;;;;;;;;;;;;;;;;296044,0
COLISÃO COM CICLISTA;FINALIZADA;2024-02-17;11:35:00;TORRE;RUA CANTORA CLARA NUNES;;PROX A CAPELINHA, QUADRA B3;COM VÍTIMA;;1.0;0.0;0.0;1.0;0.0;0.0;0.0;0.0;0.0;1.0;;;;;;TORRE;0.0;;;;;;;;;;;;;;;;;297283,0
COLISÃO LATERAL;FINALIZADA;2024-02-20;02:40:00;IMBIRIBEIRA;AV GENERAL MAC ARTHUR;;ESTAÇÃO ANTÔNIO FALCÃO;COM VÍTIMA;;0.0;1.0;0.0;1.0;0.0;0.0;0.0;0.0;0.0;1.0;;;;;;IMBIRIBEIRA;0.0;;;;;;;;;;;;;;;;;297534,0
COLISÃO COM CICLISTA;FINALIZADA;2024-02-21;07:52:00;JOANA BEZERRA;AV GOVERNADOR AGAMENON MAGALHAES;;EM FRENTE A COMPESA, SENTIDO BOA VIAGEM;COM VÍTIMA;;0.0;0.0;0.0;1.0;0.0;1.0;0.0;0.0;0.0;1.0;;;;;;JOANA BEZERRA;0.0;;;;;;;;;;;;;;;;;297609,0
COLISÃO COM CICLISTA;FINALIZADA;2024-02-25;08:57:00;AFOGADOS;RUA SAO MIGUEL;795;PROX AO QUARTEL 14B;COM VÍTIMA;;1.0;0.0;0.0;1.0;0.0;0.0;0.0;0.0;0.0;1.0;;;;;;AFOGADOS;0.0;;;;;;;;;;;;;;;;;298015,0
COLISÃO COM CICLISTA;FINALIZADA;2024-02-28;01:47:00;ILHA DO LEITE;AV FREI MATIAS TEVES;;E/F AO HOPE  AO LADO DA MUTIMAGEM;COM VÍTIMA;;1.0;0.0;0.0;1.0;0.0;0.0;0.0;0.0;0.0;1.0;;;;;;ILHA DO LEITE;0.0;;;;;;;;;;;;;;;;;298300,0
COLISÃO COM CICLISTA;CANCELADA;2024-02-29;12:57:00;GRACAS;AV RUI BARBOSA;1104;EM FRENTE AO COLEGIO MARISTA SÃO LUIZ;COM VÍTIMA;;1.0;0.0;0.0;1.0;0.0;0.0;0.0;0.0;0.0;1.0;;;;;;GRACAS;0.0;;;;;;;;;;;;;;;;;298408,0
COLISÃO COM CICLISTA;FINALIZADA;2024-03-06;05:12:00;IBURA;AV DOIS RIOS;;EM FRENTE A UPAE;COM VÍTIMA;;1.0;0.0;0.0;1.0;0.0;0.0;0.0;0.0;0.0;1.0;;;;;;IBURA;0.0;;594,0;;;;;;;;;;;;;;;298935,0
COLISÃO COM CICLISTA;FINALIZADA;2024-03-07;05:31:00;PINA;RUA MANOEL DE BRITO;;SEMÁFORO 659;COM VÍTIMA;;0.0;0.0;0.0;1.0;0.0;1.0;0.0;0.0;0.0;1.0;;AV REPUBLICA ARABE UNIDA;;;;PINA;0.0;;;;;;;;;;;;;;;;;299023,0
COLISÃO COM CICLISTA;FINALIZADA;2024-03-08;11:39:00;BOA VIAGEM;RUA JORNAL VANGUARDA;1360;EM FRENTE  DO BOM PREÇO AO LADO DA GALERIA CENTRO SUL;COM VÍTIMA;;0.0;0.0;0.0;1.0;0.0;0.0;0.0;1.0;0.0;1.0;;;;;;BOA VIAGEM;0.0;;;;;;;;;;;;;;;;;299106,0
COLISÃO COM CICLISTA;FINALIZADA;2024-03-13;03:15:00;JARDIM SAO PAULO;RUA LEANDRO BARRETO;692;;COM VÍTIMA;;0.0;0.0;0.0;1.0;0.0;1.0;0.0;0.0;0.0;1.0;;;;;;JARDIM SAO PAULO;0.0;;;;;;;;;;;;;;;;;202406633,0
COLISÃO COM CICLISTA;FINALIZADA;2024-03-18;08:44:00;BOA VISTA;AV GOVERNADOR AGAMENON MAGALHAES;;EM FRENTE A CAIXA ECONOMICA;COM VÍTIMA;;1.0;0.0;0.0;1.0;0.0;0.0;0.0;0.0;0.0;1.0;;RUA DR LEOPOLDO LINS;;;;BOA VISTA;0.0;;78,0;;;;;;;;;;;;;;;202407096,0
COLISÃO COM CICLISTA;FINALIZADA;2024-03-20;08:47:00;IPUTINGA;AV CAXANGA;;EM FRENTE AO BANCO ITAU / APOS ESTAÇÃO BRT CAIARA;COM VÍTIMA;;0.0;0.0;0.0;1.0;0.0;1.0;0.0;0.0;0.0;1.0;;;;;;IPUTINGA;0.0;;;CIDADE;;;;;;;;;;;;;;202407287,0
COLISÃO COM CICLISTA;FINALIZADA;2024-03-20;01:21:00;SAO JOSE;RUA VELHA;;AO LADO DA CASA DA CULTURA;COM VÍTIMA;;0.0;1.0;0.0;1.0;0.0;0.0;0.0;0.0;0.0;1.0;;;;;;SAO JOSE;0.0;;;;;;;;;;;;;;;;;202407330,0
COLISÃO;FINALIZADA;2024-03-20;07:29:00;CASA AMARELA;AV NORTE MIGUEL ARRAES DE ALENCAR;7070;EM FRENTE AO DESKONTÃO;COM VÍTIMA;;0.0;0.0;0.0;1.0;0.0;1.0;0.0;0.0;0.0;1.0;;;;;;CASA AMARELA;0.0;;;;;;;;;;;;;;;;;202407367,0
CHOQUE;FINALIZADA;2024-03-21;09:52:00;AGUA FRIA;AV BEBERIBE;2151;E/F DROGASIL - SENTIDO CASA AMARELA;COM VÍTIMA;;1.0;0.0;0.0;1.0;0.0;0.0;0.0;0.0;0.0;1.0;;;;;;AGUA FRIA;0.0;;;CIDADE;;;;;;;;;;;;;;202407468,0
COLISÃO COM CICLISTA;FINALIZADA;2024-03-22;11:58:00;JIQUIA;AV JOAO CABRAL DE MELO NETO;384;ARMAZEM MARANATA;COM VÍTIMA;;0.0;0.0;0.0;2.0;0.0;0.0;0.0;0.0;0.0;2.0;;;;;;JIQUIA;0.0;;;;;;;;;;;;;;;;;202407517,0
COLISÃO COM CICLISTA;FINALIZADA;2024-03-28;06:53:00;JOANA BEZERRA;RUA JOAO PAULO II;;NO INICIO DO VIADUTO / DO LADO DO CABANGA HIATE CLUBE;COM VÍTIMA;;1.0;0.0;0.0;1.0;0.0;0.0;0.0;0.0;0.0;1.0;;;;;;JOANA BEZERRA;0.0;;;CIDADE;;;;;;;;;;;;;;202407956,0
COLISÃO;FINALIZADA;2024-03-30;09:13:00;BOA VIAGEM;RUA GENERAL EDSON AMANCIO RAMALHO;;REF: SOB O SEMÁFORO;COM VÍTIMA;;1.0;0.0;0.0;1.0;0.0;0.0;0.0;0.0;0.0;1.0;;;;;;BOA VIAGEM;0.0;;544,0;;;;;;;;;;;;;;;202408126,0
COLISÃO COM CICLISTA;FINALIZADA;2024-04-02;12:06:00;CORDEIRO;AV CAXANGA;;PROX AO BANCO ITAU / MARABUCO VEÍCULOS;COM VÍTIMA;;0.0;1.0;0.0;1.0;0.0;0.0;0.0;0.0;0.0;1.0;;;;;;CORDEIRO;0.0;;;;;;;;;;;;;;;;;202408305,0
COLISÃO LATERAL;FINALIZADA;2024-04-04;07:42:00;SANTO AMARO;AV CRUZ CABUGA;;;COM VÍTIMA;;1.0;0.0;0.0;1.0;0.0;0.0;0.0;0.0;0.0;1.0;;RUA ARARIPINA;;;;SANTO AMARO;0.0;;;;;;;;;;;;;;;;;202408493,0
COLISÃO;FINALIZADA;2024-04-09;07:39:00;CABANGA;VIADUTO CAPITAO TEMUDO;;SENTIDO BOA VIAGEM;COM VÍTIMA;;1.0;0.0;0.0;1.0;0.0;0.0;0.0;0.0;0.0;1.0;;PTE GOVERNADOR PAULO GUERRA;;;;CABANGA;0.0;;;;;;;;;;;;;;;;;202408982,0
COLISÃO COM CICLISTA;FINALIZADA;2024-04-11;06:53:00;CAXANGA;AV CAXANGA;;LOGO APÓS AO CAXANGA GOLF CLUBE;COM VÍTIMA;;1.0;1.0;0.0;1.0;0.0;0.0;0.0;0.0;0.0;1.0;;;;;;CAXANGA;0.0;;;;;;;;;;;;;;;;;202409248,0
COLISÃO;FINALIZADA;2024-04-14;07:43:00;PINA;PTE GOVERNADOR PAULO GUERRA;;PONTE ESTAIDA;COM VÍTIMA;;2.0;0.0;0.0;1.0;0.0;0.0;0.0;0.0;0.0;1.0;;;;;;PINA;0.0;;;SUBURBIO;;;;;;;;;;;;;;202409435,0
COLISÃO COM CICLISTA;FINALIZADA;2024-04-15;07:20:00;PINA;PTE GOVERNADOR PAULO GUERRA;;PONTE ESTAIADA / ACESSO À VIA MANGUE;COM VÍTIMA;;1.0;0.0;0.0;1.0;0.0;0.0;0.0;0.0;0.0;1.0;;;;;;PINA;0.0;;;;;;;;;;;;;;;;;202409579,0
COLISÃO;FINALIZADA;2024-04-15;08:32:00;TORROES;AV BICENTENARIO DA REVOLUCAO FRANCESA;185;PROX A FARMACIA POUPE MAIS;COM VÍTIMA;;1.0;0.0;0.0;1.0;0.0;0.0;0.0;0.0;0.0;1.0;;;;;;TORROES;0.0;;;;;;;;;;;;;;;;;202409584,0
COLISÃO COM CICLISTA;FINALIZADA;2024-04-24;06:39:00;IPSEP;AV RECIFE;3030;PROX. AO POSTO FEDERAL SENT. BOA VIAGEM;COM VÍTIMA;;2.0;0.0;0.0;1.0;0.0;1.0;0.0;0.0;0.0;1.0;;;;;;IPSEP;0.0;;;;;;;;;;;;;;;;;202410446,0
COLISÃO COM CICLISTA;FINALIZADA;2024-04-30;06:57:00;BOA VIAGEM;AV DOM JOAO VI;;LADO OPOSTO AO SHOPPING RECIFE;COM VÍTIMA;;1.0;0.0;0.0;1.0;0.0;0.0;0.0;0.0;0.0;2.0;;;;;;BOA VIAGEM;0.0;;;;;;;;;;;;;;;;;202411206,0
COLISÃO;FINALIZADA;2024-05-01;07:34:00;SANTO AMARO;AV GOVERNADOR AGAMENON MAGALHAES;;EM FRENTE A ANTIGA FABRICA TACARUNA;COM VÍTIMA;;1.0;0.0;0.0;1.0;0.0;0.0;0.0;0.0;0.0;1.0;;;;;;SANTO AMARO;0.0;;;;;;;;;;;;;;;;;202411249,0
COLISÃO COM CICLISTA;FINALIZADA;2024-05-12;02:15:00;BOA VIAGEM;RUA ANTONIO FALCAO;795;PERTO DA ESTAÇÃO ANTONIO FALCAO , EM FRENTE AO POSTO BR;COM VÍTIMA;;0.0;1.0;0.0;1.0;0.0;0.0;0.0;0.0;0.0;1.0;;;;;;BOA VIAGEM;0.0;;;;;;;;;;;;;;;;;202412353,0
COLISÃO TRANSVERSAL;FINALIZADA;2024-05-13;10:07:00;CORDEIRO;RUA DIANOPOLIS;;RUA DO GOE ( EM FRENTE AO POSTO PETROCAL  / PROX AO MARTELINHO  DE OURO );COM VÍTIMA;;1.0;0.0;0.0;1.0;0.0;0.0;0.0;0.0;0.0;1.0;;;;;;CORDEIRO;0.0;;;;;;;;;;;;;;;;;202412437,0
COLISÃO;FINALIZADA;2024-05-14;07:21:00;SANTO AMARO;RUA DA SAUDADE;;PROX SEMAFORO 308;COM VÍTIMA;;1.0;0.0;0.0;1.0;0.0;0.0;0.0;0.0;0.0;1.0;;RUA JOAO LIRA;;;;SANTO AMARO;0.0;;;;;;;;;;;;;;;;;202412516,0
COLISÃO COM CICLISTA;FINALIZADA;2024-05-16;08:35:00;PARNAMIRIM;RUA SEBASTIAO ALVES;144;A FRENTE A DA ACADEMIA OC GIN;COM VÍTIMA;;1.0;0.0;0.0;1.0;0.0;0.0;0.0;0.0;0.0;1.0;;;;;;PARNAMIRIM;0.0;;;;;;;;;;;;;;;;;202412762,0
COLISÃO COM CICLISTA;FINALIZADA;2024-05-21;12:23:00;JIQUIA;RUA ANTONIO CARNEIRO;266;PROXIMO A ASTROTUR;COM VÍTIMA;;1.0;0.0;0.0;1.0;0.0;0.0;0.0;0.0;0.0;1.0;;;;;;JIQUIA;0.0;;;;;;;;;;;;;;;;;202413295,0
COLISÃO COM CICLISTA;FINALIZADA;2024-05-25;06:36:00;BOMBA DO HEMETERIO;RUA ALTO JOSE BONIFACIO;;FEIRA DA RODINHA;COM VÍTIMA;;0.0;1.0;0.0;1.0;0.0;0.0;0.0;0.0;0.0;1.0;;RUA SAO DOMINGOS SAVIO;;;;BOMBA DO HEMETERIO;0.0;;;;;;;;;;;;;;;;;202413774,0
COLISÃO COM CICLISTA;FINALIZADA;2024-05-25;08:21:00;SAO JOSE;RUA VIDAL DE NEGREIROS;;PRÓXIMO AO TRE;COM VÍTIMA;;0.0;1.0;0.0;1.0;0.0;0.0;0.0;0.0;0.0;1.0;;;;;;SAO JOSE;0.0;;207,0;;;;;;;;;;;;;;;202413779,0
COLISÃO COM CICLISTA;FINALIZADA;2024-05-25;11:51:00;SAN MARTIN;RUA DELMIRO GOUVEIA;;EM FRENTE A CHESF;COM VÍTIMA;;1.0;0.0;0.0;1.0;0.0;0.0;0.0;0.0;0.0;1.0;;;;;;SAN MARTIN;0.0;;;;;;;;;;;;;;;;;202413785,0
COLISÃO LATERAL;FINALIZADA;2024-05-27;07:49:00;PAISSANDU;AV ENGENHEIRO ABDIAS DE CARVALHO;;EM FRENTE AO SPORT CLUB  / SENTIDO AGAMENON;COM VÍTIMA;;1.0;0.0;0.0;1.0;0.0;0.0;0.0;0.0;0.0;1.0;;;;;;PAISSANDU;0.0;;;;;;;;;;;;;;;;;202413894,0
COLISÃO COM CICLISTA;FINALIZADA;2024-05-27;01:09:00;SANTO AMARO;AV DR JAYME DA FONTE;203;PROXIMO A COMPESA E A DAVITA;COM VÍTIMA;;1.0;0.0;0.0;1.0;0.0;0.0;0.0;0.0;0.0;1.0;;;;;;SANTO AMARO;0.0;;;;;;;;;;;;;;;;;202413928,0
COLISÃO COM CICLISTA;FINALIZADA;2024-06-01;04:00:00;VARZEA;AV AFONSO OLINDENSE;692;PRÓXIMO AO NOVO ATACAREJO;COM VÍTIMA;;1.0;0.0;0.0;1.0;1.0;0.0;0.0;0.0;0.0;1.0;;;;;;VARZEA;0.0;;;;;;;;;;;;;;;;;202414490,0
COLISÃO COM CICLISTA;DUPLICIDADE;2024-06-01;04:06:00;VARZEA;AV AFONSO OLINDENSE;;PROXIMO AO NOVO ATACAREJO;COM VÍTIMA;;1.0;0.0;0.0;1.0;0.0;0.0;0.0;0.0;0.0;1.0;;;;;;VARZEA;0.0;;;;;;;;;;;;;;;;;202414491,0
COLISÃO COM CICLISTA;FINALIZADA;2024-06-03;06:51:00;ENGENHO DO MEIO;RUA MANOEL ESTEVAO DA COSTA;254;NA ENTRADA DE ENGENHO DO MEIO, DEPOIS DA ACADEMIA ACTOS;COM VÍTIMA;;1.0;0.0;0.0;2.0;0.0;0.0;0.0;0.0;0.0;1.0;;;;;;ENGENHO DO MEIO;0.0;;;;;;;;;;;;;;;;;202414675,0
COLISÃO TRASEIRA;FINALIZADA;2024-06-08;12:43:00;SANTO AMARO;RUA AURORA;703;EM FRENTE  AO GINASIO PERNAMBUCANO;COM VÍTIMA;;1.0;0.0;0.0;1.0;0.0;0.0;0.0;0.0;0.0;1.0;;;;;;SANTO AMARO;0.0;;;;;;;;;;;;;;;;;202415220,0