tipo;situacao;data;hora;bairro;endereco;numero;complemento;natureza;descricao;auto;moto;ciclom;ciclista;pedestre;onibus;caminhao;viatura;outros;vitimas;natureza_acidente;detalhe_endereco_acidente;endereco_cruzamento;numero_cruzamento;referencia_cruzamento;bairro_cruzamento;vitimasfatais;DATA;num_semaforo;sentido_via;acidente_verificado;tempo_clima;situacao_semaforo;sinalizacao;condicao_via;conservacao_via;ponto_controle;situacao_placa;velocidade_max_via;mao_direcao;divisao_via1;divisao_via2;divisao_via3;Protocolo
COLISÃO;FINALIZADA;2024-06-11;01:07:00;SANTO AMARO;RUA DOS PALMARES;;;COM VÍTIMA;;0.0;1.0;0.0;1.0;0.0;0.0;0.0;0.0;0.0;1.0;;;;;;SANTO AMARO;0.0;;;;;;;;;;;;;;;;;202415524,0
COLISÃO COM CICLISTA;FINALIZADA;2024-06-16;06:34:00;SANTO AMARO;AV NORTE MIGUEL ARRAES DE ALENCAR;1172;CRECHE ESCOLA MUNICIPAL ALCIDES TEIXEIRA;COM VÍTIMA;;0.0;1.0;0.0;1.0;0.0;0.0;0.0;0.0;0.0;1.0;;;;;;SANTO AMARO;0.0;;;;;;;;;;;;;;;;;202416094,0
QUEDA;FINALIZADA;2024-06-16;08:04:00;VASCO DA GAMA;RUA VASCO DA GAMA;716;PROX AO ASSAI;COM VÍTIMA;;0.0;0.0;0.0;1.0;0.0;0.0;0.0;0.0;0.0;1.0;;;;;;VASCO DA GAMA;0.0;;;;;;;;;;;;;;;;;202416100,0
COLISÃO FRONTAL;FINALIZADA;2024-06-20;09:21:00;BOA VISTA;AV VISCONDE DE SUASSUNA;;EM BAIXO DO SEMAFORO 172;COM VÍTIMA;;1.0;0.0;0.0;1.0;0.0;0.0;0.0;0.0;0.0;1.0;;RUA BISPO CARDOSO AYRES;;;;BOA VISTA;0.0;;;;;;;;;;;;;;;;;202416505,0
COLISÃO COM CICLISTA;FINALIZADA;2024-06-20;04:05:00;SAN MARTIN;AV GENERAL SAN MARTIN;910A;PROX AO CORREIOS;COM VÍTIMA;;1.0;0.0;0.0;1.0;0.0;0.0;0.0;0.0;0.0;1.0;;;;;;SAN MARTIN;0.0;;;;;;;;;;;;;;;;;202416551,0
COLISÃO COM CICLISTA;FINALIZADA;2024-06-24;05:39:00;IPSEP;AV RECIFE;;PROXIMO PADARIA VILA DO PÃO;COM VÍTIMA;;0.0;0.0;0.0;1.0;0.0;1.0;0.0;0.0;0.0;1.0;;RUA JEAN EMILE FAVRE;;;;IPSEP;0.0;;;;;;;;;;;;;;;;;202416809,0
COLISÃO;FINALIZADA;2024-06-26;12:00:00;BRASILIA TEIMOSA;RUA FRANCISCO VALPASSOS;216;EM FRENTE A ESCOLA CHEATEAUBRIAND;COM VÍTIMA;;0.0;0.0;0.0;1.0;0.0;0.0;0.0;0.0;0.0;1.0;;;;;;BRASILIA TEIMOSA;0.0;;;;;;;;;;;;;;;;;202417006,0
COLISÃO LATERAL;FINALIZADA;2024-06-27;07:02:00;IBURA;AV RIO LARGO;;EM FRENTE AO MERCADINHO PROABI;COM VÍTIMA;;0.0;0.0;0.0;1.0;0.0;1.0;0.0;0.0;0.0;1.0;;;;;;IBURA;0.0;;;;;;;;;;;;;;;;;202417036,0
COLISÃO COM CICLISTA;FINALIZADA;2024-07-01;08:31:00;IMBIRIBEIRA;VIADUTO TANCREDO NEVES;;SENTIDO AV. RECIFE;COM VÍTIMA;;1.0;0.0;0.0;1.0;0.0;0.0;0.0;0.0;0.0;1.0;;;;;;IMBIRIBEIRA;0.0;;;;;;;;;;;;;;;;;202417487,0
COLISÃO LATERAL;FINALIZADA;2024-07-01;09:30:00;ILHA JOANA BEZERRA;RUA IBIPORA;;EM FRENTE A LOJA JP;SEM VÍTIMA;;1.0;0.0;0.0;1.0;0.0;0.0;0.0;0.0;0.0;0.0;;;;;;ILHA JOANA BEZERRA;0.0;;;SUBURBIO;;;;;;;;;;;;;;202417499,0
COLISÃO FRONTAL;FINALIZADA;2024-07-02;07:54:00;CASA FORTE;AV DEZESSETE DE AGOSTO;;EM FRENTE A CPOR;COM VÍTIMA;;1.0;0.0;0.0;1.0;0.0;0.0;0.0;0.0;0.0;1.0;;;;;;CASA FORTE;0.0;;;;;;;;;;;;;;;;;202417528,0
COLISÃO COM CICLISTA;DUPLICIDADE;2024-07-05;02:46:00;SAO JOSE;RUA DR JOSE MARIANO;;NO FINAL DA PONTE VELHA;COM VÍTIMA;;0.0;0.0;0.0;1.0;0.0;1.0;0.0;0.0;0.0;1.0;;RUA VELHA;;;;SAO JOSE;0.0;;209,0;;;;;;;;;;;;;;;202417837,0
COLISÃO;FINALIZADA;2024-07-06;09:30:00;PINA;PRC GOVERNADOR PAULO GUERRA;;;COM VÍTIMA;;1.0;0.0;1.0;1.0;0.0;0.0;0.0;0.0;0.0;1.0;;;;;;PINA;0.0;;;;;;;;;;;;;;;;;202418001,0
COLISÃO COM CICLISTA;FINALIZADA;2024-07-10;03:23:00;BOA VIAGEM;AV ENGENHEIRO DOMINGOS FERREIRA;4811;AO LADO DO MERCADO DE BOA VIAGEM  E/F AO ARMAZEM CORAL;COM VÍTIMA;;0.0;1.0;0.0;1.0;0.0;0.0;0.0;0.0;0.0;1.0;;;;;;BOA VIAGEM;0.0;;;;;;;;;;;;;;;;;202418373,0
QUEDA;FINALIZADA;2024-07-15;03:17:00;SAO JOSE;AV SUL;1036;;COM VÍTIMA;;0.0;0.0;0.0;1.0;0.0;0.0;0.0;0.0;0.0;1.0;;;;;;SAO JOSE;0.0;;;;;;;;;;;;;;;;;202418873,0
COLISÃO COM CICLISTA;FINALIZADA;2024-07-22;04:34:00;MADALENA;RUA BENFICA;1116;AO  LADO DO BRADESCO PROX AO TUNEL DA ABOLIÇAO;COM VÍTIMA;;0.0;0.0;0.0;1.0;0.0;1.0;0.0;0.0;0.0;1.0;;;;;;MADALENA;0.0;;;;;;;;;;;;;;;;;202419595,0
COLISÃO COM CICLISTA;FINALIZADA;2024-07-29;07:57:00;BOA VIAGEM;AV CONSELHEIRO AGUIAR;;;COM VÍTIMA;;1.0;0.0;0.0;1.0;0.0;0.0;0.0;0.0;0.0;1.0;;RUA FELIX DE BRITO E MELO;;;;BOA VIAGEM;0.0;;;;;;;;;;;;;;;;;202420256,0
COLISÃO COM CICLISTA;FINALIZADA;2024-08-02;01:07:00;JOANA BEZERRA;AV DES GUERRA BARRETO;;E/F AO FORUM RODOLFO AURELIANO  S/T DERBY;COM VÍTIMA;;1.0;0.0;0.0;1.0;0.0;0.0;0.0;0.0;0.0;1.0;;;;;;JOANA BEZERRA;0.0;;;;;;;;;;;;;;;;;202420720,0
COLISÃO COM CICLISTA;FINALIZADA;2024-08-04;04:08:00;MADALENA;RUA JOSE BONIFACIO;205;E/F A GALERIA EXECUTIVE CENTER E A LOJA MEU IPHONE   PROX AO POSTO IPIRANGA;COM VÍTIMA;;1.0;0.0;0.0;1.0;0.0;0.0;0.0;0.0;0.0;1.0;;;;;;MADALENA;0.0;;;;;;;;;;;;;;;;;202420951,0
COLISÃO COM CICLISTA;FINALIZADA;2024-08-06;01:33:00;CAMPO GRANDE;RUA DONA ELVIRA;;PRÓXIMA A QUITANDARIA;COM VÍTIMA;;0.0;1.0;0.0;1.0;0.0;0.0;0.0;0.0;0.0;1.0;;;;;;CAMPO GRANDE;0.0;;;;;;;;;;;;;;;;;202421166,0
COLISÃO COM CICLISTA;FINALIZADA;2024-08-06;01:42:00;SANTANA;RUA SANTANA;;PROXIMO AO PARQUE SANTANA / PROX A ESCOLA NOSSA SENHORA DAS GRAÇAS;COM VÍTIMA;;1.0;0.0;0.0;1.0;0.0;0.0;0.0;0.0;0.0;1.0;;RUA JORGE GOMES DE SA;;;;SANTANA;0.0;;;;;;;;;;;;;;;;;202421172,0
COLISÃO COM CICLISTA;FINALIZADA;2024-08-08;01:34:00;CASA AMARELA;RUA PADRE LEMOS;518;PRÓXIMO AO MERCADO DE CASA AMARELA;COM VÍTIMA;;0.0;0.0;0.0;1.0;0.0;0.0;0.0;0.0;0.0;1.0;;;;;;CASA AMARELA;0.0;;;;;;;;;;;;;;;;;202421424,0
QUEDA;FINALIZADA;2024-08-10;04:02:00;JOANA BEZERRA;VDO PAPA JOAO PAULO II;;;COM VÍTIMA;;0.0;0.0;0.0;1.0;0.0;0.0;0.0;0.0;0.0;1.0;;;;;;JOANA BEZERRA;0.0;;;;;;;;;;;;;;;;;202421660,0
COLISÃO;FINALIZADA;2024-08-18;05:59:00;GRACAS;RUA AMELIA;;PROXIMO A FARMACIA DROGASIL;COM VÍTIMA;;2.0;0.0;0.0;2.0;0.0;0.0;0.0;0.0;0.0;1.0;;;;;;GRACAS;0.0;;;;;;;;;;;;;;;;;202422481,0
COLISÃO;FINALIZADA;2024-08-19;07:59:00;AGUA FRIA;EST VELHA DE AGUA FRIA;571;EM FRENTE PINTE MAIS;COM VÍTIMA;;0.0;1.0;0.0;1.0;0.0;0.0;0.0;0.0;0.0;2.0;;;;;;AGUA FRIA;0.0;;;;;;;;;;;;;;;;;202422518,0
COLISÃO COM CICLISTA;FINALIZADA;2024-08-20;07:25:00;CASA FORTE;AV DEZESSETE DE AGOSTO;;NA FRENTE DO PLASA;COM VÍTIMA;;1.0;0.0;0.0;1.0;0.0;0.0;0.0;0.0;0.0;1.0;;RUA ALFREDO FERNANDES;;;;CASA FORTE;0.0;;345,0;;;;;;;;;;;;;;;202422625,0
COLISÃO COM CICLISTA;FINALIZADA;2024-08-21;06:55:00;SANTO AMARO;RUA PALMARES;;E/F AO INSS;COM VÍTIMA;;1.0;0.0;0.0;1.0;0.0;0.0;0.0;0.0;0.0;1.0;;;;;;SANTO AMARO;0.0;;;;;;;;;;;;;;;;;202422697,0
COLISÃO COM CICLISTA;FINALIZADA;2024-08-23;10:43:00;AFLITOS;RUA TELES JUNIOR;366;NA ESQUINA DO RESTAURANTE DA OCA;COM VÍTIMA;;1.0;0.0;0.0;1.0;0.0;0.0;0.0;0.0;0.0;1.0;;;;;;AFLITOS;0.0;;;;;;;;;;;;;;;;;202422875,0
COLISÃO COM CICLISTA;FINALIZADA;2024-08-26;11:38:00;AFOGADOS;RUA SAO MIGUEL;;EM FRENTE AO DEPATRI;COM VÍTIMA;;1.0;0.0;0.0;1.0;0.0;0.0;0.0;0.0;0.0;1.0;;;;;;AFOGADOS;0.0;;;;;;;;;;;;;;;;;202423295,0
COLISÃO COM CICLISTA;FINALIZADA;2024-08-27;05:35:00;SANTO AMARO;RUA GENERAL JOSE SEMEAO;;LOGO APOS A FACULDADE CATOLICA;COM VÍTIMA;;1.0;0.0;0.0;1.0;0.0;0.0;0.0;0.0;0.0;1.0;;;;;;SANTO AMARO;0.0;;;;;;;;;;;;;;;;;202423403,0
COLISÃO COM CICLISTA;FINALIZADA;2024-08-30;03:12:00;SAN MARTIN;AV ENGENHEIRO ABDIAS DE CARVALHO;;E/F AO NOVO ATACAREJO;COM VÍTIMA;;0.0;1.0;0.0;1.0;0.0;0.0;0.0;0.0;0.0;1.0;;AV GENERAL SAN MARTIN;;;;SAN MARTIN;0.0;;;;;;;;;;;;;;;;;202423787,0
COLISÃO COM CICLISTA;FINALIZADA;2024-09-01;11:07:00;IMBIRIBEIRA;AV MARECHAL MASCARENHAS DE MORAES;298;PONTE MOTOCOLOMBO SENTIDO AEROPORTO,  EM FRENTE A POSITIVO SEGUE;COM VÍTIMA;;1.0;0.0;0.0;1.0;0.0;0.0;0.0;0.0;0.0;1.0;;;;;;IMBIRIBEIRA;0.0;;;;;;;;;;;;;;;;;202424017,0
COLISÃO COM CICLISTA;FINALIZADA;2024-09-03;05:26:00;PRADO;RUA CARLOS GOMES;365;PROXIMO AO JOCKEY CLUBE;COM VÍTIMA;;1.0;0.0;0.0;1.0;0.0;0.0;0.0;0.0;0.0;1.0;;;;;;PRADO;0.0;;;;;;;;;;;;;;;;;202424282,0
COLISÃO;FINALIZADA;2024-09-04;07:01:00;TAMARINEIRA;AV NORTE MIGUEL ARRAES DE ALENCAR;;PROXIMO AO RESTAURANTE PICANHA DO INDIO;COM VÍTIMA;;1.0;0.0;0.0;1.0;0.0;0.0;0.0;0.0;0.0;1.0;;RUA CONEGO BARATA;;;;TAMARINEIRA;0.0;;;SUBURBIO;;;;;;;;;;;;;;202424410,0
COLISÃO LATERAL;FINALIZADA;2024-09-08;10:41:00;MORRO DA CONCEICAO;AV NORTE MIGUEL ARRAES DE ALENCAR;;EM FRENTE AO ANTIGO NUCLEO DA PREFEITURA  /// EM FRENTE A MADEIRA POLIDA;COM VÍTIMA;;0.0;0.0;0.0;1.0;0.0;1.0;0.0;0.0;0.0;1.0;;;;;;MORRO DA CONCEICAO;0.0;;;;;;;;;;;;;;;;;202424811,0
COLISÃO LATERAL;FINALIZADA;2024-09-13;07:15:00;SAO JOSE;RUA DO PEIXOTO;;PROX. A ANTIGA FEIRA DO TROCA (  AV. DANTAS BARRETO );COM VÍTIMA;;0.0;0.0;0.0;1.0;0.0;1.0;0.0;0.0;0.0;1.0;;;;;;SAO JOSE;0.0;;181,0;;;;;;;;;;;;;;;202425335,0
COLISÃO COM CICLISTA;FINALIZADA;2024-09-16;07:41:00;PARNAMIRIM;RUA JOAO TUDE DE MELO;;EM FRENTE AO GUAIAMUM GIGANTE, E SHOPPING PLAZA;VÍTIMA FATAL;;0.0;0.0;0.0;1.0;0.0;1.0;0.0;0.0;0.0;0.0;;;;;;PARNAMIRIM;1.0;;;;;;;;;;;;;;;;;202425662,0
COLISÃO COM CICLISTA;FINALIZADA;2024-09-16;08:25:00;BEBERIBE;PRC DA CONVENCAO;;NA PRAÇA;VÍTIMA FATAL;;0.0;0.0;0.0;1.0;0.0;1.0;0.0;0.0;0.0;1.0;;AV BEBERIBE;;;;BEBERIBE;1.0;;;;;;;;;;;;;;;;;202425668,0
COLISÃO COM CICLISTA;FINALIZADA;2024-09-16;09:53:00;ARRUDA;RUA JERONIMO VILELA;803;NO INICIO DA JERONIMO VILELA;COM VÍTIMA;;1.0;0.0;0.0;1.0;0.0;0.0;0.0;0.0;0.0;1.0;;AV PROFESSOR JOSE DOS ANJOS;;;;ARRUDA;0.0;;462,0;;;;;;;;;;;;;;;202425675,0
COLISÃO COM CICLISTA;FINALIZADA;2024-09-18;07:09:00;APIPUCOS;RUA DE APIPUCOS;;EM FRENTE AO HOTEL SENZALA;COM VÍTIMA;;0.0;0.0;0.0;1.0;0.0;1.0;0.0;0.0;0.0;1.0;;;;;;APIPUCOS;0.0;;;;;;;;;;;;;;;;;202425892,0
COLISÃO COM CICLISTA;FINALIZADA;2024-09-18;09:18:00;BOA VISTA;AV JOAO DE BARROS;;EMPRESARIAL BURLE MARX;COM VÍTIMA;;1.0;0.0;0.0;1.0;0.0;0.0;0.0;0.0;0.0;1.0;;;;;;BOA VISTA;0.0;;406,0;;;;;;;;;;;;;;;202425916,0
COLISÃO;FINALIZADA;2024-09-18;12:12:00;PINA;AV ANTONIO DE GOES;;AO LADO DA PRF E EMPRESARIAL JOÃO PINTO;COM VÍTIMA;;0.0;1.0;0.0;1.0;0.0;0.0;0.0;0.0;0.0;2.0;;;;;;PINA;0.0;;;;;;;;;;;;;;;;;202425938,0
COLISÃO COM CICLISTA;FINALIZADA;2024-09-19;11:38:00;IMBIRIBEIRA;RUA DR VALDIR PESSOA;;ESTAÇÃO IMBIRIBEIRA (METRO);COM VÍTIMA;;1.0;0.0;0.0;1.0;0.0;0.0;0.0;0.0;0.0;1.0;;;;;;IMBIRIBEIRA;0.0;;;;;;;;;;;;;;;;;202426069,0
COLISÃO;FINALIZADA;2024-09-22;01:52:00;AFOGADOS;RUA DA PAZ;125;PRÓXIMO AO SEMÁFORO;SEM VÍTIMA;;1.0;0.0;0.0;1.0;0.0;0.0;0.0;0.0;0.0;0.0;;;;;;AFOGADOS;0.0;;73,0;SUBURBIO;;;;;;;;;;;;;;202426401,0
COLISÃO COM CICLISTA;FINALIZADA;2024-09-24;03:01:00;MADALENA;AV BEIRA RIO;591;E/F AO SOBRADO CAPÍBARIBE PROX A PONTE DA CAPUNGA;COM VÍTIMA;;1.0;1.0;0.0;1.0;0.0;0.0;0.0;0.0;0.0;1.0;;;;;;MADALENA;0.0;;;;;;;;;;;;;;;;;202426623,0
COLISÃO COM CICLISTA;FINALIZADA;2024-09-29;07:02:00;SANTO AMARO;AV GOVERNADOR AGAMENON MAGALHAES;;PRÓXIMNO AO CAMPO DO 11;COM VÍTIMA;;1.0;0.0;0.0;1.0;0.0;0.0;0.0;0.0;0.0;1.0;;AV DR JAYME DA FONTE;;;;SANTO AMARO;0.0;;;;;;;;;;;;;;;;;202427229,0
COLISÃO COM CICLISTA;CANCELADA;2024-10-05;06:07:00;CASA AMARELA;AV NORTE MIGUEL ARRAES DE ALENCAR;4807;PX FARMACIA PAGUE MENOS;COM VÍTIMA;;0.0;1.0;0.0;1.0;0.0;0.0;0.0;0.0;0.0;1.0;;;;;;CASA AMARELA;0.0;;;;;;;;;;;;;;;;;202427874,0
COLISÃO COM CICLISTA;FINALIZADA;2024-10-07;06:15:00;CASA FORTE;AV DEZESSETE DE AGOSTO;;AO LADO DO POSTO DISLUB;COM VÍTIMA;;1.0;0.0;0.0;1.0;0.0;0.0;0.0;0.0;0.0;1.0;;;;;;CASA FORTE;0.0;;;;;;;;;;;;;;;;;202428056,0
COLISÃO;FINALIZADA;2024-10-08;07:19:00;PARNAMIRIM;EST DO ENCANAMENTO;277;EM FRENTE A ESCOLA ESTADUAL JOSE VILELA;COM VÍTIMA;;0.0;0.0;0.0;1.0;0.0;1.0;0.0;0.0;0.0;1.0;;RUA FERREIRA LOPES;;;;PARNAMIRIM;0.0;;;;;;;;;;;;;;;;;202428093,0
COLISÃO COM CICLISTA;FINALIZADA;2024-10-08;04:44:00;AGUA FRIA;AV BEBERIBE;2329;E/F A COXINHA DE BATATA ARTESANAL;COM VÍTIMA;;1.0;0.0;0.0;1.0;0.0;0.0;0.0;0.0;0.0;1.0;;;;;;AGUA FRIA;0.0;;;;;;;;;;;;;;;;;202428178,0
COLISÃO COM CICLISTA;FINALIZADA;2024-10-08;05:08:00;CAXANGA;AV CAXANGA;;E/F AO TERMINAL ENTREGADO DA CAXANGA  PROX A UPA DA CAXANGA  S/T CAMARAGIBE;COM VÍTIMA;;0.0;0.0;0.0;1.0;0.0;0.0;0.0;0.0;0.0;1.0;;;;;;CAXANGA;0.0;;;;;;;;;;;;;;;;;202428186,0
COLISÃO LATERAL;FINALIZADA;2024-10-09;08:22:00;AREIAS;RUA SAO MIGUEL;1719;EM FRENTE AO CHARQUE NA BRASA / ATACAREJO SHOPPING;VÍTIMA FATAL;;0.0;0.0;0.0;1.0;0.0;0.0;0.0;0.0;0.0;1.0;;;;;;AREIAS;1.0;;;;;;;;;;;;;;;;;202428230,0
COLISÃO COM CICLISTA;FINALIZADA;2024-10-09;06:25:00;SAN MARTIN;AV GENERAL SAN MARTIN;;HOSPITAL GETULIO VARGAS;COM VÍTIMA;;0.0;1.0;0.0;1.0;0.0;0.0;0.0;0.0;0.0;1.0;;;;;;SAN MARTIN;0.0;;;;;;;;;;;;;;;;;202428268,0
COLISÃO COM CICLISTA;FINALIZADA;2024-10-09;06:30:00;GRACAS;AV CONS ROSA E SILVA;707;PROX A LOJA QUARTO CRESCENTE;COM VÍTIMA;;1.0;0.0;0.0;1.0;0.0;0.0;0.0;0.0;0.0;1.0;;RUA AMELIA;;;;GRACAS;0.0;;;;;;;;;;;;;;;;;202428270,0
COLISÃO COM CICLISTA;CANCELADA;2024-10-11;08:29:00;DOIS IRMAOS;RUA DOIS IRMAOS;;APOS O LAFEPE SENT. CAMARAGIBE;COM VÍTIMA;;0.0;0.0;0.0;1.0;0.0;1.0;0.0;0.0;0.0;1.0;;;;;;DOIS IRMAOS;0.0;;;;;;;;;;;;;;;;;202428422,0
COLISÃO;FINALIZADA;2024-10-17;12:27:00;MACAXEIRA;AV NORTE MIGUEL ARRAES DE ALENCAR;7163;EM FRENTE A ESCOLA  NADIR COLAÇO ( E.M.T.I. );COM VÍTIMA;;0.0;1.0;0.0;1.0;0.0;0.0;0.0;0.0;0.0;2.0;;;;;;MACAXEIRA;0.0;;;;;;;;;;;;;;;;;202428937,0
COLISÃO;FINALIZADA;2024-10-24;07:16:00;AFOGADOS;LARGO DA PAZ;;EM FRENTE AO BANCO ITAÚ;COM VÍTIMA;;1.0;0.0;0.0;1.0;0.0;0.0;0.0;0.0;0.0;1.0;;;;;;AFOGADOS;0.0;;;;;;;;;;;;;;;;;202429595,0
COLISÃO COM CICLISTA;FINALIZADA;2024-10-29;09:01:00;DOIS IRMAOS;RUA MANUEL DE MEDEIROS;;EM FRENTE AO BAR DA CURVA;COM VÍTIMA;;0.0;0.0;0.0;1.0;0.0;1.0;0.0;0.0;0.0;1.0;;;;;;DOIS IRMAOS;0.0;;;;;;;;;;;;;;;;;202429965,0
COLISÃO COM CICLISTA;FINALIZADA;2024-10-29;02:57:00;SANTO ANTONIO;PRC DA REPUBLICA;;ATRAS DO TEATRO PRINCESA ISABEL;COM VÍTIMA;;1.0;0.0;0.0;1.0;0.0;0.0;0.0;0.0;0.0;1.0;;RUA DO SOL;;;;SANTO ANTONIO;0.0;;;;;;;;;;;;;;;;;202430011,0
COLISÃO COM CICLISTA;FINALIZADA;2024-11-03;06:00:00;SANTO AMARO;RUA CAPITAO LIMA;;E/F AIGREJA INTERNACIONAL DA GRAÇA DE  DEUS;COM VÍTIMA;;1.0;0.0;0.0;1.0;0.0;0.0;0.0;0.0;0.0;1.0;;;;;;SANTO AMARO;0.0;;;;;;;;;;;;;;;;;202430501,0
COLISÃO COM CICLISTA;CANCELADA;2024-11-03;10:00:00;IPUTINGA;EST DO BARBALHO;1038;SEDE DO DETRAN;COM VÍTIMA;;1.0;0.0;0.0;1.0;0.0;0.0;0.0;0.0;0.0;1.0;;;;;;IPUTINGA;0.0;;;;;;;;;;;;;;;;;202430511,0
COLISÃO COM CICLISTA;FINALIZADA;2024-11-04;09:12:00;PINA;RUA BARAO DE SANTO ANGELO;55;;COM VÍTIMA;;1.0;0.0;0.0;1.0;0.0;0.0;0.0;0.0;0.0;1.0;;;;;;PINA;0.0;;;;;;;;;;;;;;;;;202430600,0
COLISÃO COM CICLISTA;FINALIZADA;2024-11-07;08:13:00;IPSEP;AV RECIFE;1500;EM FRENTE A SPLASH PISCINAS, SENT. BOA VIAGEM;COM VÍTIMA;;1.0;1.0;0.0;1.0;0.0;0.0;0.0;0.0;0.0;1.0;;;;;;IPSEP;0.0;;;;;;;;;;;;;;;;;202430827,0
COLISÃO COM CICLISTA;CANCELADA;2024-11-09;10:35:00;SANTO ANTONIO;RUA IMPERADOR PEDRO SEGUNDO;;EM FRENTE AO BANCO ITAÚ;COM VÍTIMA;;1.0;0.0;0.0;1.0;0.0;0.0;0.0;0.0;0.0;1.0;;RUA PRIMEIRO DE MARCO;;;;SANTO ANTONIO;0.0;;;;;;;;;;;;;;;;;202431095,0
COLISÃO COM CICLISTA;FINALIZADA;2024-11-15;11:41:00;BOA VISTA;RUA DA AURORA;;EM FRENTE AO CINEMA SAO LUIZ;COM VÍTIMA;;0.0;0.0;0.0;1.0;0.0;0.0;0.0;1.0;0.0;1.0;;AV CONDE DA BOA VISTA;;;;BOA VISTA;0.0;;;;;;;;;;;;;;;;;202431511,0
COLISÃO COM CICLISTA;FINALIZADA;2024-11-18;07:32:00;AFOGADOS;TRV SAO MIGUEL;;EM FRENTE A CORAL;COM VÍTIMA;;1.0;0.0;0.0;1.0;0.0;0.0;0.0;0.0;0.0;1.0;;;;;;AFOGADOS;0.0;;;;;;;;;;;;;;;;;202431690,0
COLISÃO COM CICLISTA;FINALIZADA;2024-11-18;07:37:00;CAMPO GRANDE;AV PROFESSOR JOSE DOS ANJOS;47;EM FRENTE A PEROLA MOVEIS E ALEX BEBIDAS;COM VÍTIMA;;0.0;1.0;0.0;1.0;0.0;0.0;0.0;0.0;0.0;2.0;;;;;;CAMPO GRANDE;0.0;;;;;;;;;;;;;;;;;202431691,0
COLISÃO COM CICLISTA;FINALIZADA;2024-11-22;12:09:00;BOA VISTA;RUA DO HOSPICIO;384;PROX. A FACULDADE DE DIREITO // PROX AO QUARTEL DO EXERCITO;COM VÍTIMA;;1.0;0.0;0.0;1.0;0.0;0.0;0.0;0.0;0.0;1.0;;;;;;BOA VISTA;0.0;;;;;;;;;;;;;;;;;202432088,0
COLISÃO COM CICLISTA;FINALIZADA;2024-11-26;07:28:00;CAMPO GRANDE;RUA FRANKLIN TAVORA;800;PROX. AO COLEGIO MARIO MELO;COM VÍTIMA;;0.0;1.0;0.0;1.0;0.0;0.0;0.0;0.0;0.0;2.0;;;;;;CAMPO GRANDE;0.0;;;;;;;;;;;;;;;;;202432427,0
COLISÃO COM CICLISTA;FINALIZADA;2024-11-26;05:51:00;CORDEIRO;AV MAURICIO DE NASSAU;1289;EM FRENTE A DELEGACIA DO GOE E PROXIMO AO DHPP;COM VÍTIMA;;0.0;1.0;0.0;1.0;0.0;0.0;0.0;0.0;0.0;1.0;;;;;;CORDEIRO;0.0;;;;;;;;;;;;;;;;;202432501,0
COLISÃO COM CICLISTA;FINALIZADA;2024-11-29;07:56:00;ARRUDA;RUA PETRONILA BOTELHO;;POR TRAS DO ESTADIO DO ARRUDA;VÍTIMA FATAL;;0.0;0.0;0.0;1.0;0.0;0.0;1.0;0.0;0.0;0.0;;AV PROFESSOR JOSE DOS ANJOS;;;;ARRUDA;1.0;;;;;;;;;;;;;;;;;202432770,0
COLISÃO;FINALIZADA;2024-12-01;12:46:00;PARNAMIRIM;RUA TITO ROSAS;;EM FRENTE AO MAC DONALDS, APÓS O PLAZA SHOPPING;COM VÍTIMA;;1.0;0.0;0.0;1.0;0.0;0.0;0.0;0.0;0.0;1.0;;;;;;PARNAMIRIM;0.0;;;;;;;;;;;;;;;;;202432943,0
COLISÃO COM CICLISTA;FINALIZADA;2024-12-01;04:47:00;IMBIRIBEIRA;AV MARECHAL MASCARENHAS DE MORAES;;ENTRE A TOYOTA  E A  AUTO NUNES  S/T  SUB;COM VÍTIMA;;1.0;0.0;0.0;1.0;0.0;0.0;0.0;0.0;0.0;1.0;;;;;;IMBIRIBEIRA;0.0;;;;;;;;;;;;;;;;;202432991,0
COLISÃO;FINALIZADA;2024-12-02;07:21:00;MADALENA;RUA BENFICA;650;;COM VÍTIMA;;0.0;1.0;0.0;1.0;0.0;0.0;0.0;0.0;0.0;1.0;;;;;;MADALENA;0.0;;;;;;;;;;;;;;;;;202433122,0
COLISÃO COM CICLISTA;FINALIZADA;2024-12-03;06:26:00;IPUTINGA;RUA REZENDE;;EM FRENTE AO ARMAZEM  ESQUINA DA CONSTRUÇÃO, NA AV NOVA QUE DA ACESSO AO CORDEIRO;COM VÍTIMA;;2.0;0.0;0.0;1.0;0.0;0.0;0.0;0.0;0.0;1.0;;RUA MIGUEL LEAO;;;;IPUTINGA;0.0;;;;;;;;;;;;;;;;;202433148,0
COLISÃO;DUPLICIDADE;2024-12-17;07:35:00;SANTO AMARO;AV GOVERNADOR AGAMENON MAGALHAES;;PRÓXIMO ALÇA DO VIADUTO JOÃO DE BARROS;COM VÍTIMA;;1.0;0.0;0.0;1.0;0.0;0.0;0.0;0.0;0.0;1.0;;;;;;SANTO AMARO;0.0;;;;;;;;;;;;;;;;;202434768,0
COLISÃO COM CICLISTA;FINALIZADA;2024-12-18;12:16:00;AREIAS;AV DR JOSE RUFINO;3014;PACIENTE NA CRECHE ESCOLA TANCREDO NEVES;COM VÍTIMA;;1.0;0.0;0.0;1.0;0.0;0.0;0.0;0.0;0.0;1.0;;;;;;AREIAS;0.0;;;;;;;;;;;;;;;;;202434832,0
COLISÃO LATERAL;FINALIZADA;2024-12-20;08:19:00;ROSARINHO;RUA TREZE DE JUNHO;12;PROX AO POSTO BR DA AV. NORTE, PRÓX AO EMPORIO PONTO VERDE;COM VÍTIMA;;1.0;0.0;0.0;1.0;0.0;0.0;0.0;0.0;0.0;1.0;;;;;;ROSARINHO;0.0;;;;;;;;;;;;;;;;;202435047,0
COLISÃO;FINALIZADA;2024-12-25;08:04:00;BOA VIAGEM;AV ENGENHEIRO DOMINGOS FERREIRA;;EM FRENTE AO CLINICAL CENTER;COM VÍTIMA;;1.0;0.0;0.0;1.0;0.0;0.0;0.0;0.0;0.0;1.0;;;;;;BOA VIAGEM;0.0;;;;;;;;;;;;;;;;;202435558,0
COLISÃO LATERAL;FINALIZADA;2025-12-29;09:29:00;IMBIRIBEIRA;AV MARECHAL MASCARENHAS DE MORAES;;EM FRENTE A FERREIRA COSTA , SENTIDO CIDADE;COM VÍTIMA;;1.0;0.0;0.0;1.0;0.0;0.0;0.0;0.0;0.0;1.0;;;;;;IMBIRIBEIRA;0.0;;;;;;;;;;;;;;;;;202435855,0